job_id,titre,secteur,localisation,type_contrat,groupe_contrat,entreprise,type_entreprise,poste,date_publication,description,profil,competences,localisation_norm,text_profile
JOB250002292,Chef de salle,Hôtellerie - Restauration,BRAZZAVILLE,CDD,Emploi Temporaire,242 Tacos Street,,1.0,2025-09-23 00:00:00,,,,brazzaville,Chef de salle Hôtellerie - Restauration
JOB250002293,Agent Polyvalent,Hôtellerie - Restauration,BRAZZAVILLE,CDD,Emploi Temporaire,242 Tacos Street,,1.0,2025-09-23 00:00:00,,,,brazzaville,Agent Polyvalent Hôtellerie - Restauration
JOB250002294,Cuisinier,Hôtellerie - Restauration,BRAZZAVILLE,CDD,Emploi Temporaire,242 Tacos Street,,1.0,2025-09-23 00:00:00,,,,brazzaville,Cuisinier Hôtellerie - Restauration
JOB250002295,Manager,Hôtellerie - Restauration,BRAZZAVILLE,CDD,Emploi Temporaire,242 Tacos Street,,1.0,2025-09-23 00:00:00,,,,brazzaville,Manager Hôtellerie - Restauration
JOB250002297,CAISSIER,Hôtellerie - Restauration,BRAZZAVILLE,CDD,Emploi Temporaire,242 Tacos Street,,1.0,2025-09-23 00:00:00,,,,brazzaville,CAISSIER Hôtellerie - Restauration
JOB250002644,Responsable d'exploitation,"Pétrole, Gaz & Hydrocarbures",BRAZZAVILLE,CDD,Emploi Temporaire,3C Logistique,,1.0,2025-11-12 00:00:00,,,,brazzaville,"Responsable d'exploitation Pétrole, Gaz & Hydrocarbures"
JOB250002645,Chauffeur Semi-Remorque,"Transport, Logistique & Supply Chain",BRAZZAVILLE,CDD,Emploi Temporaire,3C Logistique,,1.0,2025-11-12 00:00:00,,,,brazzaville,"Chauffeur Semi-Remorque Transport, Logistique & Supply Chain"
JOB250002742,Comptable senior,"Finance, Banque, Assurance, Comptabilité & Fiscalité",BRAZZAVILLE,CDD,Emploi Temporaire,3C Logistique,,1.0,2025-11-26 00:00:00,,,,brazzaville,"Comptable senior Finance, Banque, Assurance, Comptabilité & Fiscalité"
JOB250002743,Comptable senior,"Finance, Banque, Assurance, Comptabilité & Fiscalité",BRAZZAVILLE,CDD,Emploi Temporaire,3C Logistique,,1.0,2025-11-27 00:00:00,,,,brazzaville,"Comptable senior Finance, Banque, Assurance, Comptabilité & Fiscalité"
JOB250002438,secrétaire bureautique,"Conseil, Stratégie & Gestion des Ressources Humaines",BRAZZAVILLE,CDD,Emploi Temporaire,ADIE SOLUTIONS,,1.0,2025-10-16 00:00:00,,,,brazzaville,"secrétaire bureautique Conseil, Stratégie & Gestion des Ressources Humaines"
JOB250002440,Gestionnaire,"Commerce, Vente, Marketing & Distribution",BRAZZAVILLE,CDD,Emploi Temporaire,ADIE SOLUTIONS,,1.0,2025-10-16 00:00:00,,,,brazzaville,"Gestionnaire Commerce, Vente, Marketing & Distribution"
JOB250002528,CAISSIER,"Commerce, Vente, Marketing & Distribution",BRAZZAVILLE,CDD,Emploi Temporaire,ADIE SOLUTIONS,,1.0,2025-10-28 00:00:00,,,,brazzaville,"CAISSIER Commerce, Vente, Marketing & Distribution"
JOB250002531,Gestionnaire,"Commerce, Vente, Marketing & Distribution",BRAZZAVILLE,CDD,Emploi Temporaire,ADIE SOLUTIONS,,1.0,2025-10-28 00:00:00,,,,brazzaville,"Gestionnaire Commerce, Vente, Marketing & Distribution"
JOB250002532,secrétaire bureautique,"Conseil, Stratégie & Gestion des Ressources Humaines",BRAZZAVILLE,CDD,Emploi Temporaire,ADIE SOLUTIONS,,1.0,2025-10-28 00:00:00,,,,brazzaville,"secrétaire bureautique Conseil, Stratégie & Gestion des Ressources Humaines"
JOB250002533,Gestionnaire de stocks,"Commerce, Vente, Marketing & Distribution",BRAZZAVILLE,CDD,Emploi Temporaire,ADIE SOLUTIONS,,1.0,2025-10-28 00:00:00,,,,brazzaville,"Gestionnaire de stocks Commerce, Vente, Marketing & Distribution"
JOB250001768,Agent Exploitation Escale,"Transport, Logistique & Supply Chain",BRAZZAVILLE,CDD,Emploi Temporaire,AERCO (Aéroports du Congo),,1.0,2025-07-24 00:00:00,,,,brazzaville,"Agent Exploitation Escale Transport, Logistique & Supply Chain"
JOB250001769,Agent Exploitation Aérogare,"Transport, Logistique & Supply Chain",BRAZZAVILLE,CDD,Emploi Temporaire,AERCO (Aéroports du Congo),,1.0,2025-07-24 00:00:00,,,,brazzaville,"Agent Exploitation Aérogare Transport, Logistique & Supply Chain"
JOB250000969,coordinateur des operations logistiques,"Transport, Logistique & Supply Chain",POINTE-NOIRE,CDD,Emploi Temporaire,AFRICA GLOBAL LOGISTICS CONGO (AGL),,1.0,2025-04-23 00:00:00,,,,pointe-noire,"coordinateur des operations logistiques Transport, Logistique & Supply Chain"
JOB250001179,CAISSIER,"Transport, Logistique & Supply Chain",POINTE-NOIRE,CDD,Emploi Temporaire,AFRICA GLOBAL LOGISTICS CONGO (AGL),,1.0,2025-05-20 00:00:00,,,,pointe-noire,"CAISSIER Transport, Logistique & Supply Chain"
JOB250001212,RESPONSABLE D'ENTREPOT,"Transport, Logistique & Supply Chain",POINTE-NOIRE,CDD,Emploi Temporaire,AFRICA GLOBAL LOGISTICS CONGO (AGL),,1.0,2025-05-22 00:00:00,,,,pointe-noire,"RESPONSABLE D'ENTREPOT Transport, Logistique & Supply Chain"
JOB250001213,GESTIONNAIRE DE STOCK,"Transport, Logistique & Supply Chain",POINTE-NOIRE,CDD,Emploi Temporaire,AFRICA GLOBAL LOGISTICS CONGO (AGL),,1.0,2025-05-22 00:00:00,,,,pointe-noire,"GESTIONNAIRE DE STOCK Transport, Logistique & Supply Chain"
JOB250001328,Responsable Audit Interne,"Transport, Logistique & Supply Chain",POINTE-NOIRE,CDI,Emploi Durable,AFRICA GLOBAL LOGISTICS CONGO (AGL),,1.0,2025-06-05 00:00:00,,,,pointe-noire,"Responsable Audit Interne Transport, Logistique & Supply Chain"
JOB250001622,Chef magasinier,"Industrie, Production & Maintenance",POINTE-NOIRE,CDD,Emploi Temporaire,AFRICA GLOBAL LOGISTICS CONGO (AGL),,1.0,2025-07-04 00:00:00,,,,pointe-noire,"Chef magasinier Industrie, Production & Maintenance"
JOB250001650,Administrateur Réseaux-Téléccom & Controle Accès,"Informatique, Data, Télécommunications & Digital",POINTE-NOIRE,CDD,Emploi Temporaire,AFRICA GLOBAL LOGISTICS CONGO (AGL),,1.0,2025-07-08 00:00:00,,,,pointe-noire,"Administrateur Réseaux-Téléccom & Controle Accès Informatique, Data, Télécommunications & Digital"
JOB250001856,OPERATEUR DOSSIER (FOP),"Transport, Logistique & Supply Chain",POINTE-NOIRE,CDI,Emploi Durable,AFRICA GLOBAL LOGISTICS CONGO (AGL),,1.0,2025-08-04 00:00:00,,,,pointe-noire,"OPERATEUR DOSSIER (FOP) Transport, Logistique & Supply Chain"
JOB250001857,AGENTS DE RECOUVREMENT,"Finance, Banque, Assurance, Comptabilité & Fiscalité",POINTE-NOIRE,CDI,Emploi Durable,AFRICA GLOBAL LOGISTICS CONGO (AGL),,2.0,2025-08-04 00:00:00,,,,pointe-noire,"AGENTS DE RECOUVREMENT Finance, Banque, Assurance, Comptabilité & Fiscalité"
JOB250002348,Coordinateur des Opérations,"Transport, Logistique & Supply Chain",POINTE-NOIRE,CDD,Emploi Temporaire,AFRICA GLOBAL LOGISTICS CONGO (AGL),,1.0,2025-10-03 00:00:00,,,,pointe-noire,"Coordinateur des Opérations Transport, Logistique & Supply Chain"
JOB250002366,Assistant Qualité,"Assurance Qualité, Contrôle, Testing (QHSE)",POINTE-NOIRE,CDD,Emploi Temporaire,AFRICA GLOBAL LOGISTICS CONGO (AGL),,1.0,2025-10-07 00:00:00,,,,pointe-noire,"Assistant Qualité Assurance Qualité, Contrôle, Testing (QHSE)"
JOB250002561,Superviseur des Opérations Logistiques,"Commerce, Vente, Marketing & Distribution",POINTE-NOIRE,CDD,Emploi Temporaire,AFRICA GLOBAL LOGISTICS CONGO (AGL),,1.0,2025-11-04 00:00:00,,,,pointe-noire,"Superviseur des Opérations Logistiques Commerce, Vente, Marketing & Distribution"
JOB250002847,Fiscaliste,"Finance, Banque, Assurance, Comptabilité & Fiscalité",POINTE-NOIRE,CDI,Emploi Durable,AFRICA GLOBAL LOGISTICS CONGO (AGL),,1.0,2025-12-19 00:00:00,,,,pointe-noire,"Fiscaliste Finance, Banque, Assurance, Comptabilité & Fiscalité"
JOB250002848,Responsable Administratif et Financier Shipping,"Conseil, Stratégie & Gestion des Ressources Humaines",POINTE-NOIRE,CDI,Emploi Durable,AFRICA GLOBAL LOGISTICS CONGO (AGL),,1.0,2025-12-19 00:00:00,,,,pointe-noire,"Responsable Administratif et Financier Shipping Conseil, Stratégie & Gestion des Ressources Humaines"
JOB250002849,Controleur de Gestion,"Finance, Banque, Assurance, Comptabilité & Fiscalité",POINTE-NOIRE,CDI,Emploi Durable,AFRICA GLOBAL LOGISTICS CONGO (AGL),,1.0,2025-12-19 00:00:00,,,,pointe-noire,"Controleur de Gestion Finance, Banque, Assurance, Comptabilité & Fiscalité"
JOB250002852,Responsable Développement RH,"Conseil, Stratégie & Gestion des Ressources Humaines",POINTE-NOIRE,CDI,Emploi Durable,AFRICA GLOBAL LOGISTICS CONGO (AGL),,1.0,2025-12-19 00:00:00,,,,pointe-noire,"Responsable Développement RH Conseil, Stratégie & Gestion des Ressources Humaines"
NONREF000399,Responsable Qualité,"Transport, Logistique & Supply Chain",POINTE-NOIRE,CDD,Emploi Temporaire,AFRICA GLOBAL LOGISTICS CONGO (AGL),,1.0,2025-12-30,,,,pointe-noire,"Responsable Qualité Transport, Logistique & Supply Chain"
JOB250002181,Directeur Administratif et Financier,"Finance, Banque, Assurance, Comptabilité & Fiscalité",POINTE-NOIRE,CDI,Emploi Durable,AFRICA LEADER CONTRACTING INDUSTRIES,,1.0,2025-09-09 00:00:00,,,,pointe-noire,"Directeur Administratif et Financier Finance, Banque, Assurance, Comptabilité & Fiscalité"
JOB250001762,Agent Customer Registration (KYC),"Commerce, Vente, Marketing & Distribution",BRAZZAVILLE,CDD,Emploi Temporaire,AFRICA MOTOR COMPANY,,1.0,2025-07-24 00:00:00,,,,brazzaville,"Agent Customer Registration (KYC) Commerce, Vente, Marketing & Distribution"
NONREF000044,Assistante RH,"Conseil, Stratégie & Gestion des Ressources Humaines",POINTE-NOIRE,CDD,Emploi Temporaire,AFRICAINE DES M C,,1.0,2025-02-24 00:00:00,,,,pointe-noire,"Assistante RH Conseil, Stratégie & Gestion des Ressources Humaines"
NONREF000162,Jardiniers,"Transport, Logistique & Supply Chain",POINTE-NOIRE,CDD,Emploi Temporaire,AFRIK GLOBAL EXTENSION,,1.0,2025-01-29 00:00:00,,,,pointe-noire,"Jardiniers Transport, Logistique & Supply Chain"
NONREF000214,Responsable logistique,"Transport, Logistique & Supply Chain",POINTE-NOIRE,CDI,Emploi Durable,AFRIK GLOBAL EXTENSION,,1.0,2025-01-29 00:00:00,,,,pointe-noire,"Responsable logistique Transport, Logistique & Supply Chain"
JOB250000839,SOUDEUR,"Industrie, Production & Maintenance",POINTE-NOIRE,CDI,Emploi Durable,AFRIK GLOBAL EXTENSION HR CONGO SARL,,1.0,2025-03-07 00:00:00,,,,pointe-noire,"SOUDEUR Industrie, Production & Maintenance"
JOB250000840,RESPONSABLE PONT ADJOINT,"Commerce, Vente, Marketing & Distribution",POINTE-NOIRE,CDI,Emploi Durable,AFRIK GLOBAL EXTENSION HR CONGO SARL,,1.0,2025-03-07 00:00:00,,,,pointe-noire,"RESPONSABLE PONT ADJOINT Commerce, Vente, Marketing & Distribution"
JOB250000841,CHEF D'EQUIPE MECANICIEN,"Commerce, Vente, Marketing & Distribution",POINTE-NOIRE,CDI,Emploi Durable,AFRIK GLOBAL EXTENSION HR CONGO SARL,,1.0,2025-03-07 00:00:00,,,,pointe-noire,"CHEF D'EQUIPE MECANICIEN Commerce, Vente, Marketing & Distribution"
JOB250001775,RESPONSABLE DE STOCK,"Conseil, Stratégie & Gestion des Ressources Humaines",POINTE-NOIRE,CDI,Emploi Durable,AFRIK GLOBAL EXTENSION HR CONGO SARL,,1.0,2025-07-25 00:00:00,,,,pointe-noire,"RESPONSABLE DE STOCK Conseil, Stratégie & Gestion des Ressources Humaines"
JOB250001859,Assistant Logistique,"Transport, Logistique & Supply Chain",POINTE-NOIRE,CDD,Emploi Temporaire,AFRIK GLOBAL EXTENSION HR CONGO SARL,,1.0,2025-08-05 00:00:00,,,,pointe-noire,"Assistant Logistique Transport, Logistique & Supply Chain"
NONREF000108,Conducteur pelle,"Transport, Logistique & Supply Chain",POINTE-NOIRE,CDD,Emploi Temporaire,AFRIKA GLOBAL EXTENSION,,1.0,2025-01-21 00:00:00,,,,pointe-noire,"Conducteur pelle Transport, Logistique & Supply Chain"
NONREF000084,Chef d'équipe mécanicien,"Transport, Logistique & Supply Chain",POINTE-NOIRE,CDI,Emploi Durable,AFRIK-GLOBAL,,1.0,2025-03-18 00:00:00,,,,pointe-noire,"Chef d'équipe mécanicien Transport, Logistique & Supply Chain"
NONREF000218,Responsable Pont,"Transport, Logistique & Supply Chain",POINTE-NOIRE,CDI,Emploi Durable,AFRIK-GLOBAL,,1.0,2025-03-15 00:00:00,,,,pointe-noire,"Responsable Pont Transport, Logistique & Supply Chain"
NONREF000233,Soudeur,"Transport, Logistique & Supply Chain",POINTE-NOIRE,CDI,Emploi Durable,AFRIK-GLOBAL,,1.0,2025-03-18 00:00:00,,,,pointe-noire,"Soudeur Transport, Logistique & Supply Chain"
JOB250001820,INSTRUMENTISTES,"Pétrole, Gaz & Hydrocarbures",POINTE-NOIRE,CDD,Emploi Temporaire,AG GROUP,,10.0,2025-07-31 00:00:00,,,,pointe-noire,"INSTRUMENTISTES Pétrole, Gaz & Hydrocarbures"
JOB250001821,SPECIALISTER.H,"Bâtiment, Travaux Publics & Aménagement du Territoire",POINTE-NOIRE,CDD,Emploi Temporaire,AG GROUP,,1.0,2025-07-31 00:00:00,,,,pointe-noire,"SPECIALISTER.H Bâtiment, Travaux Publics & Aménagement du Territoire"
JOB250001822,SERVANT ( Cuisine et Ménage),"Conseil, Stratégie & Gestion des Ressources Humaines",POINTE-NOIRE,CDD,Emploi Temporaire,AG GROUP,,1.0,2025-07-31 00:00:00,,,,pointe-noire,"SERVANT ( Cuisine et Ménage) Conseil, Stratégie & Gestion des Ressources Humaines"
JOB250001824,RESPONSABLE FINANCIER,"Bâtiment, Travaux Publics & Aménagement du Territoire",POINTE-NOIRE,CDD,Emploi Temporaire,AG GROUP,,1.0,2025-07-31 00:00:00,,,,pointe-noire,"RESPONSABLE FINANCIER Bâtiment, Travaux Publics & Aménagement du Territoire"
JOB250001826,COMPTABLE,"Bâtiment, Travaux Publics & Aménagement du Territoire",POINTE-NOIRE,CDD,Emploi Temporaire,AG GROUP,,1.0,2025-07-31 00:00:00,,,,pointe-noire,"COMPTABLE Bâtiment, Travaux Publics & Aménagement du Territoire"
JOB250001827,RESPONSABLE DE RESOURCE HUMAINES,"Bâtiment, Travaux Publics & Aménagement du Territoire",POINTE-NOIRE,CDD,Emploi Temporaire,AG GROUP,,1.0,2025-07-31 00:00:00,,,,pointe-noire,"RESPONSABLE DE RESOURCE HUMAINES Bâtiment, Travaux Publics & Aménagement du Territoire"
JOB250001828,CHEF DE PROJET,"Bâtiment, Travaux Publics & Aménagement du Territoire",POINTE-NOIRE,CDD,Emploi Temporaire,AG GROUP,,1.0,2025-07-31 00:00:00,,,,pointe-noire,"CHEF DE PROJET Bâtiment, Travaux Publics & Aménagement du Territoire"
JOB250001829,TECHNICIEN D'INSTALLATION,"Bâtiment, Travaux Publics & Aménagement du Territoire",POINTE-NOIRE,CDD,Emploi Temporaire,AG GROUP,,1.0,2025-07-31 00:00:00,,,,pointe-noire,"TECHNICIEN D'INSTALLATION Bâtiment, Travaux Publics & Aménagement du Territoire"
JOB250001831,GEOMETRE,"Bâtiment, Travaux Publics & Aménagement du Territoire",POINTE-NOIRE,CDD,Emploi Temporaire,AG GROUP,,1.0,2025-08-01 00:00:00,,,,pointe-noire,"GEOMETRE Bâtiment, Travaux Publics & Aménagement du Territoire"
JOB250001833,AIDE GEOMETRE,"Bâtiment, Travaux Publics & Aménagement du Territoire",POINTE-NOIRE,CDD,Emploi Temporaire,AG GROUP,,1.0,2025-08-01 00:00:00,,,,pointe-noire,"AIDE GEOMETRE Bâtiment, Travaux Publics & Aménagement du Territoire"
JOB250001836,CONDUCTEUR D'EQUIPEMENT,"Bâtiment, Travaux Publics & Aménagement du Territoire",POINTE-NOIRE,CDD,Emploi Temporaire,AG GROUP,,1.0,2025-08-01 00:00:00,,,,pointe-noire,"CONDUCTEUR D'EQUIPEMENT Bâtiment, Travaux Publics & Aménagement du Territoire"
JOB250002089,Ingénieur Agronome Forestier (Chef de projet),Exploitation Forestière & Bois,POINTE-NOIRE,CDD,Emploi Temporaire,AG GROUP,,1.0,2025-09-01 00:00:00,,,,pointe-noire,Ingénieur Agronome Forestier (Chef de projet) Exploitation Forestière & Bois
JOB250002094,Ouvrier Forestier,Agriculture & Industrie Agroalimentaire,POINTE-NOIRE,CDD,Emploi Temporaire,AG GROUP,,1.0,2025-09-02 00:00:00,,,,pointe-noire,Ouvrier Forestier Agriculture & Industrie Agroalimentaire
JOB250002095,Chauffeur Grutier,Agriculture & Industrie Agroalimentaire,POINTE-NOIRE,CDD,Emploi Temporaire,AG GROUP,,1.0,2025-09-02 00:00:00,,,,pointe-noire,Chauffeur Grutier Agriculture & Industrie Agroalimentaire
JOB250002097,Conducteur d'Engin,Agriculture & Industrie Agroalimentaire,POINTE-NOIRE,CDD,Emploi Temporaire,AG GROUP,,1.0,2025-09-02 00:00:00,,,,pointe-noire,Conducteur d'Engin Agriculture & Industrie Agroalimentaire
JOB250002098,Pépinieriste Forestier,Agriculture & Industrie Agroalimentaire,POINTE-NOIRE,CDD,Emploi Temporaire,AG GROUP,,1.0,2025-09-02 00:00:00,,,,pointe-noire,Pépinieriste Forestier Agriculture & Industrie Agroalimentaire
JOB250002099,Spécialiste en protection des végétaux,Agriculture & Industrie Agroalimentaire,POINTE-NOIRE,CDD,Emploi Temporaire,AG GROUP,,1.0,2025-09-02 00:00:00,,,,pointe-noire,Spécialiste en protection des végétaux Agriculture & Industrie Agroalimentaire
JOB250002100,Technicien Forestier,Agriculture & Industrie Agroalimentaire,POINTE-NOIRE,CDD,Emploi Temporaire,AG GROUP,,1.0,2025-09-02 00:00:00,,,,pointe-noire,Technicien Forestier Agriculture & Industrie Agroalimentaire
NONREF000005,Agent commercial ligne Mart,"Transport, Logistique & Supply Chain",POINTE-NOIRE,CDD,Emploi Temporaire,AGL,,1.0,2025-02-14 00:00:00,,,,pointe-noire,"Agent commercial ligne Mart Transport, Logistique & Supply Chain"
NONREF000013,Agent logistique et Int,"Transport, Logistique & Supply Chain",POINTE-NOIRE,CDD,Emploi Temporaire,AGL,,1.0,2025-02-14 00:00:00,,,,pointe-noire,"Agent logistique et Int Transport, Logistique & Supply Chain"
NONREF000052,Auditeur interne junior,"Transport, Logistique & Supply Chain",POINTE-NOIRE,CDD,Emploi Temporaire,AGL,,1.0,2025-01-31 00:00:00,,,,pointe-noire,"Auditeur interne junior Transport, Logistique & Supply Chain"
NONREF000096,Comptable,"Transport, Logistique & Supply Chain",POINTE-NOIRE,CDI,Emploi Durable,AGL,,1.0,2025-01-02 00:00:00,,,,pointe-noire,"Comptable Transport, Logistique & Supply Chain"
JOB250001715,Assistant de Direction,"Conseil, Stratégie & Gestion des Ressources Humaines",POINTE-NOIRE,CDD,Emploi Temporaire,AGROVA,,1.0,2025-07-21 00:00:00,,,,pointe-noire,"Assistant de Direction Conseil, Stratégie & Gestion des Ressources Humaines"
JOB250002289,AGRONOME,Agriculture & Industrie Agroalimentaire,POINTE-NOIRE,CDD,Emploi Temporaire,AGROVA,,1.0,2025-09-23 00:00:00,,,,pointe-noire,AGRONOME Agriculture & Industrie Agroalimentaire
NONREF000055,Business developer,"Industrie, Production & Maintenance",POINTE-NOIRE,CDD,Emploi Temporaire,AIR LIQUIDE,,1.0,2025-01-21 00:00:00,,,,pointe-noire,"Business developer Industrie, Production & Maintenance"
JOB250001232,Superviseur Marketing - Internet Résidentiel (Home Broadband),"Commerce, Vente, Marketing & Distribution",BRAZZAVILLE,CDD,Emploi Temporaire,AIRTEL CONGO SA,,1.0,2025-05-25 00:00:00,,,,brazzaville,"Superviseur Marketing - Internet Résidentiel (Home Broadband) Commerce, Vente, Marketing & Distribution"
JOB250001233,Superviseur Régional des Ventes - Internet Résidentiel HBB (Home Broadband),"Commerce, Vente, Marketing & Distribution",BRAZZAVILLE,CDD,Emploi Temporaire,AIRTEL CONGO SA,,1.0,2025-05-25 00:00:00,,,,brazzaville,"Superviseur Régional des Ventes - Internet Résidentiel HBB (Home Broadband) Commerce, Vente, Marketing & Distribution"
JOB250001234,Analyste des activités - Internet Résidentiel HBB (Home Broadband),"Commerce, Vente, Marketing & Distribution",BRAZZAVILLE,CDD,Emploi Temporaire,AIRTEL CONGO SA,,1.0,2025-05-25 00:00:00,,,,brazzaville,"Analyste des activités - Internet Résidentiel HBB (Home Broadband) Commerce, Vente, Marketing & Distribution"
JOB250001235,Superviseur Expérience Client - Internet Résidentiel,"Commerce, Vente, Marketing & Distribution",BRAZZAVILLE,CDD,Emploi Temporaire,AIRTEL CONGO SA,,1.0,2025-05-25 00:00:00,,,,brazzaville,"Superviseur Expérience Client - Internet Résidentiel Commerce, Vente, Marketing & Distribution"
JOB250001591,SPECIALISTE FRAUDE,"Informatique, Data, Télécommunications & Digital",BRAZZAVILLE,CDD,Emploi Temporaire,AIRTEL CONGO SA,,1.0,2025-07-03 00:00:00,,,,brazzaville,"SPECIALISTE FRAUDE Informatique, Data, Télécommunications & Digital"
JOB250001684,contrôleur interne,"Commerce, Vente, Marketing & Distribution",BRAZZAVILLE,CDD,Emploi Temporaire,AIRTEL CONGO SA,,1.0,2025-07-14 00:00:00,,,,brazzaville,"contrôleur interne Commerce, Vente, Marketing & Distribution"
JOB250001951,DISTRIBUTION MANAGER,"Transport, Logistique & Supply Chain",BRAZZAVILLE,CDD,Emploi Temporaire,AIRTEL CONGO SA,,1.0,2025-08-14 00:00:00,,,,brazzaville,"DISTRIBUTION MANAGER Transport, Logistique & Supply Chain"
JOB250002615,ASSISTANT DES OPERATIONS AIRTEL MONEY,"Informatique, Data, Télécommunications & Digital",BRAZZAVILLE,CDD,Emploi Temporaire,AIRTEL CONGO SA,,1.0,2025-11-07 00:00:00,,,,brazzaville,"ASSISTANT DES OPERATIONS AIRTEL MONEY Informatique, Data, Télécommunications & Digital"
JOB250002769,Head-Business segment(chef de secteur d'activité),"Commerce, Vente, Marketing & Distribution",BRAZZAVILLE,CDD,Emploi Temporaire,AIRTEL CONGO SA,,1.0,2025-12-05 00:00:00,,,,brazzaville,"Head-Business segment(chef de secteur d'activité) Commerce, Vente, Marketing & Distribution"
JOB250001014,CHEF DE PRODUIT,"Informatique, Data, Télécommunications & Digital",BRAZZAVILLE,CDI,Emploi Durable,AKIENI,,1.0,2025-04-29 00:00:00,,,,brazzaville,"CHEF DE PRODUIT Informatique, Data, Télécommunications & Digital"
JOB250001442,Assistant Polyvalent,"Conseil, Stratégie & Gestion des Ressources Humaines",BRAZZAVILLE,CDD,Emploi Temporaire,AKIENI,,1.0,2025-06-20 00:00:00,,,,brazzaville,"Assistant Polyvalent Conseil, Stratégie & Gestion des Ressources Humaines"
JOB250002167,COMPTABLE,"Finance, Banque, Assurance, Comptabilité & Fiscalité",BRAZZAVILLE,CDD,Emploi Temporaire,AKIENI,,1.0,2025-09-08 00:00:00,,,,brazzaville,"COMPTABLE Finance, Banque, Assurance, Comptabilité & Fiscalité"
JOB250002216,Directeur Administratif et Financier,"Conseil, Stratégie & Gestion des Ressources Humaines",BRAZZAVILLE,CDI,Emploi Durable,AKIENI,,1.0,2025-09-11 00:00:00,,,,brazzaville,"Directeur Administratif et Financier Conseil, Stratégie & Gestion des Ressources Humaines"
JOB250002218,RESPONSABLE DESRESSOURSES HUMAINES,"Conseil, Stratégie & Gestion des Ressources Humaines",BRAZZAVILLE,CDI,Emploi Durable,AKIENI,,1.0,2025-09-11 00:00:00,,,,brazzaville,"RESPONSABLE DESRESSOURSES HUMAINES Conseil, Stratégie & Gestion des Ressources Humaines"
JOB250002349,Ingénieur Devops Senior,"Informatique, Data, Télécommunications & Digital",BRAZZAVILLE,CDI,Emploi Durable,AKIENI,,1.0,2025-10-03 00:00:00,,,,brazzaville,"Ingénieur Devops Senior Informatique, Data, Télécommunications & Digital"
JOB250001020,CHAUFFEUR DU DIRECTEUR GENERAL,"Transport, Logistique & Supply Chain",BRAZZAVILLE,CDD,Emploi Temporaire,AL OTHMAN REAL ESTATE GROUP,,1.0,2025-04-30 00:00:00,,,,brazzaville,"CHAUFFEUR DU DIRECTEUR GENERAL Transport, Logistique & Supply Chain"
JOB250001030,COMMIS DE CUISINE,Hôtellerie - Restauration,BRAZZAVILLE,CDI,Emploi Durable,AL OTHMAN REAL ESTATE GROUP,,1.0,2025-05-06 00:00:00,,,,brazzaville,COMMIS DE CUISINE Hôtellerie - Restauration
JOB250001031,MENUISIER,Hôtellerie - Restauration,BRAZZAVILLE,CDD,Emploi Temporaire,AL OTHMAN REAL ESTATE GROUP,,1.0,2025-05-06 00:00:00,,,,brazzaville,MENUISIER Hôtellerie - Restauration
JOB250001032,PLONGEUR,Hôtellerie - Restauration,BRAZZAVILLE,CDD,Emploi Temporaire,AL OTHMAN REAL ESTATE GROUP,,1.0,2025-05-06 00:00:00,,,,brazzaville,PLONGEUR Hôtellerie - Restauration
JOB250001033,Responsable de garde,Hôtellerie - Restauration,BRAZZAVILLE,CDD,Emploi Temporaire,AL OTHMAN REAL ESTATE GROUP,,1.0,2025-05-06 00:00:00,,,,brazzaville,Responsable de garde Hôtellerie - Restauration
JOB250001034,RESPONSABLE SÉCURITÉ,"Sécurité, Sûreté & Défense",BRAZZAVILLE,CDD,Emploi Temporaire,AL OTHMAN REAL ESTATE GROUP,,1.0,2025-05-06 00:00:00,,,,brazzaville,"RESPONSABLE SÉCURITÉ Sécurité, Sûreté & Défense"
JOB250001035,Technicien Audiovisuel,"Communication, Médias & Événementiel",BRAZZAVILLE,CDI,Emploi Durable,AL OTHMAN REAL ESTATE GROUP,,1.0,2025-05-06 00:00:00,,,,brazzaville,"Technicien Audiovisuel Communication, Médias & Événementiel"
JOB250001036,RESPONSABLE MARKETING,"Commerce, Vente, Marketing & Distribution",BRAZZAVILLE,CDI,Emploi Durable,AL OTHMAN REAL ESTATE GROUP,,1.0,2025-05-06 00:00:00,,,,brazzaville,"RESPONSABLE MARKETING Commerce, Vente, Marketing & Distribution"
JOB250001037,RESPENSABLE COMMERCIAL,"Commerce, Vente, Marketing & Distribution",BRAZZAVILLE,CDD,Emploi Temporaire,AL OTHMAN REAL ESTATE GROUP,,1.0,2025-05-06 00:00:00,,,,brazzaville,"RESPENSABLE COMMERCIAL Commerce, Vente, Marketing & Distribution"
JOB250001038,AGENTS DE RELATIONS CLIENTS,"Commerce, Vente, Marketing & Distribution",BRAZZAVILLE,CDD,Emploi Temporaire,AL OTHMAN REAL ESTATE GROUP,,1.0,2025-05-06 00:00:00,,,,brazzaville,"AGENTS DE RELATIONS CLIENTS Commerce, Vente, Marketing & Distribution"
JOB250001039,RESPONSABLE DE NUIT,Hôtellerie - Restauration,BRAZZAVILLE,CDD,Emploi Temporaire,AL OTHMAN REAL ESTATE GROUP,,1.0,2025-05-06 00:00:00,,,,brazzaville,RESPONSABLE DE NUIT Hôtellerie - Restauration
JOB250001040,SUPERVISEUR RECEPTION,Hôtellerie - Restauration,BRAZZAVILLE,CDD,Emploi Temporaire,AL OTHMAN REAL ESTATE GROUP,,1.0,2025-05-06 00:00:00,,,,brazzaville,SUPERVISEUR RECEPTION Hôtellerie - Restauration
JOB250001041,Technicien climatisation,"Industrie, Production & Maintenance",BRAZZAVILLE,CDD,Emploi Temporaire,AL OTHMAN REAL ESTATE GROUP,,1.0,2025-05-06 00:00:00,,,,brazzaville,"Technicien climatisation Industrie, Production & Maintenance"
JOB250001042,AGENT DE SECURITE,"Sécurité, Sûreté & Défense",BRAZZAVILLE,CDD,Emploi Temporaire,AL OTHMAN REAL ESTATE GROUP,,1.0,2025-05-06 00:00:00,,,,brazzaville,"AGENT DE SECURITE Sécurité, Sûreté & Défense"
JOB250001043,Technicien cuisine & Blanchisserie,Hôtellerie - Restauration,BRAZZAVILLE,CDD,Emploi Temporaire,AL OTHMAN REAL ESTATE GROUP,,1.0,2025-05-06 00:00:00,,,,brazzaville,Technicien cuisine & Blanchisserie Hôtellerie - Restauration
JOB250001044,CONCIERGE,Hôtellerie - Restauration,BRAZZAVILLE,CDD,Emploi Temporaire,AL OTHMAN REAL ESTATE GROUP,,1.0,2025-05-06 00:00:00,,,,brazzaville,CONCIERGE Hôtellerie - Restauration
JOB250001045,Réceptionniste,Hôtellerie - Restauration,BRAZZAVILLE,CDD,Emploi Temporaire,AL OTHMAN REAL ESTATE GROUP,,1.0,2025-05-06 00:00:00,,,,brazzaville,Réceptionniste Hôtellerie - Restauration
JOB250001046,SUPERVISEUR BLANCHISSERIE,Hôtellerie - Restauration,BRAZZAVILLE,CDD,Emploi Temporaire,AL OTHMAN REAL ESTATE GROUP,,1.0,2025-05-06 00:00:00,,,,brazzaville,SUPERVISEUR BLANCHISSERIE Hôtellerie - Restauration
JOB250001048,Technicien piscine,Hôtellerie - Restauration,BRAZZAVILLE,CDD,Emploi Temporaire,AL OTHMAN REAL ESTATE GROUP,,1.0,2025-05-07 00:00:00,,,,brazzaville,Technicien piscine Hôtellerie - Restauration
JOB250001050,Technicien chaudière,Hôtellerie - Restauration,BRAZZAVILLE,CDD,Emploi Temporaire,AL OTHMAN REAL ESTATE GROUP,,1.0,2025-05-07 00:00:00,,,,brazzaville,Technicien chaudière Hôtellerie - Restauration
JOB250001051,OPERATEUR VIDEOSURVEILLANCE,Hôtellerie - Restauration,BRAZZAVILLE,CDD,Emploi Temporaire,AL OTHMAN REAL ESTATE GROUP,,1.0,2025-05-07 00:00:00,,,,brazzaville,OPERATEUR VIDEOSURVEILLANCE Hôtellerie - Restauration
JOB250001052,REPASSEUR,Hôtellerie - Restauration,BRAZZAVILLE,CDD,Emploi Temporaire,AL OTHMAN REAL ESTATE GROUP,,1.0,2025-05-07 00:00:00,,,,brazzaville,REPASSEUR Hôtellerie - Restauration
JOB250001053,Peintre,Hôtellerie - Restauration,BRAZZAVILLE,CDD,Emploi Temporaire,AL OTHMAN REAL ESTATE GROUP,,1.0,2025-05-07 00:00:00,,,,brazzaville,Peintre Hôtellerie - Restauration
JOB250001054,CHARGE DE L'HEBERGEMENT DES EMPLOYES,Hôtellerie - Restauration,BRAZZAVILLE,CDD,Emploi Temporaire,AL OTHMAN REAL ESTATE GROUP,,1.0,2025-05-07 00:00:00,,,,brazzaville,CHARGE DE L'HEBERGEMENT DES EMPLOYES Hôtellerie - Restauration
JOB250001055,Polisseur,Hôtellerie - Restauration,BRAZZAVILLE,CDD,Emploi Temporaire,AL OTHMAN REAL ESTATE GROUP,,1.0,2025-05-07 00:00:00,,,,brazzaville,Polisseur Hôtellerie - Restauration
JOB250001056,Superviseur Réservations,Hôtellerie - Restauration,BRAZZAVILLE,CDD,Emploi Temporaire,AL OTHMAN REAL ESTATE GROUP,,1.0,2025-05-07 00:00:00,,,,brazzaville,Superviseur Réservations Hôtellerie - Restauration
JOB250001057,Spa Thérapeute,Hôtellerie - Restauration,BRAZZAVILLE,CDD,Emploi Temporaire,AL OTHMAN REAL ESTATE GROUP,,1.0,2025-05-07 00:00:00,,,,brazzaville,Spa Thérapeute Hôtellerie - Restauration
JOB250001058,RESPONSABLE BAGAGISTE,Hôtellerie - Restauration,BRAZZAVILLE,CDD,Emploi Temporaire,AL OTHMAN REAL ESTATE GROUP,,1.0,2025-05-07 00:00:00,,,,brazzaville,RESPONSABLE BAGAGISTE Hôtellerie - Restauration
JOB250001059,Maçon,"Bâtiment, Travaux Publics & Aménagement du Territoire",BRAZZAVILLE,CDD,Emploi Temporaire,AL OTHMAN REAL ESTATE GROUP,,1.0,2025-05-07 00:00:00,,,,brazzaville,"Maçon Bâtiment, Travaux Publics & Aménagement du Territoire"
JOB250001060,SUPERVISEUR DES ESPACES PUBLICS,Hôtellerie - Restauration,BRAZZAVILLE,CDD,Emploi Temporaire,AL OTHMAN REAL ESTATE GROUP,,1.0,2025-05-07 00:00:00,,,,brazzaville,SUPERVISEUR DES ESPACES PUBLICS Hôtellerie - Restauration
JOB250001061,SUPERVISEUR DES JARDINIERS,Hôtellerie - Restauration,BRAZZAVILLE,CDD,Emploi Temporaire,AL OTHMAN REAL ESTATE GROUP,,1.0,2025-05-07 00:00:00,,,,brazzaville,SUPERVISEUR DES JARDINIERS Hôtellerie - Restauration
JOB250001062,COUTURIER,Hôtellerie - Restauration,BRAZZAVILLE,CDD,Emploi Temporaire,AL OTHMAN REAL ESTATE GROUP,,1.0,2025-05-07 00:00:00,,,,brazzaville,COUTURIER Hôtellerie - Restauration
JOB250001064,SUPERVISEUR DU CREDIT,"Finance, Banque, Assurance, Comptabilité & Fiscalité",BRAZZAVILLE,CDD,Emploi Temporaire,AL OTHMAN REAL ESTATE GROUP,,1.0,2025-05-07 00:00:00,,,,brazzaville,"SUPERVISEUR DU CREDIT Finance, Banque, Assurance, Comptabilité & Fiscalité"
JOB250001065,EMPLOYER AUX COMPTES CLIENTS,"Finance, Banque, Assurance, Comptabilité & Fiscalité",BRAZZAVILLE,CDD,Emploi Temporaire,AL OTHMAN REAL ESTATE GROUP,,1.0,2025-05-07 00:00:00,,,,brazzaville,"EMPLOYER AUX COMPTES CLIENTS Finance, Banque, Assurance, Comptabilité & Fiscalité"
JOB250001066,COORDINATEUR ACHATS,"Transport, Logistique & Supply Chain",BRAZZAVILLE,CDD,Emploi Temporaire,AL OTHMAN REAL ESTATE GROUP,,1.0,2025-05-07 00:00:00,,,,brazzaville,"COORDINATEUR ACHATS Transport, Logistique & Supply Chain"
JOB250001067,EMPLOYER MAGASIN,"Commerce, Vente, Marketing & Distribution",BRAZZAVILLE,CDD,Emploi Temporaire,AL OTHMAN REAL ESTATE GROUP,,1.0,2025-05-07 00:00:00,,,,brazzaville,"EMPLOYER MAGASIN Commerce, Vente, Marketing & Distribution"
JOB250001068,MAGASINIER,"Transport, Logistique & Supply Chain",BRAZZAVILLE,CDD,Emploi Temporaire,AL OTHMAN REAL ESTATE GROUP,,1.0,2025-05-07 00:00:00,,,,brazzaville,"MAGASINIER Transport, Logistique & Supply Chain"
JOB250001069,EMPLOYÉ RÉCEPTION DES MARCHANDISES,"Transport, Logistique & Supply Chain",BRAZZAVILLE,CDD,Emploi Temporaire,AL OTHMAN REAL ESTATE GROUP,,1.0,2025-05-07 00:00:00,,,,brazzaville,"EMPLOYÉ RÉCEPTION DES MARCHANDISES Transport, Logistique & Supply Chain"
JOB250001070,RESPONSABLE FORMATION,"Conseil, Stratégie & Gestion des Ressources Humaines",BRAZZAVILLE,CDD,Emploi Temporaire,AL OTHMAN REAL ESTATE GROUP,,1.0,2025-05-07 00:00:00,,,,brazzaville,"RESPONSABLE FORMATION Conseil, Stratégie & Gestion des Ressources Humaines"
JOB250001071,INFIRMIER,"Santé, Pharmacie & Recherche Scientifique",BRAZZAVILLE,CDD,Emploi Temporaire,AL OTHMAN REAL ESTATE GROUP,,1.0,2025-05-07 00:00:00,,,,brazzaville,"INFIRMIER Santé, Pharmacie & Recherche Scientifique"
JOB250001072,CHARGÉ DES RELATIONS GOUVERNEMENTALES,"Conseil, Stratégie & Gestion des Ressources Humaines",BRAZZAVILLE,CDD,Emploi Temporaire,AL OTHMAN REAL ESTATE GROUP,,1.0,2025-05-07 00:00:00,,,,brazzaville,"CHARGÉ DES RELATIONS GOUVERNEMENTALES Conseil, Stratégie & Gestion des Ressources Humaines"
JOB250001073,COORDINATEUR RESSOURCES HUMAINES,"Conseil, Stratégie & Gestion des Ressources Humaines",BRAZZAVILLE,CDD,Emploi Temporaire,AL OTHMAN REAL ESTATE GROUP,,1.0,2025-05-07 00:00:00,,,,brazzaville,"COORDINATEUR RESSOURCES HUMAINES Conseil, Stratégie & Gestion des Ressources Humaines"
JOB250001075,CHEF DE PARTIE,Hôtellerie - Restauration,BRAZZAVILLE,CDD,Emploi Temporaire,AL OTHMAN REAL ESTATE GROUP,,1.0,2025-05-08 00:00:00,,,,brazzaville,CHEF DE PARTIE Hôtellerie - Restauration
JOB250001076,COORDINATEUR TECHNIQUE,Hôtellerie - Restauration,BRAZZAVILLE,CDD,Emploi Temporaire,AL OTHMAN REAL ESTATE GROUP,,1.0,2025-05-08 00:00:00,,,,brazzaville,COORDINATEUR TECHNIQUE Hôtellerie - Restauration
JOB250001077,RÉCEPTIONNISTE SPA,Hôtellerie - Restauration,BRAZZAVILLE,CDD,Emploi Temporaire,AL OTHMAN REAL ESTATE GROUP,,1.0,2025-05-08 00:00:00,,,,brazzaville,RÉCEPTIONNISTE SPA Hôtellerie - Restauration
JOB250001078,VALET DE CHAMBRE,Hôtellerie - Restauration,BRAZZAVILLE,CDD,Emploi Temporaire,AL OTHMAN REAL ESTATE GROUP,,1.0,2025-05-08 00:00:00,,,,brazzaville,VALET DE CHAMBRE Hôtellerie - Restauration
JOB250001079,BOUCHER,Hôtellerie - Restauration,BRAZZAVILLE,CDD,Emploi Temporaire,AL OTHMAN REAL ESTATE GROUP,,1.0,2025-05-08 00:00:00,,,,brazzaville,BOUCHER Hôtellerie - Restauration
JOB250001080,BAGAGISTE,Hôtellerie - Restauration,BRAZZAVILLE,CDD,Emploi Temporaire,AL OTHMAN REAL ESTATE GROUP,,1.0,2025-05-08 00:00:00,,,,brazzaville,BAGAGISTE Hôtellerie - Restauration
JOB250001081,SUPERVISEUR TECHNIQUE,Hôtellerie - Restauration,BRAZZAVILLE,CDD,Emploi Temporaire,AL OTHMAN REAL ESTATE GROUP,,1.0,2025-05-08 00:00:00,,,,brazzaville,SUPERVISEUR TECHNIQUE Hôtellerie - Restauration
JOB250001082,ANIMATEUR CLUB ENFANTS,Hôtellerie - Restauration,BRAZZAVILLE,CDD,Emploi Temporaire,AL OTHMAN REAL ESTATE GROUP,,1.0,2025-05-08 00:00:00,,,,brazzaville,ANIMATEUR CLUB ENFANTS Hôtellerie - Restauration
JOB250001083,AGENT DE RESERVATION,Hôtellerie - Restauration,BRAZZAVILLE,CDD,Emploi Temporaire,AL OTHMAN REAL ESTATE GROUP,,1.0,2025-05-08 00:00:00,,,,brazzaville,AGENT DE RESERVATION Hôtellerie - Restauration
JOB250001084,AGENT NETTOYAGE PISCINE,Nettoyage & Blanchisserie,BRAZZAVILLE,CDD,Emploi Temporaire,AL OTHMAN REAL ESTATE GROUP,,1.0,2025-05-08 00:00:00,,,,brazzaville,AGENT NETTOYAGE PISCINE Nettoyage & Blanchisserie
JOB250001086,AGENT D’ENTRETIEN DES PARTIES COMMUNES,Nettoyage & Blanchisserie,BRAZZAVILLE,CDD,Emploi Temporaire,AL OTHMAN REAL ESTATE GROUP,,1.0,2025-05-08 00:00:00,,,,brazzaville,AGENT D’ENTRETIEN DES PARTIES COMMUNES Nettoyage & Blanchisserie
JOB250001087,TECHNICIEN,Hôtellerie - Restauration,BRAZZAVILLE,CDD,Emploi Temporaire,AL OTHMAN REAL ESTATE GROUP,,1.0,2025-05-08 00:00:00,,,,brazzaville,TECHNICIEN Hôtellerie - Restauration
JOB250001088,Agent de Buanderie,Nettoyage & Blanchisserie,BRAZZAVILLE,CDD,Emploi Temporaire,AL OTHMAN REAL ESTATE GROUP,,1.0,2025-05-08 00:00:00,,,,brazzaville,Agent de Buanderie Nettoyage & Blanchisserie
JOB250001089,Electricien,"Énergie, Environnement & Eau",BRAZZAVILLE,CDD,Emploi Temporaire,AL OTHMAN REAL ESTATE GROUP,,1.0,2025-05-08 00:00:00,,,,brazzaville,"Electricien Énergie, Environnement & Eau"
JOB250001090,Superviseur des Uniformes,Nettoyage & Blanchisserie,BRAZZAVILLE,CDD,Emploi Temporaire,AL OTHMAN REAL ESTATE GROUP,,1.0,2025-05-08 00:00:00,,,,brazzaville,Superviseur des Uniformes Nettoyage & Blanchisserie
JOB250001091,REPASSEUR,Nettoyage & Blanchisserie,BRAZZAVILLE,CDD,Emploi Temporaire,AL OTHMAN REAL ESTATE GROUP,,1.0,2025-05-08 00:00:00,,,,brazzaville,REPASSEUR Nettoyage & Blanchisserie
JOB250001092,Employé de Balanchissement,Nettoyage & Blanchisserie,BRAZZAVILLE,CDD,Emploi Temporaire,AL OTHMAN REAL ESTATE GROUP,,1.0,2025-05-08 00:00:00,,,,brazzaville,Employé de Balanchissement Nettoyage & Blanchisserie
JOB250001093,Representant Aéroport,"Tourisme, Loisirs & Voyages",BRAZZAVILLE,CDD,Emploi Temporaire,AL OTHMAN REAL ESTATE GROUP,,1.0,2025-05-08 00:00:00,,,,brazzaville,"Representant Aéroport Tourisme, Loisirs & Voyages"
JOB250001094,Maître-nageur,"Tourisme, Loisirs & Voyages",BRAZZAVILLE,CDD,Emploi Temporaire,AL OTHMAN REAL ESTATE GROUP,,1.0,2025-05-08 00:00:00,,,,brazzaville,"Maître-nageur Tourisme, Loisirs & Voyages"
JOB250001095,SERVEUR,Hôtellerie - Restauration,BRAZZAVILLE,CDD,Emploi Temporaire,AL OTHMAN REAL ESTATE GROUP,,1.0,2025-05-08 00:00:00,,,,brazzaville,SERVEUR Hôtellerie - Restauration
JOB250001097,HOTE,Hôtellerie - Restauration,BRAZZAVILLE,CDD,Emploi Temporaire,AL OTHMAN REAL ESTATE GROUP,,1.0,2025-05-08 00:00:00,,,,brazzaville,HOTE Hôtellerie - Restauration
JOB250001098,Representant Aéroport,"Tourisme, Loisirs & Voyages",BRAZZAVILLE,CDD,Emploi Temporaire,AL OTHMAN REAL ESTATE GROUP,,1.0,2025-05-08 00:00:00,,,,brazzaville,"Representant Aéroport Tourisme, Loisirs & Voyages"
JOB250001099,PLOMBIER,Hôtellerie - Restauration,BRAZZAVILLE,CDD,Emploi Temporaire,AL OTHMAN REAL ESTATE GROUP,,1.0,2025-05-09 00:00:00,,,,brazzaville,PLOMBIER Hôtellerie - Restauration
JOB250001100,Employé des Vestiares,Nettoyage & Blanchisserie,BRAZZAVILLE,CDD,Emploi Temporaire,AL OTHMAN REAL ESTATE GROUP,,1.0,2025-05-09 00:00:00,,,,brazzaville,Employé des Vestiares Nettoyage & Blanchisserie
JOB250001101,Agent de Buanderie,Nettoyage & Blanchisserie,BRAZZAVILLE,CDD,Emploi Temporaire,AL OTHMAN REAL ESTATE GROUP,,1.0,2025-05-09 00:00:00,,,,brazzaville,Agent de Buanderie Nettoyage & Blanchisserie
JOB250001102,Coordinateur Commerciale & Marketing,"Commerce, Vente, Marketing & Distribution",BRAZZAVILLE,CDD,Emploi Temporaire,AL OTHMAN REAL ESTATE GROUP,,1.0,2025-05-09 00:00:00,,,,brazzaville,"Coordinateur Commerciale & Marketing Commerce, Vente, Marketing & Distribution"
JOB250001103,COORDINATEUR GROUPES & ÉVÉNEMENTS,"Communication, Médias & Événementiel",BRAZZAVILLE,CDD,Emploi Temporaire,AL OTHMAN REAL ESTATE GROUP,,1.0,2025-05-09 00:00:00,,,,brazzaville,"COORDINATEUR GROUPES & ÉVÉNEMENTS Communication, Médias & Événementiel"
JOB250001104,SUPERVISEUR DE CONTRÔLE DES COÛTS,Hôtellerie - Restauration,BRAZZAVILLE,CDD,Emploi Temporaire,AL OTHMAN REAL ESTATE GROUP,,1.0,2025-05-09 00:00:00,,,,brazzaville,SUPERVISEUR DE CONTRÔLE DES COÛTS Hôtellerie - Restauration
JOB250001105,AUDITEUR DES REVENUS,"Finance, Banque, Assurance, Comptabilité & Fiscalité",BRAZZAVILLE,CDD,Emploi Temporaire,AL OTHMAN REAL ESTATE GROUP,,1.0,2025-05-09 00:00:00,,,,brazzaville,"AUDITEUR DES REVENUS Finance, Banque, Assurance, Comptabilité & Fiscalité"
JOB250001106,SUPERVISEUR DE LA PAIE,"Finance, Banque, Assurance, Comptabilité & Fiscalité",BRAZZAVILLE,CDD,Emploi Temporaire,AL OTHMAN REAL ESTATE GROUP,,1.0,2025-05-09 00:00:00,,,,brazzaville,"SUPERVISEUR DE LA PAIE Finance, Banque, Assurance, Comptabilité & Fiscalité"
JOB250001107,CAISSIER GENERAL,"Finance, Banque, Assurance, Comptabilité & Fiscalité",BRAZZAVILLE,CDD,Emploi Temporaire,AL OTHMAN REAL ESTATE GROUP,,1.0,2025-05-09 00:00:00,,,,brazzaville,"CAISSIER GENERAL Finance, Banque, Assurance, Comptabilité & Fiscalité"
JOB250001108,SUPERVISEUR COMPTES FOURNISSEURS,"Finance, Banque, Assurance, Comptabilité & Fiscalité",BRAZZAVILLE,CDD,Emploi Temporaire,AL OTHMAN REAL ESTATE GROUP,,1.0,2025-05-09 00:00:00,,,,brazzaville,"SUPERVISEUR COMPTES FOURNISSEURS Finance, Banque, Assurance, Comptabilité & Fiscalité"
JOB250001109,SUPERVISEUR COMPTES CLIENTS,"Finance, Banque, Assurance, Comptabilité & Fiscalité",BRAZZAVILLE,CDD,Emploi Temporaire,AL OTHMAN REAL ESTATE GROUP,,1.0,2025-05-09 00:00:00,,,,brazzaville,"SUPERVISEUR COMPTES CLIENTS Finance, Banque, Assurance, Comptabilité & Fiscalité"
JOB250001110,Chauffeur,"Transport, Logistique & Supply Chain",BRAZZAVILLE,CDD,Emploi Temporaire,AL OTHMAN REAL ESTATE GROUP,,1.0,2025-05-09 00:00:00,,,,brazzaville,"Chauffeur Transport, Logistique & Supply Chain"
JOB250001176,Demi-chef de partie,Hôtellerie - Restauration,BRAZZAVILLE,CDD,Emploi Temporaire,AL OTHMAN REAL ESTATE GROUP,,1.0,2025-05-19 00:00:00,,,,brazzaville,Demi-chef de partie Hôtellerie - Restauration
JOB250001184,Barman,Hôtellerie - Restauration,BRAZZAVILLE,CDD,Emploi Temporaire,AL OTHMAN REAL ESTATE GROUP,,1.0,2025-05-21 00:00:00,,,,brazzaville,Barman Hôtellerie - Restauration
JOB250001185,Responsable de restaurant,Hôtellerie - Restauration,BRAZZAVILLE,CDD,Emploi Temporaire,AL OTHMAN REAL ESTATE GROUP,,1.0,2025-05-21 00:00:00,,,,brazzaville,Responsable de restaurant Hôtellerie - Restauration
JOB250001187,Superviseur de banquet,Hôtellerie - Restauration,BRAZZAVILLE,CDD,Emploi Temporaire,AL OTHMAN REAL ESTATE GROUP,,1.0,2025-05-21 00:00:00,,,,brazzaville,Superviseur de banquet Hôtellerie - Restauration
JOB250001189,Coordonnateur restauration,Hôtellerie - Restauration,BRAZZAVILLE,CDD,Emploi Temporaire,AL OTHMAN REAL ESTATE GROUP,,1.0,2025-05-21 00:00:00,,,,brazzaville,Coordonnateur restauration Hôtellerie - Restauration
JOB250001279,Directeur Général,Gestion Administrative,BRAZZAVILLE,CDD,Emploi Temporaire,AL OTHMAN REAL ESTATE GROUP,,1.0,2025-05-30 00:00:00,,,,brazzaville,Directeur Général Gestion Administrative
JOB250001280,DIRECTEUR COMMERCIAL & MARKETING,"Commerce, Vente, Marketing & Distribution",BRAZZAVILLE,CDD,Emploi Temporaire,AL OTHMAN REAL ESTATE GROUP,,1.0,2025-05-30 00:00:00,,,,brazzaville,"DIRECTEUR COMMERCIAL & MARKETING Commerce, Vente, Marketing & Distribution"
JOB250001281,DIRECTEUR FINANCIER,Hôtellerie - Restauration,BRAZZAVILLE,CDD,Emploi Temporaire,AL OTHMAN REAL ESTATE GROUP,,1.0,2025-05-30 00:00:00,,,,brazzaville,DIRECTEUR FINANCIER Hôtellerie - Restauration
JOB250001282,DIRECTEUR COMMERCIAL & MARKETING,Hôtellerie - Restauration,BRAZZAVILLE,CDD,Emploi Temporaire,AL OTHMAN REAL ESTATE GROUP,,1.0,2025-05-30 00:00:00,,,,brazzaville,DIRECTEUR COMMERCIAL & MARKETING Hôtellerie - Restauration
JOB250001288,DIRECTEUR DES REVENUS,Hôtellerie - Restauration,BRAZZAVILLE,CDD,Emploi Temporaire,AL OTHMAN REAL ESTATE GROUP,,1.0,2025-06-02 00:00:00,,,,brazzaville,DIRECTEUR DES REVENUS Hôtellerie - Restauration
JOB250001289,ASSISTANT DE DIRECTION GÉNÉRALE,Hôtellerie - Restauration,BRAZZAVILLE,CDD,Emploi Temporaire,AL OTHMAN REAL ESTATE GROUP,,1.0,2025-06-02 00:00:00,,,,brazzaville,ASSISTANT DE DIRECTION GÉNÉRALE Hôtellerie - Restauration
JOB250001290,DIRECTEUR DES REVENUS,Hôtellerie - Restauration,BRAZZAVILLE,CDD,Emploi Temporaire,AL OTHMAN REAL ESTATE GROUP,,1.0,2025-06-02 00:00:00,,,,brazzaville,DIRECTEUR DES REVENUS Hôtellerie - Restauration
JOB250001291,DIRECTEUR D’HÔTEL,Hôtellerie - Restauration,BRAZZAVILLE,CDD,Emploi Temporaire,AL OTHMAN REAL ESTATE GROUP,,1.0,2025-06-02 00:00:00,,,,brazzaville,DIRECTEUR D’HÔTEL Hôtellerie - Restauration
JOB250001292,DIRECTEUR DES RESSOURCES HUMAINES,Hôtellerie - Restauration,BRAZZAVILLE,CDD,Emploi Temporaire,AL OTHMAN REAL ESTATE GROUP,,1.0,2025-06-02 00:00:00,,,,brazzaville,DIRECTEUR DES RESSOURCES HUMAINES Hôtellerie - Restauration
JOB250001293,DIRECTEUR TECHNIQUE,Hôtellerie - Restauration,BRAZZAVILLE,CDD,Emploi Temporaire,AL OTHMAN REAL ESTATE GROUP,,1.0,2025-06-02 00:00:00,,,,brazzaville,DIRECTEUR TECHNIQUE Hôtellerie - Restauration
JOB250001294,DIRECTEURFORMATION & QUALITÉ,Hôtellerie - Restauration,BRAZZAVILLE,CDD,Emploi Temporaire,AL OTHMAN REAL ESTATE GROUP,,1.0,2025-06-02 00:00:00,,,,brazzaville,DIRECTEURFORMATION & QUALITÉ Hôtellerie - Restauration
JOB250001444,RESPONSABLE HYGIÈNE,Hôtellerie - Restauration,BRAZZAVILLE,CDD,Emploi Temporaire,AL OTHMAN REAL ESTATE GROUP,,1.0,2025-06-21 00:00:00,,,,brazzaville,RESPONSABLE HYGIÈNE Hôtellerie - Restauration
JOB250001445,ASSISTANT DU DIRECTEUR FINANCIER,Gestion Administrative,BRAZZAVILLE,CDI,Emploi Durable,AL OTHMAN REAL ESTATE GROUP,,1.0,2025-06-21 00:00:00,,,,brazzaville,ASSISTANT DU DIRECTEUR FINANCIER Gestion Administrative
JOB250001446,RESPONSABLE DES ACHATS,"Transport, Logistique & Supply Chain",BRAZZAVILLE,CDD,Emploi Temporaire,AL OTHMAN REAL ESTATE GROUP,,1.0,2025-06-21 00:00:00,,,,brazzaville,"RESPONSABLE DES ACHATS Transport, Logistique & Supply Chain"
JOB250001447,DIRECTEUR DES GROUPES ET ÉVÉNEMENTS,Hôtellerie - Restauration,BRAZZAVILLE,CDD,Emploi Temporaire,AL OTHMAN REAL ESTATE GROUP,,1.0,2025-06-21 00:00:00,,,,brazzaville,DIRECTEUR DES GROUPES ET ÉVÉNEMENTS Hôtellerie - Restauration
JOB250001448,"DIRECTEURMARKETING, RELATIONS PUBLIQUES ET COMMUNICATION","Commerce, Vente, Marketing & Distribution",BRAZZAVILLE,CDD,Emploi Temporaire,AL OTHMAN REAL ESTATE GROUP,,1.0,2025-06-21 00:00:00,,,,brazzaville,"DIRECTEURMARKETING, RELATIONS PUBLIQUES ET COMMUNICATION Commerce, Vente, Marketing & Distribution"
JOB250001449,RESPONSABLE RÉCEPTION,Hôtellerie - Restauration,BRAZZAVILLE,CDD,Emploi Temporaire,AL OTHMAN REAL ESTATE GROUP,,1.0,2025-06-21 00:00:00,,,,brazzaville,RESPONSABLE RÉCEPTION Hôtellerie - Restauration
JOB250001450,RESPONSABLE E-COMMERCE,Hôtellerie - Restauration,BRAZZAVILLE,CDD,Emploi Temporaire,AL OTHMAN REAL ESTATE GROUP,,1.0,2025-06-21 00:00:00,,,,brazzaville,RESPONSABLE E-COMMERCE Hôtellerie - Restauration
JOB250001451,CHEF EXÉCUTIF,Hôtellerie - Restauration,BRAZZAVILLE,CDD,Emploi Temporaire,AL OTHMAN REAL ESTATE GROUP,,1.0,2025-06-21 00:00:00,,,,brazzaville,CHEF EXÉCUTIF Hôtellerie - Restauration
JOB250001452,DIRECTEUR DE LA RESTAURATION,Hôtellerie - Restauration,BRAZZAVILLE,CDD,Emploi Temporaire,AL OTHMAN REAL ESTATE GROUP,,1.0,2025-06-21 00:00:00,,,,brazzaville,DIRECTEUR DE LA RESTAURATION Hôtellerie - Restauration
JOB250001453,RESPONSABLE RÉSERVATIONS,Hôtellerie - Restauration,BRAZZAVILLE,CDD,Emploi Temporaire,AL OTHMAN REAL ESTATE GROUP,,1.0,2025-06-21 00:00:00,,,,brazzaville,RESPONSABLE RÉSERVATIONS Hôtellerie - Restauration
JOB250001454,Gouvernant Général,Hôtellerie - Restauration,BRAZZAVILLE,CDD,Emploi Temporaire,AL OTHMAN REAL ESTATE GROUP,,1.0,2025-06-21 00:00:00,,,,brazzaville,Gouvernant Général Hôtellerie - Restauration
JOB250001455,RESPONSABLE SPA,Hôtellerie - Restauration,BRAZZAVILLE,CDD,Emploi Temporaire,AL OTHMAN REAL ESTATE GROUP,,1.0,2025-06-21 00:00:00,,,,brazzaville,RESPONSABLE SPA Hôtellerie - Restauration
JOB250001456,RESPONSABLE LOISIRS,Hôtellerie - Restauration,BRAZZAVILLE,CDD,Emploi Temporaire,AL OTHMAN REAL ESTATE GROUP,,1.0,2025-06-21 00:00:00,,,,brazzaville,RESPONSABLE LOISIRS Hôtellerie - Restauration
JOB250001457,RESPONSABLE INFORMATIQUE,Hôtellerie - Restauration,BRAZZAVILLE,CDD,Emploi Temporaire,AL OTHMAN REAL ESTATE GROUP,,1.0,2025-06-21 00:00:00,,,,brazzaville,RESPONSABLE INFORMATIQUE Hôtellerie - Restauration
JOB250001458,RESPONSABLE SÉCURITÉ,Hôtellerie - Restauration,BRAZZAVILLE,CDD,Emploi Temporaire,AL OTHMAN REAL ESTATE GROUP,,1.0,2025-06-21 00:00:00,,,,brazzaville,RESPONSABLE SÉCURITÉ Hôtellerie - Restauration
JOB250001459,RESPONSABLE RESSOURCES HUMAINES,"Conseil, Stratégie & Gestion des Ressources Humaines",BRAZZAVILLE,CDD,Emploi Temporaire,AL OTHMAN REAL ESTATE GROUP,,1.0,2025-06-21 00:00:00,,,,brazzaville,"RESPONSABLE RESSOURCES HUMAINES Conseil, Stratégie & Gestion des Ressources Humaines"
JOB250001460,ASSISTANT DIRECTEUR TECHNIQUE,"Énergie, Environnement & Eau",BRAZZAVILLE,CDD,Emploi Temporaire,AL OTHMAN REAL ESTATE GROUP,,1.0,2025-06-21 00:00:00,,,,brazzaville,"ASSISTANT DIRECTEUR TECHNIQUE Énergie, Environnement & Eau"
JOB250001594,RESPONSABLE GROUPES & ÉVÉNEMENTS,Hôtellerie - Restauration,BRAZZAVILLE,CDD,Emploi Temporaire,AL OTHMAN REAL ESTATE GROUP,,1.0,2025-07-04 00:00:00,,,,brazzaville,RESPONSABLE GROUPES & ÉVÉNEMENTS Hôtellerie - Restauration
JOB250001595,RESPONSABLE COMMERCIAL,Hôtellerie - Restauration,BRAZZAVILLE,CDD,Emploi Temporaire,AL OTHMAN REAL ESTATE GROUP,,1.0,2025-07-04 00:00:00,,,,brazzaville,RESPONSABLE COMMERCIAL Hôtellerie - Restauration
JOB250001596,CHEF EXÉCUTIF PÂTISSIER,Hôtellerie - Restauration,BRAZZAVILLE,CDD,Emploi Temporaire,AL OTHMAN REAL ESTATE GROUP,,1.0,2025-07-04 00:00:00,,,,brazzaville,CHEF EXÉCUTIF PÂTISSIER Hôtellerie - Restauration
JOB250001597,FICHE DE POSTE – SOUS-CHEF EXÉCUTIF,Hôtellerie - Restauration,BRAZZAVILLE,CDD,Emploi Temporaire,AL OTHMAN REAL ESTATE GROUP,,1.0,2025-07-04 00:00:00,,,,brazzaville,FICHE DE POSTE – SOUS-CHEF EXÉCUTIF Hôtellerie - Restauration
JOB250001598,FICHE DE POSTE – CHEF DE CUISINE,Hôtellerie - Restauration,BRAZZAVILLE,CDD,Emploi Temporaire,AL OTHMAN REAL ESTATE GROUP,,1.0,2025-07-04 00:00:00,,,,brazzaville,FICHE DE POSTE – CHEF DE CUISINE Hôtellerie - Restauration
JOB250001599,CHEF BOULANGER,Hôtellerie - Restauration,BRAZZAVILLE,CDD,Emploi Temporaire,AL OTHMAN REAL ESTATE GROUP,,1.0,2025-07-04 00:00:00,,,,brazzaville,CHEF BOULANGER Hôtellerie - Restauration
JOB250001600,SOUS-CHEF CUISINE & PÂTISSERIE,Hôtellerie - Restauration,BRAZZAVILLE,CDD,Emploi Temporaire,AL OTHMAN REAL ESTATE GROUP,,1.0,2025-07-04 00:00:00,,,,brazzaville,SOUS-CHEF CUISINE & PÂTISSERIE Hôtellerie - Restauration
JOB250001601,CHEF DE BANQUET,Hôtellerie - Restauration,BRAZZAVILLE,CDD,Emploi Temporaire,AL OTHMAN REAL ESTATE GROUP,,1.0,2025-07-04 00:00:00,,,,brazzaville,CHEF DE BANQUET Hôtellerie - Restauration
JOB250001603,RESPONSABLE DE RESTAURANT,Hôtellerie - Restauration,BRAZZAVILLE,CDD,Emploi Temporaire,AL OTHMAN REAL ESTATE GROUP,,1.0,2025-07-04 00:00:00,,,,brazzaville,RESPONSABLE DE RESTAURANT Hôtellerie - Restauration
JOB250001604,RESPONSABLE BAR,Hôtellerie - Restauration,BRAZZAVILLE,CDD,Emploi Temporaire,AL OTHMAN REAL ESTATE GROUP,,1.0,2025-07-04 00:00:00,,,,brazzaville,RESPONSABLE BAR Hôtellerie - Restauration
JOB250001605,RESPONSABLE ROOM SERVICE,Hôtellerie - Restauration,BRAZZAVILLE,CDD,Emploi Temporaire,AL OTHMAN REAL ESTATE GROUP,,1.0,2025-07-04 00:00:00,,,,brazzaville,RESPONSABLE ROOM SERVICE Hôtellerie - Restauration
JOB250001606,RESPONSABLE BANQUET,Hôtellerie - Restauration,BRAZZAVILLE,CDD,Emploi Temporaire,AL OTHMAN REAL ESTATE GROUP,,1.0,2025-07-04 00:00:00,,,,brazzaville,RESPONSABLE BANQUET Hôtellerie - Restauration
JOB250001607,ASSISTANT RESPONSABLE DE RESTAURANT,Hôtellerie - Restauration,BRAZZAVILLE,CDD,Emploi Temporaire,AL OTHMAN REAL ESTATE GROUP,,1.0,2025-07-04 00:00:00,,,,brazzaville,ASSISTANT RESPONSABLE DE RESTAURANT Hôtellerie - Restauration
JOB250001608,ASSISTANT RESPONSABLE BANQUET,Hôtellerie - Restauration,BRAZZAVILLE,CDD,Emploi Temporaire,AL OTHMAN REAL ESTATE GROUP,,1.0,2025-07-04 00:00:00,,,,brazzaville,ASSISTANT RESPONSABLE BANQUET Hôtellerie - Restauration
JOB250001609,ASSISTANT RESPONSABLE DE LA RÉCEPTION,Hôtellerie - Restauration,BRAZZAVILLE,CDD,Emploi Temporaire,AL OTHMAN REAL ESTATE GROUP,,1.0,2025-07-04 00:00:00,,,,brazzaville,ASSISTANT RESPONSABLE DE LA RÉCEPTION Hôtellerie - Restauration
JOB250001610,RESPONSABLE DE GARDE,Hôtellerie - Restauration,BRAZZAVILLE,CDD,Emploi Temporaire,AL OTHMAN REAL ESTATE GROUP,,1.0,2025-07-04 00:00:00,,,,brazzaville,RESPONSABLE DE GARDE Hôtellerie - Restauration
JOB250001611,RESPONSABLE DE NUIT,Hôtellerie - Restauration,BRAZZAVILLE,CDD,Emploi Temporaire,AL OTHMAN REAL ESTATE GROUP,,1.0,2025-07-04 00:00:00,,,,brazzaville,RESPONSABLE DE NUIT Hôtellerie - Restauration
JOB250001612,CHEF CONCIERGE,Hôtellerie - Restauration,BRAZZAVILLE,CDD,Emploi Temporaire,AL OTHMAN REAL ESTATE GROUP,,1.0,2025-07-04 00:00:00,,,,brazzaville,CHEF CONCIERGE Hôtellerie - Restauration
JOB250001613,RESPONSABLE DES RELATIONS CLIENTS,Hôtellerie - Restauration,BRAZZAVILLE,CDD,Emploi Temporaire,AL OTHMAN REAL ESTATE GROUP,,1.0,2025-07-04 00:00:00,,,,brazzaville,RESPONSABLE DES RELATIONS CLIENTS Hôtellerie - Restauration
JOB250001614,RESPONSABLE DU SERVICE ÉTAGES,Hôtellerie - Restauration,BRAZZAVILLE,CDD,Emploi Temporaire,AL OTHMAN REAL ESTATE GROUP,,1.0,2025-07-04 00:00:00,,,,brazzaville,RESPONSABLE DU SERVICE ÉTAGES Hôtellerie - Restauration
JOB250001615,RESPONSABLE DE LA BUANDERIE,Hôtellerie - Restauration,BRAZZAVILLE,CDD,Emploi Temporaire,AL OTHMAN REAL ESTATE GROUP,,1.0,2025-07-04 00:00:00,,,,brazzaville,RESPONSABLE DE LA BUANDERIE Hôtellerie - Restauration
JOB250001616,ASSISTANT RESPONSABLE SPA,Hôtellerie - Restauration,BRAZZAVILLE,CDD,Emploi Temporaire,AL OTHMAN REAL ESTATE GROUP,,1.0,2025-07-04 00:00:00,,,,brazzaville,ASSISTANT RESPONSABLE SPA Hôtellerie - Restauration
JOB250001617,ASSISTANT RESPONSABLE INFORMATIQUE,Hôtellerie - Restauration,BRAZZAVILLE,CDD,Emploi Temporaire,AL OTHMAN REAL ESTATE GROUP,,1.0,2025-07-04 00:00:00,,,,brazzaville,ASSISTANT RESPONSABLE INFORMATIQUE Hôtellerie - Restauration
JOB250001618,ASSISTANT RESPONSABLE SÉCURITÉ,Hôtellerie - Restauration,BRAZZAVILLE,CDD,Emploi Temporaire,AL OTHMAN REAL ESTATE GROUP,,1.0,2025-07-04 00:00:00,,,,brazzaville,ASSISTANT RESPONSABLE SÉCURITÉ Hôtellerie - Restauration
JOB250001619,INGÉNIEUR DE GARDE,Hôtellerie - Restauration,BRAZZAVILLE,CDD,Emploi Temporaire,AL OTHMAN REAL ESTATE GROUP,,1.0,2025-07-04 00:00:00,,,,brazzaville,INGÉNIEUR DE GARDE Hôtellerie - Restauration
JOB250002553,Responsable restauration,Hôtellerie - Restauration,BRAZZAVILLE,CDI,Emploi Durable,AL OTHMAN REAL ESTATE GROUP,,1.0,2025-10-31 00:00:00,,,,brazzaville,Responsable restauration Hôtellerie - Restauration
NONREF000237,Stagiaire QHSE,"Assurance Qualité, Contrôle, Testing (QHSE)",POINTE-NOIRE,CDD,Emploi Temporaire,ALC INDUSTRIES,,1.0,2025-03-05 00:00:00,,,,pointe-noire,"Stagiaire QHSE Assurance Qualité, Contrôle, Testing (QHSE)"
NONREF000068,Chauffeur mécanicien,"Industrie, Production & Maintenance",POINTE-NOIRE,CDD,Emploi Temporaire,ALC INDUSTRIES SARL,,1.0,2025-02-14 00:00:00,,,,pointe-noire,"Chauffeur mécanicien Industrie, Production & Maintenance"
JOB250002667,Chargé Ressources Humaines,"Conseil, Stratégie & Gestion des Ressources Humaines",POINTE-NOIRE,CDD,Emploi Temporaire,ALKHORAYEF PETROLEUM CO,,1.0,2025-11-18 00:00:00,,,,pointe-noire,"Chargé Ressources Humaines Conseil, Stratégie & Gestion des Ressources Humaines"
JOB250002668,Superviseur en Approvisionnement Gestion des Stocks et Achats,"Transport, Logistique & Supply Chain",POINTE-NOIRE,CDD,Emploi Temporaire,ALKHORAYEF PETROLEUM CO,,1.0,2025-11-18 00:00:00,,,,pointe-noire,"Superviseur en Approvisionnement Gestion des Stocks et Achats Transport, Logistique & Supply Chain"
JOB250002677,Ingénieur ESP,"Énergie, Environnement & Eau",POINTE-NOIRE,CDD,Emploi Temporaire,ALKHORAYEF PETROLEUM CO,,1.0,2025-11-19 00:00:00,,,,pointe-noire,"Ingénieur ESP Énergie, Environnement & Eau"
JOB250002679,Directeur Général,"Conseil, Stratégie & Gestion des Ressources Humaines",POINTE-NOIRE,CDD,Emploi Temporaire,ALKHORAYEF PETROLEUM CO,,1.0,2025-11-19 00:00:00,,,,pointe-noire,"Directeur Général Conseil, Stratégie & Gestion des Ressources Humaines"
NONREF000401,Technicien de Maintenance de Pompes Submersibles Electriques,"Énergie, Environnement & Eau",POINTE-NOIRE,CDD,Emploi Temporaire,ALKHORAYEF PETROLEUM CO,,1.0,2025-12-29,,,,pointe-noire,"Technicien de Maintenance de Pompes Submersibles Electriques Énergie, Environnement & Eau"
JOB250002024,COORDONNATEUR QHSE,"Assurance Qualité, Contrôle, Testing (QHSE)",POINTE-NOIRE,CDI,Emploi Durable,ALPHA OMEGA,,1.0,2025-08-21 00:00:00,,,,pointe-noire,"COORDONNATEUR QHSE Assurance Qualité, Contrôle, Testing (QHSE)"
JOB250002225,Graisseur,"Bâtiment, Travaux Publics & Aménagement du Territoire",POINTE-NOIRE,CDD,Emploi Temporaire,ALPORT POINTE NOIRE,,1.0,2025-09-15 00:00:00,,,,pointe-noire,"Graisseur Bâtiment, Travaux Publics & Aménagement du Territoire"
JOB250002230,Capitaines de Remorqueurs (500 UMS),"Transport, Logistique & Supply Chain",POINTE-NOIRE,CDD,Emploi Temporaire,ALPORT POINTE NOIRE,,1.0,2025-09-15 00:00:00,,,,pointe-noire,"Capitaines de Remorqueurs (500 UMS) Transport, Logistique & Supply Chain"
NONREF000184,Opérateurs radio haute Fréq,"Transport, Logistique & Supply Chain",POINTE-NOIRE,CDD,Emploi Temporaire,ALPORT POINTE-NOIRE,,6.0,2025-02-13 00:00:00,,,,pointe-noire,"Opérateurs radio haute Fréq Transport, Logistique & Supply Chain"
NONREF000238,Statisticien,"Transport, Logistique & Supply Chain",POINTE-NOIRE,CDD,Emploi Temporaire,ALPORT POINTE-NOIRE,,1.0,2025-02-13 00:00:00,,,,pointe-noire,"Statisticien Transport, Logistique & Supply Chain"
JOB250002070,Technicien biomedical,"Santé, Pharmacie & Recherche Scientifique",BRAZZAVILLE,CDD,Emploi Temporaire,ALTHEA SARL,,1.0,2025-08-29 00:00:00,,,,brazzaville,"Technicien biomedical Santé, Pharmacie & Recherche Scientifique"
JOB250002092,Administratif d'atelier technique,"Conseil, Stratégie & Gestion des Ressources Humaines",BRAZZAVILLE,CDD,Emploi Temporaire,ALTHEA SARL,,1.0,2025-09-01 00:00:00,,,,brazzaville,"Administratif d'atelier technique Conseil, Stratégie & Gestion des Ressources Humaines"
JOB250002129,SECRETAIRE DE DIRECTION,"Conseil, Stratégie & Gestion des Ressources Humaines",BRAZZAVILLE,CDD,Emploi Temporaire,ALTHEA SARL,,1.0,2025-09-04 00:00:00,,,,brazzaville,"SECRETAIRE DE DIRECTION Conseil, Stratégie & Gestion des Ressources Humaines"
JOB250002131,Technicien biomedical,"Santé, Pharmacie & Recherche Scientifique",POINTE-NOIRE,CDD,Emploi Temporaire,ALTHEA SARL,,1.0,2025-09-04 00:00:00,,,,pointe-noire,"Technicien biomedical Santé, Pharmacie & Recherche Scientifique"
JOB250002132,Technicien biomedical,"Santé, Pharmacie & Recherche Scientifique",DOLISIE,CDD,Emploi Temporaire,ALTHEA SARL,,1.0,2025-09-04 00:00:00,,,,dolisie,"Technicien biomedical Santé, Pharmacie & Recherche Scientifique"
JOB250002133,Technicien biomedical,"Santé, Pharmacie & Recherche Scientifique",OYO,CDD,Emploi Temporaire,ALTHEA SARL,,1.0,2025-09-04 00:00:00,,,,oyo,"Technicien biomedical Santé, Pharmacie & Recherche Scientifique"
JOB250002134,Technicien biomedical,"Santé, Pharmacie & Recherche Scientifique",OWANDO,CDD,Emploi Temporaire,ALTHEA SARL,,1.0,2025-09-04 00:00:00,,,,owando,"Technicien biomedical Santé, Pharmacie & Recherche Scientifique"
JOB250002135,Administratif d'atelier technique,"Conseil, Stratégie & Gestion des Ressources Humaines",POINTE-NOIRE,CDD,Emploi Temporaire,ALTHEA SARL,,1.0,2025-09-04 00:00:00,,,,pointe-noire,"Administratif d'atelier technique Conseil, Stratégie & Gestion des Ressources Humaines"
JOB250002136,Administratif d'atelier technique,"Conseil, Stratégie & Gestion des Ressources Humaines",DOLISIE,CDD,Emploi Temporaire,ALTHEA SARL,,1.0,2025-09-04 00:00:00,,,,dolisie,"Administratif d'atelier technique Conseil, Stratégie & Gestion des Ressources Humaines"
JOB250002137,Administratif d'atelier technique,"Conseil, Stratégie & Gestion des Ressources Humaines",OYO,CDD,Emploi Temporaire,ALTHEA SARL,,1.0,2025-09-04 00:00:00,,,,oyo,"Administratif d'atelier technique Conseil, Stratégie & Gestion des Ressources Humaines"
JOB250002138,Administratif d'atelier technique,"Conseil, Stratégie & Gestion des Ressources Humaines",OWANDO,CDD,Emploi Temporaire,ALTHEA SARL,,1.0,2025-09-04 00:00:00,,,,owando,"Administratif d'atelier technique Conseil, Stratégie & Gestion des Ressources Humaines"
JOB250002139,Employé administratif,"Conseil, Stratégie & Gestion des Ressources Humaines",BRAZZAVILLE,CDD,Emploi Temporaire,ALTHEA SARL,,1.0,2025-09-04 00:00:00,,,,brazzaville,"Employé administratif Conseil, Stratégie & Gestion des Ressources Humaines"
NONREF000109,Conseillers de ventes,"Industrie, Production & Maintenance",POINTE-NOIRE,CDI,Emploi Durable,ALUCONGO,,3.0,2025-02-11 00:00:00,,,,pointe-noire,"Conseillers de ventes Industrie, Production & Maintenance"
NONREF000113,Coursier en Moto,"Industrie, Production & Maintenance",POINTE-NOIRE,CDD,Emploi Temporaire,ALUCONGO,,1.0,2025-02-11 00:00:00,,,,pointe-noire,"Coursier en Moto Industrie, Production & Maintenance"
NONREF000215,Responsable logistique,"Industrie, Production & Maintenance",POINTE-NOIRE,CDD,Emploi Temporaire,ALUCONGO,,1.0,2025-02-11 00:00:00,,,,pointe-noire,"Responsable logistique Industrie, Production & Maintenance"
NONREF000246,Technico-commercial B to B,"Industrie, Production & Maintenance",POINTE-NOIRE,CDD,Emploi Temporaire,ALUCONGO,,1.0,2025-02-11 00:00:00,,,,pointe-noire,"Technico-commercial B to B Industrie, Production & Maintenance"
JOB250001249,DIRECTEUR TECHNIQUE,"Pétrole, Gaz & Hydrocarbures",POINTE-NOIRE,CDD,Emploi Temporaire,AMMAT GLOBAL RESSOURCES SAU,,1.0,2025-05-27 00:00:00,,,,pointe-noire,"DIRECTEUR TECHNIQUE Pétrole, Gaz & Hydrocarbures"
JOB250002614,Acheteur,Agriculture & Industrie Agroalimentaire,POINTE-NOIRE,CDD,Emploi Temporaire,AMMAT GLOBAL RESSOURCES SAU,,1.0,2025-11-07 00:00:00,,,,pointe-noire,Acheteur Agriculture & Industrie Agroalimentaire
JOB250002618,Superviseur de puits,"Pétrole, Gaz & Hydrocarbures",POINTE-NOIRE,CDD,Emploi Temporaire,AMMAT GLOBAL RESSOURCES SAU,,1.0,2025-11-07 00:00:00,,,,pointe-noire,"Superviseur de puits Pétrole, Gaz & Hydrocarbures"
JOB250002627,Responsable Achat,"Pétrole, Gaz & Hydrocarbures",POINTE-NOIRE,CDI,Emploi Durable,AMMAT GLOBAL RESSOURCES SAU,,1.0,2025-11-10 00:00:00,,,,pointe-noire,"Responsable Achat Pétrole, Gaz & Hydrocarbures"
NONREF000396,Chauffeur,"Transport, Logistique & Supply Chain",BRAZZAVILLE,CDD,Emploi Temporaire,ANAO SARL,,1.0,2025-12-31,,,,brazzaville,"Chauffeur Transport, Logistique & Supply Chain"
NONREF000003,Agent Adm ou employé de Bu,"Énergie, Environnement & Eau",POINTE-NOIRE,CDD,Emploi Temporaire,ARCONS,,1.0,2025-01-17 00:00:00,,,,pointe-noire,"Agent Adm ou employé de Bu Énergie, Environnement & Eau"
NONREF000007,Agent de liaison Pou Planton,"Énergie, Environnement & Eau",POINTE-NOIRE,CDD,Emploi Temporaire,ARCONS,,1.0,2025-01-17 00:00:00,,,,pointe-noire,"Agent de liaison Pou Planton Énergie, Environnement & Eau"
JOB250000937,CHARGE DES OPERATIONS DE LEVAGE,"Industrie, Production & Maintenance",POINTE-NOIRE,CDD,Emploi Temporaire,ARD CONGO,,1.0,2025-04-14 00:00:00,,,,pointe-noire,"CHARGE DES OPERATIONS DE LEVAGE Industrie, Production & Maintenance"
JOB250001699,Soudeur,"Industrie, Production & Maintenance",POINTE-NOIRE,CDD,Emploi Temporaire,ARD CONGO,,1.0,2025-07-15 00:00:00,,,,pointe-noire,"Soudeur Industrie, Production & Maintenance"
JOB250001926,Agent voyage,"Tourisme, Loisirs & Voyages",BRAZZAVILLE,CDD,Emploi Temporaire,AREVA,,1.0,2025-08-12 00:00:00,,,,brazzaville,"Agent voyage Tourisme, Loisirs & Voyages"
JOB250001521,RESPONSABLE ADMINISTRATIF ET COMMERCIALE,"Bâtiment, Travaux Publics & Aménagement du Territoire",BRAZZAVILLE,CDD,Emploi Temporaire,ARI (asphalt and road international),,1.0,2025-06-25 00:00:00,,,,brazzaville,"RESPONSABLE ADMINISTRATIF ET COMMERCIALE Bâtiment, Travaux Publics & Aménagement du Territoire"
JOB250001523,Assistant Ressources Humaines,"Bâtiment, Travaux Publics & Aménagement du Territoire",BRAZZAVILLE,CDD,Emploi Temporaire,ARI (asphalt and road international),,1.0,2025-06-25 00:00:00,,,,brazzaville,"Assistant Ressources Humaines Bâtiment, Travaux Publics & Aménagement du Territoire"
JOB250001525,Chauffeur,"Bâtiment, Travaux Publics & Aménagement du Territoire",BRAZZAVILLE,CDD,Emploi Temporaire,ARI (asphalt and road international),,1.0,2025-06-25 00:00:00,,,,brazzaville,"Chauffeur Bâtiment, Travaux Publics & Aménagement du Territoire"
JOB250001526,COMPTABLE FISCALISTE,"Bâtiment, Travaux Publics & Aménagement du Territoire",BRAZZAVILLE,CDD,Emploi Temporaire,ARI (asphalt and road international),,1.0,2025-06-25 00:00:00,,,,brazzaville,"COMPTABLE FISCALISTE Bâtiment, Travaux Publics & Aménagement du Territoire"
JOB250001813,TECHNICIENNE DE SURFACE,Nettoyage & Blanchisserie,BRAZZAVILLE,CDD,Emploi Temporaire,ARI (asphalt and road international),,1.0,2025-07-30 00:00:00,,,,brazzaville,TECHNICIENNE DE SURFACE Nettoyage & Blanchisserie
JOB250002313,COMPTABLE FISCALISTE,"Finance, Banque, Assurance, Comptabilité & Fiscalité",POINTE-NOIRE,CDD,Emploi Temporaire,ARI (asphalt and road international),,1.0,2025-09-26 00:00:00,,,,pointe-noire,"COMPTABLE FISCALISTE Finance, Banque, Assurance, Comptabilité & Fiscalité"
JOB250002788,Conducteur d' Asphalt-Batch Mixing Plant-(Usine mobile,"Bâtiment, Travaux Publics & Aménagement du Territoire",BRAZZAVILLE,CDD,Emploi Temporaire,ARI (asphalt and road international),,1.0,2025-12-09 00:00:00,,,,brazzaville,"Conducteur d' Asphalt-Batch Mixing Plant-(Usine mobile Bâtiment, Travaux Publics & Aménagement du Territoire"
JOB250002790,Conducteur de skid steer Loader (chargeuse compacte- XCMG XC7-SL30),"Bâtiment, Travaux Publics & Aménagement du Territoire",BRAZZAVILLE,CDD,Emploi Temporaire,ARI (asphalt and road international),,1.0,2025-12-09 00:00:00,,,,brazzaville,"Conducteur de skid steer Loader (chargeuse compacte- XCMG XC7-SL30) Bâtiment, Travaux Publics & Aménagement du Territoire"
JOB250002831,Conducteur de Rouleau Compresseur Double Tambour (XCMG XD103& XD120),"Bâtiment, Travaux Publics & Aménagement du Territoire",BRAZZAVILLE,CDD,Emploi Temporaire,ARI (asphalt and road international),,1.0,2025-12-15 00:00:00,,,,brazzaville,"Conducteur de Rouleau Compresseur Double Tambour (XCMG XD103& XD120) Bâtiment, Travaux Publics & Aménagement du Territoire"
JOB250001916,ASSISTANT RECOUVREMENT,"Finance, Banque, Assurance, Comptabilité & Fiscalité",BRAZZAVILLE,CDI,Emploi Durable,ARPCE,,1.0,2025-08-11 00:00:00,,,,brazzaville,"ASSISTANT RECOUVREMENT Finance, Banque, Assurance, Comptabilité & Fiscalité"
JOB250001935,ASSISTANT CONTRATS,Autorité de Régulation,BRAZZAVILLE,CDI,Emploi Durable,ARPCE,,1.0,2025-08-13 00:00:00,,,,brazzaville,ASSISTANT CONTRATS Autorité de Régulation
JOB250002608,ASSISTANT CONTRATS,Autorité de Régulation,BRAZZAVILLE,CDI,Emploi Durable,ARPCE,,1.0,2025-11-07 00:00:00,,,,brazzaville,ASSISTANT CONTRATS Autorité de Régulation
JOB250002610,ASSISTANT AFFAIRES INTERNATIONALES EN CHARGE SUIVI DU SECTEUR DES COMMUNICATION ELECTRONIQUES,Autorité de Régulation,BRAZZAVILLE,CDI,Emploi Durable,ARPCE,,1.0,2025-11-07 00:00:00,,,,brazzaville,ASSISTANT AFFAIRES INTERNATIONALES EN CHARGE SUIVI DU SECTEUR DES COMMUNICATION ELECTRONIQUES Autorité de Régulation
JOB250001194,PROFESSEUR DES ECOLES,"Éducation, Formation & Enseignement",BRAZZAVILLE,CDD,Emploi Temporaire,Association des Parents d'Elèves de l'Ecole Saint Exupéry (Lycée International Français Saint Exupéry),,1.0,2025-05-21 00:00:00,,,,brazzaville,"PROFESSEUR DES ECOLES Éducation, Formation & Enseignement"
JOB250001195,PROFESSEUR D’HISTOIRE ET GÉOGRAPHIE,"Éducation, Formation & Enseignement",BRAZZAVILLE,CDD,Emploi Temporaire,Association des Parents d'Elèves de l'Ecole Saint Exupéry (Lycée International Français Saint Exupéry),,1.0,2025-05-21 00:00:00,,,,brazzaville,"PROFESSEUR D’HISTOIRE ET GÉOGRAPHIE Éducation, Formation & Enseignement"
JOB250001196,PROFESSEUR DE PHILOSOPHIE,"Éducation, Formation & Enseignement",BRAZZAVILLE,CDD,Emploi Temporaire,Association des Parents d'Elèves de l'Ecole Saint Exupéry (Lycée International Français Saint Exupéry),,1.0,2025-05-21 00:00:00,,,,brazzaville,"PROFESSEUR DE PHILOSOPHIE Éducation, Formation & Enseignement"
JOB250001197,PROFESSEUR D’ESPAGNOL,"Éducation, Formation & Enseignement",BRAZZAVILLE,CDD,Emploi Temporaire,Association des Parents d'Elèves de l'Ecole Saint Exupéry (Lycée International Français Saint Exupéry),,1.0,2025-05-21 00:00:00,,,,brazzaville,"PROFESSEUR D’ESPAGNOL Éducation, Formation & Enseignement"
JOB250001198,PROFESSEUR D’EDUCATION PHYSIQUE ET SPORTIVE,"Éducation, Formation & Enseignement",BRAZZAVILLE,CDD,Emploi Temporaire,Association des Parents d'Elèves de l'Ecole Saint Exupéry (Lycée International Français Saint Exupéry),,1.0,2025-05-21 00:00:00,,,,brazzaville,"PROFESSEUR D’EDUCATION PHYSIQUE ET SPORTIVE Éducation, Formation & Enseignement"
JOB250001199,PROFESSEUR D’EDUCATION PHYSIQUE ET SPORTIVE POUR L’ÉCOLE PRIMAIRE,"Éducation, Formation & Enseignement",BRAZZAVILLE,CDD,Emploi Temporaire,Association des Parents d'Elèves de l'Ecole Saint Exupéry (Lycée International Français Saint Exupéry),,1.0,2025-05-21 00:00:00,,,,brazzaville,"PROFESSEUR D’EDUCATION PHYSIQUE ET SPORTIVE POUR L’ÉCOLE PRIMAIRE Éducation, Formation & Enseignement"
JOB250001200,PROFESSEUR D’ANGLAISNATIVE SPEAKER (LANGUE MATERNELLE),"Éducation, Formation & Enseignement",BRAZZAVILLE,CDD,Emploi Temporaire,Association des Parents d'Elèves de l'Ecole Saint Exupéry (Lycée International Français Saint Exupéry),,1.0,2025-05-21 00:00:00,,,,brazzaville,"PROFESSEUR D’ANGLAISNATIVE SPEAKER (LANGUE MATERNELLE) Éducation, Formation & Enseignement"
JOB250001201,PROFESSEUR D’ANGLAIS,"Éducation, Formation & Enseignement",BRAZZAVILLE,CDD,Emploi Temporaire,Association des Parents d'Elèves de l'Ecole Saint Exupéry (Lycée International Français Saint Exupéry),,1.0,2025-05-21 00:00:00,,,,brazzaville,"PROFESSEUR D’ANGLAIS Éducation, Formation & Enseignement"
JOB250001203,ASSISTANT EN RESSOURCES HUMAINES,"Éducation, Formation & Enseignement",BRAZZAVILLE,CDD,Emploi Temporaire,Association des Parents d'Elèves de l'Ecole Saint Exupéry (Lycée International Français Saint Exupéry),,1.0,2025-05-21 00:00:00,,,,brazzaville,"ASSISTANT EN RESSOURCES HUMAINES Éducation, Formation & Enseignement"
JOB250001205,RESPONSABLE DU SERVICE INFORMATIQUE,"Éducation, Formation & Enseignement",BRAZZAVILLE,CDD,Emploi Temporaire,Association des Parents d'Elèves de l'Ecole Saint Exupéry (Lycée International Français Saint Exupéry),,1.0,2025-05-21 00:00:00,,,,brazzaville,"RESPONSABLE DU SERVICE INFORMATIQUE Éducation, Formation & Enseignement"
JOB250001206,Assistant de Direction,"Éducation, Formation & Enseignement",BRAZZAVILLE,CDD,Emploi Temporaire,Association des Parents d'Elèves de l'Ecole Saint Exupéry (Lycée International Français Saint Exupéry),,1.0,2025-05-21 00:00:00,,,,brazzaville,"Assistant de Direction Éducation, Formation & Enseignement"
JOB250001207,RESPONSABLE DES SERVICES TECHNIQUES ET D’ENTRETIEN,"Éducation, Formation & Enseignement",BRAZZAVILLE,CDD,Emploi Temporaire,Association des Parents d'Elèves de l'Ecole Saint Exupéry (Lycée International Français Saint Exupéry),,1.0,2025-05-21 00:00:00,,,,brazzaville,"RESPONSABLE DES SERVICES TECHNIQUES ET D’ENTRETIEN Éducation, Formation & Enseignement"
JOB250002471,ENSEIGNANT,"Éducation, Formation & Enseignement",BRAZZAVILLE,CDD,Emploi Temporaire,Association des Parents d'Elèves de l'Ecole Saint Exupéry (Lycée International Français Saint Exupéry),,1.0,2025-10-22 00:00:00,,,,brazzaville,"ENSEIGNANT Éducation, Formation & Enseignement"
JOB250002308,Cuisinier,Hôtellerie - Restauration,POINTE-NOIRE,CDD,Emploi Temporaire,ATLAS,,1.0,2025-09-25 00:00:00,,,,pointe-noire,Cuisinier Hôtellerie - Restauration
NONREF000148,Gestionnaire rh,"Conseil, Stratégie & Gestion des Ressources Humaines",POINTE-NOIRE,CDD,Emploi Temporaire,FONDATION AVSI,,1.0,2025-01-23 00:00:00,,,,pointe-noire,"Gestionnaire rh Conseil, Stratégie & Gestion des Ressources Humaines"
JOB250001266,Gestionnaire de Prestation de Services Terrain,"Pétrole, Gaz & Hydrocarbures",POINTE-NOIRE,CDD,Emploi Temporaire,BAKER HUGHES ASIA PACIFIC LTD,,1.0,2025-05-28 00:00:00,,,,pointe-noire,"Gestionnaire de Prestation de Services Terrain Pétrole, Gaz & Hydrocarbures"
JOB250000986,Chargé d'Affaires TPE (Très Petites Entreprises) & PRO (Professionnels),"Finance, Banque, Assurance, Comptabilité & Fiscalité",BRAZZAVILLE,CDI,Emploi Durable,BANQUE COMMERCIALE INTERNATIONALE,,1.0,2025-04-24 00:00:00,,,,brazzaville,"Chargé d'Affaires TPE (Très Petites Entreprises) & PRO (Professionnels) Finance, Banque, Assurance, Comptabilité & Fiscalité"
JOB250001514,Commercial B2B,"Bâtiment, Travaux Publics & Aménagement du Territoire",BRAZZAVILLE,CDD,Emploi Temporaire,BATIMAT CONGO,,1.0,2025-06-24 00:00:00,,,,brazzaville,"Commercial B2B Bâtiment, Travaux Publics & Aménagement du Territoire"
JOB250002660,Auditeur Seniors,"Finance, Banque, Assurance, Comptabilité & Fiscalité",POINTE-NOIRE,Stage professionnel,Stages Classiques,BDO AUDIT SA,,1.0,2025-11-17 00:00:00,,,,pointe-noire,"Auditeur Seniors Finance, Banque, Assurance, Comptabilité & Fiscalité"
JOB250002759,Auditeur IT Senior,"Finance, Banque, Assurance, Comptabilité & Fiscalité",POINTE-NOIRE,CDI,Emploi Durable,BDO AUDIT SA,,1.0,2025-12-02 00:00:00,,,,pointe-noire,"Auditeur IT Senior Finance, Banque, Assurance, Comptabilité & Fiscalité"
JOB250001782,Directeur des Opérations du Casino,"Tourisme, Loisirs & Voyages",POINTE-NOIRE,CDI,Emploi Durable,BETTOMAX SARLU,,1.0,2025-07-25 00:00:00,,,,pointe-noire,"Directeur des Opérations du Casino Tourisme, Loisirs & Voyages"
JOB250001783,Directeur des Opérations du Casino,"Tourisme, Loisirs & Voyages",POINTE-NOIRE,CDI,Emploi Durable,BETTOMAX SARLU,,1.0,2025-07-25 00:00:00,,,,pointe-noire,"Directeur des Opérations du Casino Tourisme, Loisirs & Voyages"
JOB250001784,Responsale du Casino,"Tourisme, Loisirs & Voyages",POINTE-NOIRE,CDI,Emploi Durable,BETTOMAX SARLU,,1.0,2025-07-25 00:00:00,,,,pointe-noire,"Responsale du Casino Tourisme, Loisirs & Voyages"
JOB250001785,Responsable Technique du Casino,"Tourisme, Loisirs & Voyages",POINTE-NOIRE,CDI,Emploi Durable,BETTOMAX SARLU,,1.0,2025-07-25 00:00:00,,,,pointe-noire,"Responsable Technique du Casino Tourisme, Loisirs & Voyages"
JOB250001786,Technicien de Jeux,"Tourisme, Loisirs & Voyages",POINTE-NOIRE,CDI,Emploi Durable,BETTOMAX SARLU,,1.0,2025-07-25 00:00:00,,,,pointe-noire,"Technicien de Jeux Tourisme, Loisirs & Voyages"
JOB250001787,Technicien de Jeux,"Tourisme, Loisirs & Voyages",POINTE-NOIRE,CDI,Emploi Durable,BETTOMAX SARLU,,1.0,2025-07-25 00:00:00,,,,pointe-noire,"Technicien de Jeux Tourisme, Loisirs & Voyages"
JOB250001788,Technicien de Jeux,"Tourisme, Loisirs & Voyages",POINTE-NOIRE,CDI,Emploi Durable,BETTOMAX SARLU,,1.0,2025-07-25 00:00:00,,,,pointe-noire,"Technicien de Jeux Tourisme, Loisirs & Voyages"
JOB250000947,Chargéd'affaire corporate,"Finance, Banque, Assurance, Comptabilité & Fiscalité",BRAZZAVILLE,CDD,Emploi Temporaire,BGFI Bank,,1.0,2025-04-18 00:00:00,,,,brazzaville,"Chargéd'affaire corporate Finance, Banque, Assurance, Comptabilité & Fiscalité"
JOB250000948,Chargé de la formalisationdes actes,"Finance, Banque, Assurance, Comptabilité & Fiscalité",BRAZZAVILLE,CDD,Emploi Temporaire,BGFI Bank,,1.0,2025-04-18 00:00:00,,,,brazzaville,"Chargé de la formalisationdes actes Finance, Banque, Assurance, Comptabilité & Fiscalité"
JOB250000949,CAISSIER,"Finance, Banque, Assurance, Comptabilité & Fiscalité",BRAZZAVILLE,CDD,Emploi Temporaire,BGFI Bank,,1.0,2025-04-22 00:00:00,,,,brazzaville,"CAISSIER Finance, Banque, Assurance, Comptabilité & Fiscalité"
JOB250000950,Chargé d'affaires Corporate,"Finance, Banque, Assurance, Comptabilité & Fiscalité",BRAZZAVILLE,CDI,Emploi Durable,BGFI Bank,,1.0,2025-04-22 00:00:00,,,,brazzaville,"Chargé d'affaires Corporate Finance, Banque, Assurance, Comptabilité & Fiscalité"
JOB250000951,Chargédes apurements monétiques,"Finance, Banque, Assurance, Comptabilité & Fiscalité",BRAZZAVILLE,CDD,Emploi Temporaire,BGFI Bank,,1.0,2025-04-22 00:00:00,,,,brazzaville,"Chargédes apurements monétiques Finance, Banque, Assurance, Comptabilité & Fiscalité"
JOB250000952,chargé des Apurements opérations bancaires,"Finance, Banque, Assurance, Comptabilité & Fiscalité",BRAZZAVILLE,CDD,Emploi Temporaire,BGFI Bank,,1.0,2025-04-22 00:00:00,,,,brazzaville,"chargé des Apurements opérations bancaires Finance, Banque, Assurance, Comptabilité & Fiscalité"
JOB250001494,CHARGE DES APUREMENTS OPERATIONS BANCAIRES,"Finance, Banque, Assurance, Comptabilité & Fiscalité",BRAZZAVILLE,CDD,Emploi Temporaire,BGFI Bank,,1.0,2025-06-23 00:00:00,,,,brazzaville,"CHARGE DES APUREMENTS OPERATIONS BANCAIRES Finance, Banque, Assurance, Comptabilité & Fiscalité"
JOB250001496,Chargé des apurements monetiques,"Finance, Banque, Assurance, Comptabilité & Fiscalité",BRAZZAVILLE,CDD,Emploi Temporaire,BGFI Bank,,1.0,2025-06-23 00:00:00,,,,brazzaville,"Chargé des apurements monetiques Finance, Banque, Assurance, Comptabilité & Fiscalité"
JOB250001589,charge de relation clientèlePMI/PME,"Finance, Banque, Assurance, Comptabilité & Fiscalité",BRAZZAVILLE,CDD,Emploi Temporaire,BGFI Bank,,1.0,2025-07-03 00:00:00,,,,brazzaville,"charge de relation clientèlePMI/PME Finance, Banque, Assurance, Comptabilité & Fiscalité"
JOB250001590,charge de relation clientèlePMI/PME,"Finance, Banque, Assurance, Comptabilité & Fiscalité",BRAZZAVILLE,CDD,Emploi Temporaire,BGFI Bank,,1.0,2025-07-03 00:00:00,,,,brazzaville,"charge de relation clientèlePMI/PME Finance, Banque, Assurance, Comptabilité & Fiscalité"
JOB250001662,CHARGE DE LA PAIE,"Finance, Banque, Assurance, Comptabilité & Fiscalité",BRAZZAVILLE,CDD,Emploi Temporaire,BGFI Bank,,1.0,2025-07-11 00:00:00,,,,brazzaville,"CHARGE DE LA PAIE Finance, Banque, Assurance, Comptabilité & Fiscalité"
JOB250001678,Chargée de relation clientèle,"Finance, Banque, Assurance, Comptabilité & Fiscalité",BRAZZAVILLE,CDD,Emploi Temporaire,BGFI Bank,,1.0,2025-07-14 00:00:00,,,,brazzaville,"Chargée de relation clientèle Finance, Banque, Assurance, Comptabilité & Fiscalité"
JOB250001679,charge de la logistique,"Finance, Banque, Assurance, Comptabilité & Fiscalité",BRAZZAVILLE,CDD,Emploi Temporaire,BGFI Bank,,1.0,2025-07-14 00:00:00,,,,brazzaville,"charge de la logistique Finance, Banque, Assurance, Comptabilité & Fiscalité"
JOB250002773,Chef de service Trace Finance,"Finance, Banque, Assurance, Comptabilité & Fiscalité",BRAZZAVILLE,CDD,Emploi Temporaire,BGFI Bank,,1.0,2025-12-05 00:00:00,,,,brazzaville,"Chef de service Trace Finance Finance, Banque, Assurance, Comptabilité & Fiscalité"
JOB250001527,Vendeur en bijouterie,"Commerce, Vente, Marketing & Distribution",BRAZZAVILLE,CDI,Emploi Durable,Bijouterie Beltrando,,1.0,2025-06-25 00:00:00,,,,brazzaville,"Vendeur en bijouterie Commerce, Vente, Marketing & Distribution"
NONREF000017,Assistantservice client,"Commerce, Vente, Marketing & Distribution",POINTE-NOIRE,STAGE,Stages Classiques,BLUE COLLAR,,1.0,2025-01-03 00:00:00,,,,pointe-noire,"Assistantservice client Commerce, Vente, Marketing & Distribution"
NONREF000026,Assistant comptable,"Commerce, Vente, Marketing & Distribution",POINTE-NOIRE,STAGE,Stages Classiques,BLUE COLLAR,,2.0,2025-01-03 00:00:00,,,,pointe-noire,"Assistant comptable Commerce, Vente, Marketing & Distribution"
NONREF000135,Géologue,"Commerce, Vente, Marketing & Distribution",POINTE-NOIRE,CDD,Emploi Temporaire,BLUE COLLAR,,5.0,2025-01-14 00:00:00,,,,pointe-noire,"Géologue Commerce, Vente, Marketing & Distribution"
NONREF000182,Opérateur tractopelle,"Commerce, Vente, Marketing & Distribution",POINTE-NOIRE,CDD,Emploi Temporaire,BLUE COLLAR,,10.0,2025-01-03 00:00:00,,,,pointe-noire,"Opérateur tractopelle Commerce, Vente, Marketing & Distribution"
NONREF000198,Recrutement bilingue,"Commerce, Vente, Marketing & Distribution",POINTE-NOIRE,STAGE,Stages Classiques,BLUE COLLAR,,1.0,2025-01-03 00:00:00,,,,pointe-noire,"Recrutement bilingue Commerce, Vente, Marketing & Distribution"
NONREF000210,Responsable formation,"Commerce, Vente, Marketing & Distribution",POINTE-NOIRE,CDD,Emploi Temporaire,BLUE COLLAR,,1.0,2025-01-03 00:00:00,,,,pointe-noire,"Responsable formation Commerce, Vente, Marketing & Distribution"
JOB250001492,POINTEUR,"Conseil, Stratégie & Gestion des Ressources Humaines",POINTE-NOIRE,CDD,Emploi Temporaire,BLUE COLLAR,,1.0,2025-06-23 00:00:00,,,,pointe-noire,"POINTEUR Conseil, Stratégie & Gestion des Ressources Humaines"
JOB250001510,chargé de portefeuille,"Commerce, Vente, Marketing & Distribution",BRAZZAVILLE,CDD,Emploi Temporaire,BLUE COLLAR,,1.0,2025-06-24 00:00:00,,,,brazzaville,"chargé de portefeuille Commerce, Vente, Marketing & Distribution"
JOB250001511,Chauffeur,"Transport, Logistique & Supply Chain",BRAZZAVILLE,CDD,Emploi Temporaire,BLUE COLLAR,,1.0,2025-06-24 00:00:00,,,,brazzaville,"Chauffeur Transport, Logistique & Supply Chain"
JOB250001542,POINTEUR,"Commerce, Vente, Marketing & Distribution",BRAZZAVILLE,CDI,Emploi Durable,BLUE COLLAR,,1.0,2025-06-27 00:00:00,,,,brazzaville,"POINTEUR Commerce, Vente, Marketing & Distribution"
JOB250001543,PATROUILLEUR DE SECURITE,"Commerce, Vente, Marketing & Distribution",BRAZZAVILLE,CDD,Emploi Temporaire,BLUE COLLAR,,1.0,2025-06-27 00:00:00,,,,brazzaville,"PATROUILLEUR DE SECURITE Commerce, Vente, Marketing & Distribution"
JOB250001621,Agent d'entretien,"Commerce, Vente, Marketing & Distribution",BRAZZAVILLE,CDD,Emploi Temporaire,BLUE COLLAR,,1.0,2025-07-04 00:00:00,,,,brazzaville,"Agent d'entretien Commerce, Vente, Marketing & Distribution"
JOB250001625,REPRESENTANT AEROPORTUAIRE,"Commerce, Vente, Marketing & Distribution",BRAZZAVILLE,CDD,Emploi Temporaire,BLUE COLLAR,,1.0,2025-07-04 00:00:00,,,,brazzaville,"REPRESENTANT AEROPORTUAIRE Commerce, Vente, Marketing & Distribution"
JOB250001626,Peintre,"Commerce, Vente, Marketing & Distribution",BRAZZAVILLE,CDD,Emploi Temporaire,BLUE COLLAR,,1.0,2025-07-07 00:00:00,,,,brazzaville,"Peintre Commerce, Vente, Marketing & Distribution"
JOB250001627,POLISHER,"Commerce, Vente, Marketing & Distribution",BRAZZAVILLE,CDD,Emploi Temporaire,BLUE COLLAR,,1.0,2025-07-07 00:00:00,,,,brazzaville,"POLISHER Commerce, Vente, Marketing & Distribution"
JOB250001632,AGENT D BUANDERIE,"Commerce, Vente, Marketing & Distribution",BRAZZAVILLE,CDD,Emploi Temporaire,BLUE COLLAR,,1.0,2025-07-08 00:00:00,,,,brazzaville,"AGENT D BUANDERIE Commerce, Vente, Marketing & Distribution"
JOB250001633,COMMIS DE CUISINE,Hôtellerie - Restauration,BRAZZAVILLE,CDD,Emploi Temporaire,BLUE COLLAR,,1.0,2025-07-08 00:00:00,,,,brazzaville,COMMIS DE CUISINE Hôtellerie - Restauration
JOB250001634,OPERATEUR CCTV,"Commerce, Vente, Marketing & Distribution",BRAZZAVILLE,CDD,Emploi Temporaire,BLUE COLLAR,,1.0,2025-07-08 00:00:00,,,,brazzaville,"OPERATEUR CCTV Commerce, Vente, Marketing & Distribution"
JOB250001635,Maçon,"Commerce, Vente, Marketing & Distribution",BRAZZAVILLE,CDD,Emploi Temporaire,BLUE COLLAR,,1.0,2025-07-08 00:00:00,,,,brazzaville,"Maçon Commerce, Vente, Marketing & Distribution"
JOB250001636,COACH PERSONNEL,"Commerce, Vente, Marketing & Distribution",BRAZZAVILLE,CDD,Emploi Temporaire,BLUE COLLAR,,1.0,2025-07-08 00:00:00,,,,brazzaville,"COACH PERSONNEL Commerce, Vente, Marketing & Distribution"
JOB250001638,SERVEUR,"Commerce, Vente, Marketing & Distribution",BRAZZAVILLE,CDD,Emploi Temporaire,BLUE COLLAR,,1.0,2025-07-08 00:00:00,,,,brazzaville,"SERVEUR Commerce, Vente, Marketing & Distribution"
JOB250001639,COMMIS 1,"Commerce, Vente, Marketing & Distribution",BRAZZAVILLE,CDD,Emploi Temporaire,BLUE COLLAR,,1.0,2025-07-08 00:00:00,,,,brazzaville,"COMMIS 1 Commerce, Vente, Marketing & Distribution"
JOB250001640,STEWARD,"Commerce, Vente, Marketing & Distribution",BRAZZAVILLE,CDD,Emploi Temporaire,BLUE COLLAR,,1.0,2025-07-08 00:00:00,,,,brazzaville,"STEWARD Commerce, Vente, Marketing & Distribution"
JOB250001642,Chauffeur,"Commerce, Vente, Marketing & Distribution",BRAZZAVILLE,CDD,Emploi Temporaire,BLUE COLLAR,,1.0,2025-07-08 00:00:00,,,,brazzaville,"Chauffeur Commerce, Vente, Marketing & Distribution"
JOB250001644,ROOM ATTENDANT,"Commerce, Vente, Marketing & Distribution",BRAZZAVILLE,CDD,Emploi Temporaire,BLUE COLLAR,,1.0,2025-07-08 00:00:00,,,,brazzaville,"ROOM ATTENDANT Commerce, Vente, Marketing & Distribution"
JOB250001645,ROOM ATTENDANT,"Commerce, Vente, Marketing & Distribution",BRAZZAVILLE,CDD,Emploi Temporaire,BLUE COLLAR,,1.0,2025-07-08 00:00:00,,,,brazzaville,"ROOM ATTENDANT Commerce, Vente, Marketing & Distribution"
JOB250002298,AIDE PROFESSIONNELLE,"Commerce, Vente, Marketing & Distribution",BRAZZAVILLE,CDD,Emploi Temporaire,BLUE COLLAR,,1.0,2025-09-24 00:00:00,,,,brazzaville,"AIDE PROFESSIONNELLE Commerce, Vente, Marketing & Distribution"
JOB250002317,COMMIS,Hôtellerie - Restauration,BRAZZAVILLE,CDD,Emploi Temporaire,BLUE COLLAR,,1.0,2025-09-29 00:00:00,,,,brazzaville,COMMIS Hôtellerie - Restauration
JOB250002323,Demi-chef de partie,Hôtellerie - Restauration,BRAZZAVILLE,CDD,Emploi Temporaire,BLUE COLLAR,,1.0,2025-09-30 00:00:00,,,,brazzaville,Demi-chef de partie Hôtellerie - Restauration
JOB250002324,Chef de Partie,Hôtellerie - Restauration,BRAZZAVILLE,CDD,Emploi Temporaire,BLUE COLLAR,,1.0,2025-09-30 00:00:00,,,,brazzaville,Chef de Partie Hôtellerie - Restauration
JOB250002325,employé de service en salle,"Commerce, Vente, Marketing & Distribution",BRAZZAVILLE,CDD,Emploi Temporaire,BLUE COLLAR,,1.0,2025-10-01 00:00:00,,,,brazzaville,"employé de service en salle Commerce, Vente, Marketing & Distribution"
JOB250002327,SUPERVISEUR d'equipe de salle,"Commerce, Vente, Marketing & Distribution",BRAZZAVILLE,CDD,Emploi Temporaire,BLUE COLLAR,,1.0,2025-10-01 00:00:00,,,,brazzaville,"SUPERVISEUR d'equipe de salle Commerce, Vente, Marketing & Distribution"
JOB250002330,Gouvernant Général,"Commerce, Vente, Marketing & Distribution",BRAZZAVILLE,CDD,Emploi Temporaire,BLUE COLLAR,,1.0,2025-10-01 00:00:00,,,,brazzaville,"Gouvernant Général Commerce, Vente, Marketing & Distribution"
JOB250002334,CHARGE DE PORTEFEUILLE,"Commerce, Vente, Marketing & Distribution",BRAZZAVILLE,CDD,Emploi Temporaire,BLUE COLLAR,,1.0,2025-10-02 00:00:00,,,,brazzaville,"CHARGE DE PORTEFEUILLE Commerce, Vente, Marketing & Distribution"
JOB250002358,Agentdes Espaces Publics,"Commerce, Vente, Marketing & Distribution",BRAZZAVILLE,CDD,Emploi Temporaire,BLUE COLLAR,,1.0,2025-10-07 00:00:00,,,,brazzaville,"Agentdes Espaces Publics Commerce, Vente, Marketing & Distribution"
JOB250002362,Chef Barman,Hôtellerie - Restauration,BRAZZAVILLE,CDD,Emploi Temporaire,BLUE COLLAR,,1.0,2025-10-07 00:00:00,,,,brazzaville,Chef Barman Hôtellerie - Restauration
JOB250002389,COMMIS II,Hôtellerie - Restauration,BRAZZAVILLE,CDD,Emploi Temporaire,BLUE COLLAR,,1.0,2025-10-09 00:00:00,,,,brazzaville,COMMIS II Hôtellerie - Restauration
JOB250002390,AGENT DE BUANDERIE,Hôtellerie - Restauration,BRAZZAVILLE,CDD,Emploi Temporaire,BLUE COLLAR,,1.0,2025-10-09 00:00:00,,,,brazzaville,AGENT DE BUANDERIE Hôtellerie - Restauration
JOB250002392,HOTE,Hôtellerie - Restauration,BRAZZAVILLE,CDD,Emploi Temporaire,BLUE COLLAR,,1.0,2025-10-09 00:00:00,,,,brazzaville,HOTE Hôtellerie - Restauration
JOB250002394,SUPERVISEUR RESTAURANT,Hôtellerie - Restauration,BRAZZAVILLE,CDD,Emploi Temporaire,BLUE COLLAR,,1.0,2025-10-09 00:00:00,,,,brazzaville,SUPERVISEUR RESTAURANT Hôtellerie - Restauration
JOB250002395,SUPERVISEUR RECEPTION,Hôtellerie - Restauration,BRAZZAVILLE,CDD,Emploi Temporaire,BLUE COLLAR,,1.0,2025-10-09 00:00:00,,,,brazzaville,SUPERVISEUR RECEPTION Hôtellerie - Restauration
JOB250002396,SERVEUR,"Commerce, Vente, Marketing & Distribution",BRAZZAVILLE,CDD,Emploi Temporaire,BLUE COLLAR,,1.0,2025-10-09 00:00:00,,,,brazzaville,"SERVEUR Commerce, Vente, Marketing & Distribution"
JOB250002500,Barman,Hôtellerie - Restauration,BRAZZAVILLE,CDD,Emploi Temporaire,BLUE COLLAR,,1.0,2025-10-23 00:00:00,,,,brazzaville,Barman Hôtellerie - Restauration
JOB250002563,PISCINISTE,"Transport, Logistique & Supply Chain",BRAZZAVILLE,CDD,Emploi Temporaire,BLUE COLLAR,,1.0,2025-11-04 00:00:00,,,,brazzaville,"PISCINISTE Transport, Logistique & Supply Chain"
JOB250002564,PLOMBIER,"Bâtiment, Travaux Publics & Aménagement du Territoire",BRAZZAVILLE,CDD,Emploi Temporaire,BLUE COLLAR,,1.0,2025-11-04 00:00:00,,,,brazzaville,"PLOMBIER Bâtiment, Travaux Publics & Aménagement du Territoire"
JOB250002598,Peintre,Divers,BRAZZAVILLE,CDD,Emploi Temporaire,BLUE COLLAR,,1.0,2025-11-06 00:00:00,,,,brazzaville,Peintre Divers
JOB250002599,MENUISIER,"Bâtiment, Travaux Publics & Aménagement du Territoire",BRAZZAVILLE,CDD,Emploi Temporaire,BLUE COLLAR,,1.0,2025-11-06 00:00:00,,,,brazzaville,"MENUISIER Bâtiment, Travaux Publics & Aménagement du Territoire"
JOB250002601,CONCIERGE,Hôtellerie - Restauration,BRAZZAVILLE,CDD,Emploi Temporaire,BLUE COLLAR,,1.0,2025-11-06 00:00:00,,,,brazzaville,CONCIERGE Hôtellerie - Restauration
JOB250002602,Electricien,"Énergie, Environnement & Eau",BRAZZAVILLE,CDD,Emploi Temporaire,BLUE COLLAR,,1.0,2025-11-06 00:00:00,,,,brazzaville,"Electricien Énergie, Environnement & Eau"
JOB250002603,AGENT DE RESERVATION,"Commerce, Vente, Marketing & Distribution",BRAZZAVILLE,CDD,Emploi Temporaire,BLUE COLLAR,,1.0,2025-11-06 00:00:00,,,,brazzaville,"AGENT DE RESERVATION Commerce, Vente, Marketing & Distribution"
JOB250002604,AC TECHNICIEN EN CLIMATISATION,"Commerce, Vente, Marketing & Distribution",BRAZZAVILLE,CDD,Emploi Temporaire,BLUE COLLAR,,1.0,2025-11-06 00:00:00,,,,brazzaville,"AC TECHNICIEN EN CLIMATISATION Commerce, Vente, Marketing & Distribution"
JOB250002626,Technicien Audiovisuel,"Communication, Médias & Événementiel",BRAZZAVILLE,CDD,Emploi Temporaire,BLUE COLLAR,,1.0,2025-11-10 00:00:00,,,,brazzaville,"Technicien Audiovisuel Communication, Médias & Événementiel"
JOB250002631,Responsable banquets,Hôtellerie - Restauration,BRAZZAVILLE,CDD,Emploi Temporaire,BLUE COLLAR,,1.0,2025-11-11 00:00:00,,,,brazzaville,Responsable banquets Hôtellerie - Restauration
JOB250002632,Sous-Chef,"Commerce, Vente, Marketing & Distribution",BRAZZAVILLE,CDD,Emploi Temporaire,BLUE COLLAR,,1.0,2025-11-11 00:00:00,,,,brazzaville,"Sous-Chef Commerce, Vente, Marketing & Distribution"
JOB250002633,Operateur téléphone,"Communication, Médias & Événementiel",BRAZZAVILLE,CDD,Emploi Temporaire,BLUE COLLAR,,1.0,2025-11-11 00:00:00,,,,brazzaville,"Operateur téléphone Communication, Médias & Événementiel"
JOB250002654,Operateur téléphone,"Communication, Médias & Événementiel",BRAZZAVILLE,CDD,Emploi Temporaire,BLUE COLLAR,,1.0,2025-11-17 00:00:00,,,,brazzaville,"Operateur téléphone Communication, Médias & Événementiel"
JOB250001204,CHAUFFEUR VTC,"Bâtiment, Travaux Publics & Aménagement du Territoire",POINTE-NOIRE,CDD,Emploi Temporaire,BOC INDUSTRIE,,1.0,2025-05-21 00:00:00,,,,pointe-noire,"CHAUFFEUR VTC Bâtiment, Travaux Publics & Aménagement du Territoire"
JOB250001210,Assistant de Direction,"Bâtiment, Travaux Publics & Aménagement du Territoire",POINTE-NOIRE,CDD,Emploi Temporaire,BOC INDUSTRIE,,1.0,2025-05-22 00:00:00,,,,pointe-noire,"Assistant de Direction Bâtiment, Travaux Publics & Aménagement du Territoire"
JOB250001215,HSE,"Assurance Qualité, Contrôle, Testing (QHSE)",POINTE-NOIRE,CDD,Emploi Temporaire,BOC INDUSTRIE,,1.0,2025-05-22 00:00:00,,,,pointe-noire,"HSE Assurance Qualité, Contrôle, Testing (QHSE)"
JOB250001219,CHARGE D'AFFAIRE,"Bâtiment, Travaux Publics & Aménagement du Territoire",POINTE-NOIRE,CDD,Emploi Temporaire,BOC INDUSTRIE,,1.0,2025-05-23 00:00:00,,,,pointe-noire,"CHARGE D'AFFAIRE Bâtiment, Travaux Publics & Aménagement du Territoire"
JOB250001220,Opérateur Centre d'Appel,"Bâtiment, Travaux Publics & Aménagement du Territoire",POINTE-NOIRE,CDD,Emploi Temporaire,BOC INDUSTRIE,,1.0,2025-05-23 00:00:00,,,,pointe-noire,"Opérateur Centre d'Appel Bâtiment, Travaux Publics & Aménagement du Territoire"
JOB250001221,Manager de Projet,"Bâtiment, Travaux Publics & Aménagement du Territoire",POINTE-NOIRE,CDD,Emploi Temporaire,BOC INDUSTRIE,,1.0,2025-05-23 00:00:00,,,,pointe-noire,"Manager de Projet Bâtiment, Travaux Publics & Aménagement du Territoire"
JOB250001225,Manager de Projet,"Industrie, Production & Maintenance",POINTE-NOIRE,CDD,Emploi Temporaire,BOC INDUSTRIE,,1.0,2025-05-23 00:00:00,,,,pointe-noire,"Manager de Projet Industrie, Production & Maintenance"
JOB250001537,ASSISTANT ADMINISTRATIF,"Commerce, Vente, Marketing & Distribution",POINTE-NOIRE,CDD,Emploi Temporaire,BONAF DISTRIBUTION,,1.0,2025-06-27 00:00:00,,,,pointe-noire,"ASSISTANT ADMINISTRATIF Commerce, Vente, Marketing & Distribution"
JOB250001549,Manœuvre,"Commerce, Vente, Marketing & Distribution",POINTE-NOIRE,CDD,Emploi Temporaire,BONAF DISTRIBUTION,,1.0,2025-06-30 00:00:00,,,,pointe-noire,"Manœuvre Commerce, Vente, Marketing & Distribution"
JOB250002187,Assistant Logistique,"Transport, Logistique & Supply Chain",POINTE-NOIRE,CDD,Emploi Temporaire,BONAF DISTRIBUTION,,1.0,2025-09-09 00:00:00,,,,pointe-noire,"Assistant Logistique Transport, Logistique & Supply Chain"
JOB250002291,COURSIER,"Commerce, Vente, Marketing & Distribution",POINTE-NOIRE,CDD,Emploi Temporaire,BONAF DISTRIBUTION,,1.0,2025-09-23 00:00:00,,,,pointe-noire,"COURSIER Commerce, Vente, Marketing & Distribution"
JOB250002337,Manœuvre,"Commerce, Vente, Marketing & Distribution",POINTE-NOIRE,CDD,Emploi Temporaire,BONAF DISTRIBUTION,,1.0,2025-10-02 00:00:00,,,,pointe-noire,"Manœuvre Commerce, Vente, Marketing & Distribution"
JOB250002338,Facturière,"Commerce, Vente, Marketing & Distribution",POINTE-NOIRE,CDD,Emploi Temporaire,BONAF DISTRIBUTION,,1.0,2025-10-02 00:00:00,,,,pointe-noire,"Facturière Commerce, Vente, Marketing & Distribution"
JOB250002400,Manœuvre,"Commerce, Vente, Marketing & Distribution",POINTE-NOIRE,CDD,Emploi Temporaire,BONAF DISTRIBUTION,,5.0,2025-10-09 00:00:00,,,,pointe-noire,"Manœuvre Commerce, Vente, Marketing & Distribution"
JOB250002638,COMMERCIAL,"Commerce, Vente, Marketing & Distribution",POINTE-NOIRE,CDD,Emploi Temporaire,BONAF DISTRIBUTION,,1.0,2025-11-11 00:00:00,,,,pointe-noire,"COMMERCIAL Commerce, Vente, Marketing & Distribution"
JOB250001415,INGENIEUR EN PLANIFICATION,"Industrie, Production & Maintenance",POINTE-NOIRE,CDD,Emploi Temporaire,BOSCONGO,,1.0,2025-06-13 00:00:00,,,,pointe-noire,"INGENIEUR EN PLANIFICATION Industrie, Production & Maintenance"
JOB250002472,Directeur Administratif et Financier,"Conseil, Stratégie & Gestion des Ressources Humaines",POINTE-NOIRE,CDD,Emploi Temporaire,BOSCONGO,,1.0,2025-10-22 00:00:00,,,,pointe-noire,"Directeur Administratif et Financier Conseil, Stratégie & Gestion des Ressources Humaines"
JOB250002718,chauffeur poids lourds,"Transport, Logistique & Supply Chain",POINTE-NOIRE,CDD,Emploi Temporaire,BOUARA & CIE sarl,,1.0,2025-11-25 00:00:00,,,,pointe-noire,"chauffeur poids lourds Transport, Logistique & Supply Chain"
JOB250002720,Assistant en Informatique Junior,"Informatique, Data, Télécommunications & Digital",POINTE-NOIRE,CDD,Emploi Temporaire,BOUARA & CIE sarl,,1.0,2025-11-25 00:00:00,,,,pointe-noire,"Assistant en Informatique Junior Informatique, Data, Télécommunications & Digital"
JOB250002724,"Technicien de Maintenance, Sauvetage et Incendie",Divers,POINTE-NOIRE,CDD,Emploi Temporaire,BOUARA & CIE sarl,,1.0,2025-11-25 00:00:00,,,,pointe-noire,"Technicien de Maintenance, Sauvetage et Incendie Divers"
JOB250001074,Responsable Chantier Naval,"Pétrole, Gaz & Hydrocarbures",POINTE-NOIRE,CDI,Emploi Durable,BOURBON CONGO,,1.0,2025-05-08 00:00:00,,,,pointe-noire,"Responsable Chantier Naval Pétrole, Gaz & Hydrocarbures"
NONREF000009,Agent digital,"Industrie, Production & Maintenance",POINTE-NOIRE,CDD,Emploi Temporaire,BRALICO,,1.0,2025-02-11 00:00:00,,,,pointe-noire,"Agent digital Industrie, Production & Maintenance"
NONREF000054,Brand manager,"Industrie, Production & Maintenance",POINTE-NOIRE,CDD,Emploi Temporaire,BRALICO,,1.0,2025-02-11 00:00:00,,,,pointe-noire,"Brand manager Industrie, Production & Maintenance"
NONREF000059,Chargé de maintenance M G,"Industrie, Production & Maintenance",POINTE-NOIRE,CDD,Emploi Temporaire,BRALICO,,1.0,2025-02-03 00:00:00,,,,pointe-noire,"Chargé de maintenance M G Industrie, Production & Maintenance"
NONREF000129,Electromécanicien machiniste,"Industrie, Production & Maintenance",POINTE-NOIRE,CDD,Emploi Temporaire,BRALICO,,1.0,2025-02-03 00:00:00,,,,pointe-noire,"Electromécanicien machiniste Industrie, Production & Maintenance"
NONREF000241,Superviseur machiniste step,"Industrie, Production & Maintenance",POINTE-NOIRE,CDD,Emploi Temporaire,BRALICO,,1.0,2025-02-03 00:00:00,,,,pointe-noire,"Superviseur machiniste step Industrie, Production & Maintenance"
JOB250001428,Electricien,Agriculture & Industrie Agroalimentaire,POINTE-NOIRE,CDD,Emploi Temporaire,BRALICO,,1.0,2025-06-17 00:00:00,,,,pointe-noire,Electricien Agriculture & Industrie Agroalimentaire
JOB250001498,MACHINISTE,"Commerce, Vente, Marketing & Distribution",POINTE-NOIRE,CDD,Emploi Temporaire,BRALICO,,1.0,2025-06-23 00:00:00,,,,pointe-noire,"MACHINISTE Commerce, Vente, Marketing & Distribution"
JOB250001653,OPERATEUR EMBOUTEILLAGE,Agriculture & Industrie Agroalimentaire,Kouilou,CDD,Emploi Temporaire,BRALICO,,1.0,2025-07-09 00:00:00,,,,kouilou,OPERATEUR EMBOUTEILLAGE Agriculture & Industrie Agroalimentaire
JOB250001707,MAGASINIER JUNIOR,Agriculture & Industrie Agroalimentaire,Kouilou,CDD,Emploi Temporaire,BRALICO,,1.0,2025-07-17 00:00:00,,,,kouilou,MAGASINIER JUNIOR Agriculture & Industrie Agroalimentaire
JOB250001708,AGENT METROLOGIE,Agriculture & Industrie Agroalimentaire,Kouilou,CDD,Emploi Temporaire,BRALICO,,1.0,2025-07-17 00:00:00,,,,kouilou,AGENT METROLOGIE Agriculture & Industrie Agroalimentaire
JOB250001953,Chargé Maintenance Autonome,Agriculture & Industrie Agroalimentaire,Kouilou,CDD,Emploi Temporaire,BRALICO,,1.0,2025-08-14 00:00:00,,,,kouilou,Chargé Maintenance Autonome Agriculture & Industrie Agroalimentaire
JOB250002085,Chargé Maintenance Autonome,Agriculture & Industrie Agroalimentaire,Kouilou,CDD,Emploi Temporaire,BRALICO,,1.0,2025-09-01 00:00:00,,,,kouilou,Chargé Maintenance Autonome Agriculture & Industrie Agroalimentaire
JOB250002086,Opérateur Embouteillage,Agriculture & Industrie Agroalimentaire,Kouilou,CDD,Emploi Temporaire,BRALICO,,1.0,2025-09-01 00:00:00,,,,kouilou,Opérateur Embouteillage Agriculture & Industrie Agroalimentaire
JOB250002268,MécanicienJunior,"Industrie, Production & Maintenance",Kouilou,CDD,Emploi Temporaire,BRALICO,,1.0,2025-09-19 00:00:00,,,,kouilou,"MécanicienJunior Industrie, Production & Maintenance"
JOB250002269,Siropier Junior,Agriculture & Industrie Agroalimentaire,Kouilou,CDD,Emploi Temporaire,BRALICO,,1.0,2025-09-19 00:00:00,,,,kouilou,Siropier Junior Agriculture & Industrie Agroalimentaire
JOB250002270,Electricien,"Énergie, Environnement & Eau",Kouilou,CDD,Emploi Temporaire,BRALICO,,1.0,2025-09-19 00:00:00,,,,kouilou,"Electricien Énergie, Environnement & Eau"
NONREF000019,Assistant adm & relations ext,"Industrie, Production & Maintenance",POINTE-NOIRE,CDD,Emploi Temporaire,BRASCO,,1.0,2025-01-15 00:00:00,,,,pointe-noire,"Assistant adm & relations ext Industrie, Production & Maintenance"
NONREF000150,HRBP Brazzaville,"Industrie, Production & Maintenance",POINTE-NOIRE,CDD,Emploi Temporaire,BRASCO,,1.0,2025-01-15 00:00:00,,,,pointe-noire,"HRBP Brazzaville Industrie, Production & Maintenance"
NONREF000187,Packaging operator 1&2,"Industrie, Production & Maintenance",POINTE-NOIRE,CDD,Emploi Temporaire,BRASCO,,1.0,2025-01-15 00:00:00,,,,pointe-noire,"Packaging operator 1&2 Industrie, Production & Maintenance"
JOB250001584,COMPTABLE SENIOR,"Finance, Banque, Assurance, Comptabilité & Fiscalité",POINTE-NOIRE,CDI,Emploi Durable,BRASCO (BRASSERIES DU CONGO BRASCO),,1.0,2025-07-03 00:00:00,,,,pointe-noire,"COMPTABLE SENIOR Finance, Banque, Assurance, Comptabilité & Fiscalité"
JOB250001585,COORDONNATEUR SECURITE,"Sécurité, Sûreté & Défense",POINTE-NOIRE,CDI,Emploi Durable,BRASCO (BRASSERIES DU CONGO BRASCO),,1.0,2025-07-03 00:00:00,,,,pointe-noire,"COORDONNATEUR SECURITE Sécurité, Sûreté & Défense"
JOB250002180,ASSISTANT COMPTABLE,"Finance, Banque, Assurance, Comptabilité & Fiscalité",BRAZZAVILLE,CDD,Emploi Temporaire,BSCA BANK,,1.0,2025-09-09 00:00:00,,,,brazzaville,"ASSISTANT COMPTABLE Finance, Banque, Assurance, Comptabilité & Fiscalité"
JOB250002508,CHARGE DE L'ARCHIVAGE,"Finance, Banque, Assurance, Comptabilité & Fiscalité",BRAZZAVILLE,CDD,Emploi Temporaire,BSCA BANK,,1.0,2025-10-24 00:00:00,,,,brazzaville,"CHARGE DE L'ARCHIVAGE Finance, Banque, Assurance, Comptabilité & Fiscalité"
JOB250002770,Chargé des médias,"Communication, Médias & Événementiel",BRAZZAVILLE,CDD,Emploi Temporaire,BSCA BANK,,1.0,2025-12-05 00:00:00,,,,brazzaville,"Chargé des médias Communication, Médias & Événementiel"
JOB250002771,Informaticien,"Informatique, Data, Télécommunications & Digital",BRAZZAVILLE,CDD,Emploi Temporaire,BSCA BANK,,1.0,2025-12-05 00:00:00,,,,brazzaville,"Informaticien Informatique, Data, Télécommunications & Digital"
NONREF000051,Assistante training &formation,"Pétrole, Gaz & Hydrocarbures",POINTE-NOIRE,CDI,Emploi Durable,BUREAU  VERITAS,,1.0,2025-01-15 00:00:00,,,,pointe-noire,"Assistante training &formation Pétrole, Gaz & Hydrocarbures"
NONREF000158,Inspecteur pétrole,"Pétrole, Gaz & Hydrocarbures",POINTE-NOIRE,CDI,Emploi Durable,BUREAU  VERITAS,,1.0,2025-01-15 00:00:00,,,,pointe-noire,"Inspecteur pétrole Pétrole, Gaz & Hydrocarbures"
NONREF000125,District performance officer,"Pétrole, Gaz & Hydrocarbures",POINTE-NOIRE,CDD,Emploi Temporaire,BUREAU VERITAS,,1.0,2025-02-13 00:00:00,,,,pointe-noire,"District performance officer Pétrole, Gaz & Hydrocarbures"
NONREF000171,Marine surveyor,"Pétrole, Gaz & Hydrocarbures",POINTE-NOIRE,CDD,Emploi Temporaire,BUREAU VERITAS,,2.0,2025-02-13 00:00:00,,,,pointe-noire,"Marine surveyor Pétrole, Gaz & Hydrocarbures"
JOB250002365,Responsable de la Gestion du Stock,"Transport, Logistique & Supply Chain",POINTE-NOIRE,CDD,Emploi Temporaire,BUREAUTIQUE ET SERVICES,,1.0,2025-10-07 00:00:00,,,,pointe-noire,"Responsable de la Gestion du Stock Transport, Logistique & Supply Chain"
JOB250000876,EMPLOYE DE BUREAU,"Commerce, Vente, Marketing & Distribution",POINTE-NOIRE,CDD,Emploi Temporaire,BUROTOP IRIS,,1.0,2025-03-19 00:00:00,,,,pointe-noire,"EMPLOYE DE BUREAU Commerce, Vente, Marketing & Distribution"
JOB250000877,COMMERCIAL,"Commerce, Vente, Marketing & Distribution",POINTE-NOIRE,CDD,Emploi Temporaire,BUROTOP IRIS,,1.0,2025-03-19 00:00:00,,,,pointe-noire,"COMMERCIAL Commerce, Vente, Marketing & Distribution"
JOB250000878,ASSISTANT COMPTABLE,"Finance, Banque, Assurance, Comptabilité & Fiscalité",POINTE-NOIRE,CDD,Emploi Temporaire,BUROTOP IRIS,,1.0,2025-03-19 00:00:00,,,,pointe-noire,"ASSISTANT COMPTABLE Finance, Banque, Assurance, Comptabilité & Fiscalité"
JOB250000975,SUPPORTS TECHNIQUESICT ET LTC,"Commerce, Vente, Marketing & Distribution",POINTE-NOIRE,CDD,Emploi Temporaire,BUROTOP IRIS,,3.0,2025-04-24 00:00:00,,,,pointe-noire,"SUPPORTS TECHNIQUESICT ET LTC Commerce, Vente, Marketing & Distribution"
JOB250000983,Chauffeur,"Transport, Logistique & Supply Chain",POINTE-NOIRE,CDD,Emploi Temporaire,BUROTOP IRIS,,1.0,2025-04-24 00:00:00,,,,pointe-noire,"Chauffeur Transport, Logistique & Supply Chain"
JOB250000984,Assistant Ressources Humaines,"Conseil, Stratégie & Gestion des Ressources Humaines",POINTE-NOIRE,CDD,Emploi Temporaire,BUROTOP IRIS,,1.0,2025-04-24 00:00:00,,,,pointe-noire,"Assistant Ressources Humaines Conseil, Stratégie & Gestion des Ressources Humaines"
JOB250001720,ADMINISTRATEUR SYSTEME,"Commerce, Vente, Marketing & Distribution",POINTE-NOIRE,CDD,Emploi Temporaire,BUROTOP IRIS,,1.0,2025-07-21 00:00:00,,,,pointe-noire,"ADMINISTRATEUR SYSTEME Commerce, Vente, Marketing & Distribution"
JOB250001870,Chauffeur,"Transport, Logistique & Supply Chain",POINTE-NOIRE,CDD,Emploi Temporaire,BUROTOP IRIS,,2.0,2025-08-05 00:00:00,,,,pointe-noire,"Chauffeur Transport, Logistique & Supply Chain"
JOB250001871,CHAUFFEUR - LIVREUR,"Transport, Logistique & Supply Chain",POINTE-NOIRE,CDD,Emploi Temporaire,BUROTOP IRIS,,1.0,2025-08-05 00:00:00,,,,pointe-noire,"CHAUFFEUR - LIVREUR Transport, Logistique & Supply Chain"
JOB250001872,ADMINISTRATEUR RESEAU,"Informatique, Data, Télécommunications & Digital",POINTE-NOIRE,CDD,Emploi Temporaire,BUROTOP IRIS,,1.0,2025-08-05 00:00:00,,,,pointe-noire,"ADMINISTRATEUR RESEAU Informatique, Data, Télécommunications & Digital"
JOB250001873,ADMINISTRATEURCYBERSECURITE,"Informatique, Data, Télécommunications & Digital",POINTE-NOIRE,CDD,Emploi Temporaire,BUROTOP IRIS,,1.0,2025-08-05 00:00:00,,,,pointe-noire,"ADMINISTRATEURCYBERSECURITE Informatique, Data, Télécommunications & Digital"
JOB250001874,CHAUFFEUR KAVAKI,"Transport, Logistique & Supply Chain",POINTE-NOIRE,CDD,Emploi Temporaire,BUROTOP IRIS,,1.0,2025-08-05 00:00:00,,,,pointe-noire,"CHAUFFEUR KAVAKI Transport, Logistique & Supply Chain"
JOB250002080,ADMINISTRATEUR RESEAU,"Informatique, Data, Télécommunications & Digital",POINTE-NOIRE,CDD,Emploi Temporaire,BUROTOP IRIS,,1.0,2025-09-01 00:00:00,,,,pointe-noire,"ADMINISTRATEUR RESEAU Informatique, Data, Télécommunications & Digital"
JOB250002082,Aide Cableur,"Énergie, Environnement & Eau",POINTE-NOIRE,CDD,Emploi Temporaire,BUROTOP IRIS,,1.0,2025-09-01 00:00:00,,,,pointe-noire,"Aide Cableur Énergie, Environnement & Eau"
JOB250002121,Technicien Maintenance Informatique,"Informatique, Data, Télécommunications & Digital",POINTE-NOIRE,CDD,Emploi Temporaire,BUROTOP IRIS,,1.0,2025-09-04 00:00:00,,,,pointe-noire,"Technicien Maintenance Informatique Informatique, Data, Télécommunications & Digital"
JOB250002557,Support Technique ICT et LIC,"Commerce, Vente, Marketing & Distribution",POINTE-NOIRE,CDD,Emploi Temporaire,BUROTOP IRIS,,1.0,2025-11-03 00:00:00,,,,pointe-noire,"Support Technique ICT et LIC Commerce, Vente, Marketing & Distribution"
JOB250002676,TECHNICIEN WEBMASTER,"Commerce, Vente, Marketing & Distribution",BRAZZAVILLE,CDD,Emploi Temporaire,BUROTOP IRIS,,1.0,2025-11-19 00:00:00,,,,brazzaville,"TECHNICIEN WEBMASTER Commerce, Vente, Marketing & Distribution"
JOB250002680,TECHNICIEN DE MAINTENANCE D'IMPRIMANTE,"Commerce, Vente, Marketing & Distribution",BRAZZAVILLE,CDD,Emploi Temporaire,BUROTOP IRIS,,1.0,2025-11-19 00:00:00,,,,brazzaville,"TECHNICIEN DE MAINTENANCE D'IMPRIMANTE Commerce, Vente, Marketing & Distribution"
JOB250001305,Directeur Général,Gestion Administrative,BRAZZAVILLE,CDD,Emploi Temporaire,BUSINESS COMMUNICATION FOR AFRICA,,1.0,2025-06-03 00:00:00,,,,brazzaville,Directeur Général Gestion Administrative
JOB250001306,LOGISTICIEN,"Communication, Médias & Événementiel",BRAZZAVILLE,CDD,Emploi Temporaire,BUSINESS COMMUNICATION FOR AFRICA,,1.0,2025-06-03 00:00:00,,,,brazzaville,"LOGISTICIEN Communication, Médias & Événementiel"
JOB250001316,Chargé de communication,"Communication, Médias & Événementiel",BRAZZAVILLE,CDD,Emploi Temporaire,BUSINESS COMMUNICATION FOR AFRICA,,1.0,2025-06-04 00:00:00,,,,brazzaville,"Chargé de communication Communication, Médias & Événementiel"
JOB250001318,SECRETAIRE,"Communication, Médias & Événementiel",BRAZZAVILLE,CDD,Emploi Temporaire,BUSINESS COMMUNICATION FOR AFRICA,,1.0,2025-06-04 00:00:00,,,,brazzaville,"SECRETAIRE Communication, Médias & Événementiel"
JOB250001319,CAISSIER,"Commerce, Vente, Marketing & Distribution",BOUNDJI,CDD,Emploi Temporaire,BUSINESS COMMUNICATION FOR AFRICA,,1.0,2025-06-04 00:00:00,,,,boundji,"CAISSIER Commerce, Vente, Marketing & Distribution"
JOB250001320,COMMERCIAL,"Commerce, Vente, Marketing & Distribution",BRAZZAVILLE,CDD,Emploi Temporaire,BUSINESS COMMUNICATION FOR AFRICA,,1.0,2025-06-04 00:00:00,,,,brazzaville,"COMMERCIAL Commerce, Vente, Marketing & Distribution"
JOB250001322,TECHNICIENS,"Communication, Médias & Événementiel",BRAZZAVILLE,CDD,Emploi Temporaire,BUSINESS COMMUNICATION FOR AFRICA,,1.0,2025-06-04 00:00:00,,,,brazzaville,"TECHNICIENS Communication, Médias & Événementiel"
JOB250002735,Réceptionniste,"Conseil, Stratégie & Gestion des Ressources Humaines",BRAZZAVILLE,CDD,Emploi Temporaire,CABINET DENTAIRE LES CLAIRONS,,1.0,2025-11-26 00:00:00,,,,brazzaville,"Réceptionniste Conseil, Stratégie & Gestion des Ressources Humaines"
JOB250002791,COMPTABLE,"Finance, Banque, Assurance, Comptabilité & Fiscalité",POINTE-NOIRE,CDD,Emploi Temporaire,CABINET GLOBAL EDUCATION SERVICES,,1.0,2025-12-10 00:00:00,,,,pointe-noire,"COMPTABLE Finance, Banque, Assurance, Comptabilité & Fiscalité"
JOB250002792,Directeur du Centre d'Information et d'Orientation,"Éducation, Formation & Enseignement",POINTE-NOIRE,CDD,Emploi Temporaire,CABINET GLOBAL EDUCATION SERVICES,,1.0,2025-12-10 00:00:00,,,,pointe-noire,"Directeur du Centre d'Information et d'Orientation Éducation, Formation & Enseignement"
JOB250002793,Conseiller Pédagogique,"Éducation, Formation & Enseignement",POINTE-NOIRE,CDD,Emploi Temporaire,CABINET GLOBAL EDUCATION SERVICES,,1.0,2025-12-10 00:00:00,,,,pointe-noire,"Conseiller Pédagogique Éducation, Formation & Enseignement"
JOB250002794,Chargé de communication,"Communication, Médias & Événementiel",POINTE-NOIRE,CDD,Emploi Temporaire,CABINET GLOBAL EDUCATION SERVICES,,1.0,2025-12-10 00:00:00,,,,pointe-noire,"Chargé de communication Communication, Médias & Événementiel"
JOB250002795,Conseiller d'Orientation Scolaire et Professionnelle,"Éducation, Formation & Enseignement",POINTE-NOIRE,CDD,Emploi Temporaire,CABINET GLOBAL EDUCATION SERVICES,,1.0,2025-12-10 00:00:00,,,,pointe-noire,"Conseiller d'Orientation Scolaire et Professionnelle Éducation, Formation & Enseignement"
JOB250002796,RESPONSABLE DESRESSOURSES HUMAINES,Hôtellerie - Restauration,POINTE-NOIRE,CDD,Emploi Temporaire,CABINET GLOBAL EDUCATION SERVICES,,1.0,2025-12-10 00:00:00,,,,pointe-noire,RESPONSABLE DESRESSOURSES HUMAINES Hôtellerie - Restauration
STG250002541,Stage en infirmière,"Santé, Pharmacie & Recherche Scientifique",DIVENIE,Stage professionnel,Stages Classiques,CABINET MEDICALE SOEUR MARIE IRMA,,1.0,2025-10-29 00:00:00,,,,divenie,"Stage en infirmière Santé, Pharmacie & Recherche Scientifique"
NONREF000067,Chauffeur livreur,"Commerce, Vente, Marketing & Distribution",POINTE-NOIRE,CDD,Emploi Temporaire,CALADIUM,,1.0,2025-01-29 00:00:00,,,,pointe-noire,"Chauffeur livreur Commerce, Vente, Marketing & Distribution"
JOB250001264,ASSISTANT COMMERCIAL,"Commerce, Vente, Marketing & Distribution",POINTE-NOIRE,CDD,Emploi Temporaire,CALADIUM SAS,,1.0,2025-05-28 00:00:00,,,,pointe-noire,"ASSISTANT COMMERCIAL Commerce, Vente, Marketing & Distribution"
NONREF000025,Assistant communication &A,"Commerce, Vente, Marketing & Distribution",POINTE-NOIRE,CDI,Emploi Durable,CANAAN HOLDING,,1.0,2025-02-06 00:00:00,,,,pointe-noire,"Assistant communication &A Commerce, Vente, Marketing & Distribution"
NONREF000032,Assistant RH,"Conseil, Stratégie & Gestion des Ressources Humaines",POINTE-NOIRE,CDI,Emploi Durable,CANAAN HOLDING,,1.0,2025-02-06 00:00:00,,,,pointe-noire,"Assistant RH Conseil, Stratégie & Gestion des Ressources Humaines"
NONREF000036,Assistante adm & comptable,"Commerce, Vente, Marketing & Distribution",POINTE-NOIRE,CDI,Emploi Durable,CANAAN HOLDING,,1.0,2025-02-06 00:00:00,,,,pointe-noire,"Assistante adm & comptable Commerce, Vente, Marketing & Distribution"
NONREF000061,Chargé Evènementiel C cmrcial,"Commerce, Vente, Marketing & Distribution",POINTE-NOIRE,CDI,Emploi Durable,CANAAN HOLDING,,1.0,2025-02-06 00:00:00,,,,pointe-noire,"Chargé Evènementiel C cmrcial Commerce, Vente, Marketing & Distribution"
NONREF000100,Comptable,"Commerce, Vente, Marketing & Distribution",POINTE-NOIRE,CDI,Emploi Durable,CANAAN HOLDING,,1.0,2025-02-06 00:00:00,,,,pointe-noire,"Comptable Commerce, Vente, Marketing & Distribution"
NONREF000163,Juriste fiscaliste,"Commerce, Vente, Marketing & Distribution",POINTE-NOIRE,CDI,Emploi Durable,CANAAN HOLDING,,1.0,2025-02-06 00:00:00,,,,pointe-noire,"Juriste fiscaliste Commerce, Vente, Marketing & Distribution"
JOB250001436,Assistant Ressources Humaines,"Conseil, Stratégie & Gestion des Ressources Humaines",POINTE-NOIRE,CDD,Emploi Temporaire,CANAAN HOLDING,,1.0,2025-06-18 00:00:00,,,,pointe-noire,"Assistant Ressources Humaines Conseil, Stratégie & Gestion des Ressources Humaines"
JOB250001437,COMPTABLE,"Conseil, Stratégie & Gestion des Ressources Humaines",POINTE-NOIRE,CDD,Emploi Temporaire,CANAAN HOLDING,,1.0,2025-06-18 00:00:00,,,,pointe-noire,"COMPTABLE Conseil, Stratégie & Gestion des Ressources Humaines"
JOB250001244,RESPONSABLE BOUTIQUE,"Commerce, Vente, Marketing & Distribution",BRAZZAVILLE,CDD,Emploi Temporaire,CANAL + CONGO,,1.0,2025-05-27 00:00:00,,,,brazzaville,"RESPONSABLE BOUTIQUE Commerce, Vente, Marketing & Distribution"
JOB250001246,COMPTABLE,"Finance, Banque, Assurance, Comptabilité & Fiscalité",BRAZZAVILLE,CDD,Emploi Temporaire,CANAL + CONGO,,1.0,2025-05-27 00:00:00,,,,brazzaville,"COMPTABLE Finance, Banque, Assurance, Comptabilité & Fiscalité"
JOB250001247,Charge d'administration de vente,"Commerce, Vente, Marketing & Distribution",BRAZZAVILLE,CDD,Emploi Temporaire,CANAL + CONGO,,1.0,2025-05-27 00:00:00,,,,brazzaville,"Charge d'administration de vente Commerce, Vente, Marketing & Distribution"
JOB250001254,VENDEUR EN BOUTIQUE,"Commerce, Vente, Marketing & Distribution",OUESSO,CDD,Emploi Temporaire,CANAL + CONGO,,1.0,2025-05-27 00:00:00,,,,ouesso,"VENDEUR EN BOUTIQUE Commerce, Vente, Marketing & Distribution"
JOB250000861,COMPTABLE BILINGUE,"Industrie, Production & Maintenance",POINTE-NOIRE,CDI,Emploi Durable,CANYON METALLOY,,2.0,2025-03-17 00:00:00,,,,pointe-noire,"COMPTABLE BILINGUE Industrie, Production & Maintenance"
NONREF000021,Assistant administratif,"Industrie, Production & Maintenance",POINTE-NOIRE,CDD,Emploi Temporaire,CANYON METALLOY SASU,,1.0,2025-01-22 00:00:00,,,,pointe-noire,"Assistant administratif Industrie, Production & Maintenance"
NONREF000211,Responsable gouvernance ESG,"Industrie, Production & Maintenance",POINTE-NOIRE,CDD,Emploi Temporaire,CANYON METALLOY SASU,,1.0,2025-01-22 00:00:00,,,,pointe-noire,"Responsable gouvernance ESG Industrie, Production & Maintenance"
NONREF000070,Chauffeurs,"Industrie, Production & Maintenance",POINTE-NOIRE,CDD,Emploi Temporaire,CAREX SERVICES,,9.0,2025-01-29 00:00:00,,,,pointe-noire,"Chauffeurs Industrie, Production & Maintenance"
JOB250002399,Chauffeur,"Transport, Logistique & Supply Chain",POINTE-NOIRE,CDD,Emploi Temporaire,CAREX SERVICES,,15.0,2025-10-09 00:00:00,,,,pointe-noire,"Chauffeur Transport, Logistique & Supply Chain"
JOB250002435,MECANICIEN,"Industrie, Production & Maintenance",POINTE-NOIRE,CDD,Emploi Temporaire,CAREX SERVICES,,1.0,2025-10-16 00:00:00,,,,pointe-noire,"MECANICIEN Industrie, Production & Maintenance"
JOB250002529,Assistant Ressources Humaines,"Transport, Logistique & Supply Chain",POINTE-NOIRE,CDD,Emploi Temporaire,CAREX SERVICES,,1.0,2025-10-28 00:00:00,,,,pointe-noire,"Assistant Ressources Humaines Transport, Logistique & Supply Chain"
JOB250002605,Soudeur,"Bâtiment, Travaux Publics & Aménagement du Territoire",POINTE-NOIRE,CDD,Emploi Temporaire,CAREX SERVICES,,1.0,2025-11-06 00:00:00,,,,pointe-noire,"Soudeur Bâtiment, Travaux Publics & Aménagement du Territoire"
JOB250002606,Soudeur,"Bâtiment, Travaux Publics & Aménagement du Territoire",POINTE-NOIRE,CDD,Emploi Temporaire,CAREX SERVICES,,1.0,2025-11-06 00:00:00,,,,pointe-noire,"Soudeur Bâtiment, Travaux Publics & Aménagement du Territoire"
JOB250002286,RESPONSABLE RESSOURCES HUMAINES,"Conseil, Stratégie & Gestion des Ressources Humaines",POINTE-NOIRE,CDI,Emploi Durable,CARTHAGO VENTURES,,1.0,2025-09-23 00:00:00,,,,pointe-noire,"RESPONSABLE RESSOURCES HUMAINES Conseil, Stratégie & Gestion des Ressources Humaines"
NONREF000064,Chauffeur,"Industrie, Production & Maintenance",POINTE-NOIRE,CDD,Emploi Temporaire,CC3 MINING C PROSPER L,,1.0,2025-01-16 00:00:00,,,,pointe-noire,"Chauffeur Industrie, Production & Maintenance"
JOB250002000,Responsable Administratif d'Entreprise,"Pétrole, Gaz & Hydrocarbures",POINTE-NOIRE,CDI,Emploi Durable,CEGELEC CONGO,,1.0,2025-08-20 00:00:00,,,,pointe-noire,"Responsable Administratif d'Entreprise Pétrole, Gaz & Hydrocarbures"
JOB250000883,COMPTABLE,"Finance, Banque, Assurance, Comptabilité & Fiscalité",POINTE-NOIRE,CDI,Emploi Durable,CENTRE MEDICAL KIMINOU,,1.0,2025-03-19 00:00:00,,,,pointe-noire,"COMPTABLE Finance, Banque, Assurance, Comptabilité & Fiscalité"
JOB250000884,Agent d'acceuil et Caisse,"Commerce, Vente, Marketing & Distribution",POINTE-NOIRE,CDI,Emploi Durable,CENTRE MEDICAL KIMINOU,,1.0,2025-03-19 00:00:00,,,,pointe-noire,"Agent d'acceuil et Caisse Commerce, Vente, Marketing & Distribution"
NONREF000043,Assistante resp juridique &F,"Transport, Logistique & Supply Chain",POINTE-NOIRE,CDI,Emploi Durable,CFAO MOBILITY,,1.0,2025-01-14 00:00:00,,,,pointe-noire,"Assistante resp juridique &F Transport, Logistique & Supply Chain"
NONREF000093,Commerciale,"Commerce, Vente, Marketing & Distribution",POINTE-NOIRE,CDI,Emploi Durable,CFAO MOBILITY,,3.0,2025-02-11 00:00:00,,,,pointe-noire,"Commerciale Commerce, Vente, Marketing & Distribution"
NONREF000110,Controleur de gestion,"Transport, Logistique & Supply Chain",POINTE-NOIRE,CDI,Emploi Durable,CFAO MOBILITY,,1.0,2025-01-14 00:00:00,,,,pointe-noire,"Controleur de gestion Transport, Logistique & Supply Chain"
NONREF000111,Controleur de gestion,"Commerce, Vente, Marketing & Distribution",POINTE-NOIRE,CDD,Emploi Temporaire,CFAO MOBILITY,,1.0,2025-02-11 00:00:00,,,,pointe-noire,"Controleur de gestion Commerce, Vente, Marketing & Distribution"
NONREF000142,Gestionnaire aprovisionement,"Commerce, Vente, Marketing & Distribution",POINTE-NOIRE,CDI,Emploi Durable,CFAO MOBILITY,,1.0,2025-02-11 00:00:00,,,,pointe-noire,"Gestionnaire aprovisionement Commerce, Vente, Marketing & Distribution"
NONREF000175,Mécanicien poid lourds Equip,"Transport, Logistique & Supply Chain",POINTE-NOIRE,CDI,Emploi Durable,CFAO MOBILITY,,1.0,2025-01-14 00:00:00,,,,pointe-noire,"Mécanicien poid lourds Equip Transport, Logistique & Supply Chain"
NONREF000194,Réceptionnaire,"Commerce, Vente, Marketing & Distribution",POINTE-NOIRE,CDD,Emploi Temporaire,CFAO MOBILITY,,1.0,2025-01-10 00:00:00,,,,pointe-noire,"Réceptionnaire Commerce, Vente, Marketing & Distribution"
JOB250000991,AGENTS TRANSIT ET LOGISTIQUE,"Transport, Logistique & Supply Chain",POINTE-NOIRE,CDD,Emploi Temporaire,CFAO MOBILITY CONGO,,2.0,2025-04-25 00:00:00,,,,pointe-noire,"AGENTS TRANSIT ET LOGISTIQUE Transport, Logistique & Supply Chain"
JOB250000992,Réceptionniste,"Commerce, Vente, Marketing & Distribution",POINTE-NOIRE,CDI,Emploi Durable,CFAO MOBILITY CONGO,,1.0,2025-04-25 00:00:00,,,,pointe-noire,"Réceptionniste Commerce, Vente, Marketing & Distribution"
JOB250000993,VENDEUR COMPTOIR,"Commerce, Vente, Marketing & Distribution",POINTE-NOIRE,CDI,Emploi Durable,CFAO MOBILITY CONGO,,1.0,2025-04-25 00:00:00,,,,pointe-noire,"VENDEUR COMPTOIR Commerce, Vente, Marketing & Distribution"
JOB250002273,Gestionnaire Approvisionnement,"Transport, Logistique & Supply Chain",POINTE-NOIRE,CDI,Emploi Durable,CFAO MOBILITY CONGO,,1.0,2025-09-19 00:00:00,,,,pointe-noire,"Gestionnaire Approvisionnement Transport, Logistique & Supply Chain"
JOB250002479,MECANICIEN,"Industrie, Production & Maintenance",POINTE-NOIRE,CDI,Emploi Durable,CFAO MOBILITY CONGO,,1.0,2025-10-22 00:00:00,,,,pointe-noire,"MECANICIEN Industrie, Production & Maintenance"
JOB250002480,Peintre,Divers,POINTE-NOIRE,CDI,Emploi Durable,CFAO MOBILITY CONGO,,1.0,2025-10-22 00:00:00,,,,pointe-noire,Peintre Divers
JOB250002481,COMMERCIAL,"Commerce, Vente, Marketing & Distribution",POINTE-NOIRE,CDD,Emploi Temporaire,CFAO MOBILITY CONGO,,1.0,2025-10-23 00:00:00,,,,pointe-noire,"COMMERCIAL Commerce, Vente, Marketing & Distribution"
JOB250002482,Gérant Magasin,"Commerce, Vente, Marketing & Distribution",POINTE-NOIRE,CDD,Emploi Temporaire,CFAO MOBILITY CONGO,,1.0,2025-10-23 00:00:00,,,,pointe-noire,"Gérant Magasin Commerce, Vente, Marketing & Distribution"
JOB250002484,Employé administratif,"Conseil, Stratégie & Gestion des Ressources Humaines",POINTE-NOIRE,CDI,Emploi Durable,CFAO MOBILITY CONGO,,1.0,2025-10-23 00:00:00,,,,pointe-noire,"Employé administratif Conseil, Stratégie & Gestion des Ressources Humaines"
JOB250002485,Assistant Logistique,"Commerce, Vente, Marketing & Distribution",POINTE-NOIRE,CDI,Emploi Durable,CFAO MOBILITY CONGO,,1.0,2025-10-23 00:00:00,,,,pointe-noire,"Assistant Logistique Commerce, Vente, Marketing & Distribution"
JOB250002486,Vendeur comptoir,"Commerce, Vente, Marketing & Distribution",POINTE-NOIRE,CDD,Emploi Temporaire,CFAO MOBILITY CONGO,,1.0,2025-10-23 00:00:00,,,,pointe-noire,"Vendeur comptoir Commerce, Vente, Marketing & Distribution"
JOB250002647,ASSISTANT PR,"Commerce, Vente, Marketing & Distribution",BRAZZAVILLE,CDD,Emploi Temporaire,CFAO MOBILITY CONGO,,1.0,2025-11-14 00:00:00,,,,brazzaville,"ASSISTANT PR Commerce, Vente, Marketing & Distribution"
JOB250002653,MAGASINIER,"Transport, Logistique & Supply Chain",POINTE-NOIRE,CDD,Emploi Temporaire,CFAO MOBILITY CONGO,,1.0,2025-11-17 00:00:00,,,,pointe-noire,"MAGASINIER Transport, Logistique & Supply Chain"
JOB250002798,Responsable Développemnt Commercial Après-vente,"Commerce, Vente, Marketing & Distribution",POINTE-NOIRE,CDI,Emploi Durable,CFAO MOBILITY CONGO,,1.0,2025-12-10 00:00:00,,,,pointe-noire,"Responsable Développemnt Commercial Après-vente Commerce, Vente, Marketing & Distribution"
JOB250002507,AGRONOME,"Commerce, Vente, Marketing & Distribution",BRAZZAVILLE,CDD,Emploi Temporaire,CIRAD,,1.0,2025-10-24 00:00:00,,,,brazzaville,"AGRONOME Commerce, Vente, Marketing & Distribution"
NONREF000079,Chef de production,"Pétrole, Gaz & Hydrocarbures",POINTE-NOIRE,CDI,Emploi Durable,CLG,,1.0,2025-01-14 00:00:00,,,,pointe-noire,"Chef de production Pétrole, Gaz & Hydrocarbures"
NONREF000080,Chef de production informatique,"Pétrole, Gaz & Hydrocarbures",POINTE-NOIRE,CDI,Emploi Durable,CLG,,1.0,2025-01-14 00:00:00,,,,pointe-noire,"Chef de production informatique Pétrole, Gaz & Hydrocarbures"
NONREF000081,Chef de production sénior,"Pétrole, Gaz & Hydrocarbures",POINTE-NOIRE,CDI,Emploi Durable,CLG,,1.0,2025-01-14 00:00:00,,,,pointe-noire,"Chef de production sénior Pétrole, Gaz & Hydrocarbures"
NONREF000118,Directeur des opérations,"Pétrole, Gaz & Hydrocarbures",POINTE-NOIRE,CDI,Emploi Durable,CLG,,1.0,2025-01-14 00:00:00,,,,pointe-noire,"Directeur des opérations Pétrole, Gaz & Hydrocarbures"
NONREF000120,Directeur financier,"Pétrole, Gaz & Hydrocarbures",POINTE-NOIRE,CDI,Emploi Durable,CLG,,1.0,2025-01-14 00:00:00,,,,pointe-noire,"Directeur financier Pétrole, Gaz & Hydrocarbures"
NONREF000121,Directeur général,"Pétrole, Gaz & Hydrocarbures",POINTE-NOIRE,CDI,Emploi Durable,CLG,,1.0,2025-01-14 00:00:00,,,,pointe-noire,"Directeur général Pétrole, Gaz & Hydrocarbures"
NONREF000122,Directeur juridique et fiscal,"Pétrole, Gaz & Hydrocarbures",POINTE-NOIRE,CDD,Emploi Temporaire,CLG,,1.0,2025-01-14 00:00:00,,,,pointe-noire,"Directeur juridique et fiscal Pétrole, Gaz & Hydrocarbures"
NONREF000137,Géologue principal,"Pétrole, Gaz & Hydrocarbures",POINTE-NOIRE,CDI,Emploi Durable,CLG,,1.0,2025-01-14 00:00:00,,,,pointe-noire,"Géologue principal Pétrole, Gaz & Hydrocarbures"
NONREF000138,Gest des projets et de l'intégrite,"Pétrole, Gaz & Hydrocarbures",POINTE-NOIRE,CDI,Emploi Durable,CLG,,1.0,2025-01-14 00:00:00,,,,pointe-noire,"Gest des projets et de l'intégrite Pétrole, Gaz & Hydrocarbures"
NONREF000145,Gestionnaire de sous-sol,"Pétrole, Gaz & Hydrocarbures",POINTE-NOIRE,CDI,Emploi Durable,CLG,,1.0,2025-01-14 00:00:00,,,,pointe-noire,"Gestionnaire de sous-sol Pétrole, Gaz & Hydrocarbures"
NONREF000146,Gestionnaire des actifs maritimes,"Pétrole, Gaz & Hydrocarbures",POINTE-NOIRE,CDI,Emploi Durable,CLG,,1.0,2025-01-14 00:00:00,,,,pointe-noire,"Gestionnaire des actifs maritimes Pétrole, Gaz & Hydrocarbures"
NONREF000153,Ingénieur de projet,"Pétrole, Gaz & Hydrocarbures",POINTE-NOIRE,CDI,Emploi Durable,CLG,,1.0,2025-01-14 00:00:00,,,,pointe-noire,"Ingénieur de projet Pétrole, Gaz & Hydrocarbures"
NONREF000155,Ingénieur de réservoir,"Pétrole, Gaz & Hydrocarbures",POINTE-NOIRE,CDI,Emploi Durable,CLG,,1.0,2025-01-14 00:00:00,,,,pointe-noire,"Ingénieur de réservoir Pétrole, Gaz & Hydrocarbures"
NONREF000156,Ingénieur pétrolier en chef,"Pétrole, Gaz & Hydrocarbures",POINTE-NOIRE,CDI,Emploi Durable,CLG,,1.0,2025-01-14 00:00:00,,,,pointe-noire,"Ingénieur pétrolier en chef Pétrole, Gaz & Hydrocarbures"
NONREF000159,Inspecteur,"Pétrole, Gaz & Hydrocarbures",POINTE-NOIRE,CDI,Emploi Durable,CLG,,1.0,2025-01-14 00:00:00,,,,pointe-noire,"Inspecteur Pétrole, Gaz & Hydrocarbures"
NONREF000180,Opérateur de salle de C Sénior,"Pétrole, Gaz & Hydrocarbures",POINTE-NOIRE,CDI,Emploi Durable,CLG,,1.0,2025-01-14 00:00:00,,,,pointe-noire,"Opérateur de salle de C Sénior Pétrole, Gaz & Hydrocarbures"
NONREF000181,Opérateur de salle de controle,"Pétrole, Gaz & Hydrocarbures",POINTE-NOIRE,CDI,Emploi Durable,CLG,,1.0,2025-01-14 00:00:00,,,,pointe-noire,"Opérateur de salle de controle Pétrole, Gaz & Hydrocarbures"
NONREF000188,Performances des puits offshore,"Pétrole, Gaz & Hydrocarbures",POINTE-NOIRE,CDI,Emploi Durable,CLG,,1.0,2025-01-14 00:00:00,,,,pointe-noire,"Performances des puits offshore Pétrole, Gaz & Hydrocarbures"
NONREF000193,Production superintendent,"Pétrole, Gaz & Hydrocarbures",POINTE-NOIRE,CDI,Emploi Durable,CLG,,1.0,2025-01-14 00:00:00,,,,pointe-noire,"Production superintendent Pétrole, Gaz & Hydrocarbures"
NONREF000199,Relations extérieures,"Pétrole, Gaz & Hydrocarbures",POINTE-NOIRE,CDI,Emploi Durable,CLG,,1.0,2025-01-14 00:00:00,,,,pointe-noire,"Relations extérieures Pétrole, Gaz & Hydrocarbures"
NONREF000202,Resp de la chaine d'approvis,"Pétrole, Gaz & Hydrocarbures",POINTE-NOIRE,CDI,Emploi Durable,CLG,,1.0,2025-01-14 00:00:00,,,,pointe-noire,"Resp de la chaine d'approvis Pétrole, Gaz & Hydrocarbures"
NONREF000203,Resp de l'intégrité à terre,"Pétrole, Gaz & Hydrocarbures",POINTE-NOIRE,CDI,Emploi Durable,CLG,,1.0,2025-01-14 00:00:00,,,,pointe-noire,"Resp de l'intégrité à terre Pétrole, Gaz & Hydrocarbures"
NONREF000204,Resp des sces et de l'intégrité,"Pétrole, Gaz & Hydrocarbures",POINTE-NOIRE,CDI,Emploi Durable,CLG,,1.0,2025-01-14 00:00:00,,,,pointe-noire,"Resp des sces et de l'intégrité Pétrole, Gaz & Hydrocarbures"
NONREF000207,Responsablede production,"Pétrole, Gaz & Hydrocarbures",POINTE-NOIRE,CDI,Emploi Durable,CLG,,1.0,2025-01-14 00:00:00,,,,pointe-noire,"Responsablede production Pétrole, Gaz & Hydrocarbures"
NONREF000209,Responsable de la maintenance,"Pétrole, Gaz & Hydrocarbures",POINTE-NOIRE,CDI,Emploi Durable,CLG,,1.0,2025-01-14 00:00:00,,,,pointe-noire,"Responsable de la maintenance Pétrole, Gaz & Hydrocarbures"
NONREF000213,Responsable HSE,"Assurance Qualité, Contrôle, Testing (QHSE)",POINTE-NOIRE,CDI,Emploi Durable,CLG,,1.0,2025-01-14 00:00:00,,,,pointe-noire,"Responsable HSE Assurance Qualité, Contrôle, Testing (QHSE)"
NONREF000228,Sénior consultant J & Fiscal,"Pétrole, Gaz & Hydrocarbures",POINTE-NOIRE,CDD,Emploi Temporaire,CLG,,1.0,2025-01-14 00:00:00,,,,pointe-noire,"Sénior consultant J & Fiscal Pétrole, Gaz & Hydrocarbures"
NONREF000229,Sénior consultant J&F Stgiaire,"Pétrole, Gaz & Hydrocarbures",POINTE-NOIRE,CDD,Emploi Temporaire,CLG,,1.0,2025-01-14 00:00:00,,,,pointe-noire,"Sénior consultant J&F Stgiaire Pétrole, Gaz & Hydrocarbures"
JOB250001751,Directeur Juridique et Fiscal,Droit et Justice,POINTE-NOIRE,CDI,Emploi Durable,CLG TAX & LEGAL,,1.0,2025-07-23 00:00:00,,,,pointe-noire,Directeur Juridique et Fiscal Droit et Justice
JOB250001753,Senior Consultant Juridique et Fiscal,Droit et Justice,POINTE-NOIRE,CDI,Emploi Durable,CLG TAX & LEGAL,,1.0,2025-07-23 00:00:00,,,,pointe-noire,Senior Consultant Juridique et Fiscal Droit et Justice
JOB250001754,Stagiaire Juridique et Fiscal,Droit et Justice,POINTE-NOIRE,CDD,Emploi Temporaire,CLG TAX & LEGAL,,1.0,2025-07-23 00:00:00,,,,pointe-noire,Stagiaire Juridique et Fiscal Droit et Justice
NONREF000196,Receptionnistes,"Santé, Pharmacie & Recherche Scientifique",POINTE-NOIRE,CDD,Emploi Temporaire,CLINIQUE D DOCT ILOKI,,2.0,2025-01-31 00:00:00,,,,pointe-noire,"Receptionnistes Santé, Pharmacie & Recherche Scientifique"
JOB250000854,INFIRMIER,"Santé, Pharmacie & Recherche Scientifique",POINTE-NOIRE,CDI,Emploi Durable,CLINIQUE GUENIN,,1.0,2025-03-11 00:00:00,,,,pointe-noire,"INFIRMIER Santé, Pharmacie & Recherche Scientifique"
NONREF000141,Gestionnaire Adm prsnel et paie,"Santé, Pharmacie & Recherche Scientifique",POINTE-NOIRE,CDI,Emploi Durable,CLINIQUE GUENIN,,1.0,2025-03-11 00:00:00,,,,pointe-noire,"Gestionnaire Adm prsnel et paie Santé, Pharmacie & Recherche Scientifique"
NONREF000178,Médecin généraliste,"Santé, Pharmacie & Recherche Scientifique",POINTE-NOIRE,CDD,Emploi Temporaire,CLINIQUE GUENIN,,1.0,2025-03-10 00:00:00,,,,pointe-noire,"Médecin généraliste Santé, Pharmacie & Recherche Scientifique"
NONREF000114,Cuisinier,"Santé, Pharmacie & Recherche Scientifique",POINTE-NOIRE,CDD,Emploi Temporaire,CLINIQUE LES OLIVIERS,,1.0,2025-02-10 00:00:00,,,,pointe-noire,"Cuisinier Santé, Pharmacie & Recherche Scientifique"
NONREF000151,HSE,"Assurance Qualité, Contrôle, Testing (QHSE)",POINTE-NOIRE,CDD,Emploi Temporaire,CLINIQUE LES OLIVIERS,,1.0,2025-01-29 00:00:00,,,,pointe-noire,"HSE Assurance Qualité, Contrôle, Testing (QHSE)"
NONREF000197,Réceptionnistes,"Santé, Pharmacie & Recherche Scientifique",POINTE-NOIRE,CDD,Emploi Temporaire,CLINIQUE LES OLIVIERS,,1.0,2025-02-10 00:00:00,,,,pointe-noire,"Réceptionnistes Santé, Pharmacie & Recherche Scientifique"
JOB250001709,Réceptionniste,"Santé, Pharmacie & Recherche Scientifique",POINTE-NOIRE,CDD,Emploi Temporaire,CLINIQUE LES OLIVIERS,,1.0,2025-07-18 00:00:00,,,,pointe-noire,"Réceptionniste Santé, Pharmacie & Recherche Scientifique"
JOB250001931,BRANCARDIER,"Santé, Pharmacie & Recherche Scientifique",POINTE-NOIRE,CDD,Emploi Temporaire,CLINIQUE LES OLIVIERS,,1.0,2025-08-12 00:00:00,,,,pointe-noire,"BRANCARDIER Santé, Pharmacie & Recherche Scientifique"
JOB250002250,ASSISTANT COMPTABLE,"Santé, Pharmacie & Recherche Scientifique",POINTE-NOIRE,CDD,Emploi Temporaire,CLINIQUE LES OLIVIERS,,1.0,2025-09-16 00:00:00,,,,pointe-noire,"ASSISTANT COMPTABLE Santé, Pharmacie & Recherche Scientifique"
JOB250002251,Chauffeur Ambulancier,"Santé, Pharmacie & Recherche Scientifique",POINTE-NOIRE,CDD,Emploi Temporaire,CLINIQUE LES OLIVIERS,,1.0,2025-09-16 00:00:00,,,,pointe-noire,"Chauffeur Ambulancier Santé, Pharmacie & Recherche Scientifique"
JOB250002650,INFIRMIER,"Santé, Pharmacie & Recherche Scientifique",POINTE-NOIRE,CDD,Emploi Temporaire,CLINIQUE LES OLIVIERS,,1.0,2025-11-17 00:00:00,,,,pointe-noire,"INFIRMIER Santé, Pharmacie & Recherche Scientifique"
JOB250001660,Directeur Commercial,"Transport, Logistique & Supply Chain",POINTE-NOIRE,CDI,Emploi Durable,CMA CGM CONGO S.A,,1.0,2025-07-11 00:00:00,,,,pointe-noire,"Directeur Commercial Transport, Logistique & Supply Chain"
JOB250001803,AGENT TRANSBORDEMENT,"Transport, Logistique & Supply Chain",POINTE-NOIRE,CDD,Emploi Temporaire,CMA CGM CONGO S.A,,1.0,2025-07-28 00:00:00,,,,pointe-noire,"AGENT TRANSBORDEMENT Transport, Logistique & Supply Chain"
JOB250001421,Agent d'entretien,Nettoyage & Blanchisserie,BRAZZAVILLE,CDD,Emploi Temporaire,COAMO,,1.0,2025-06-16 00:00:00,,,,brazzaville,Agent d'entretien Nettoyage & Blanchisserie
JOB250002141,Chef comptable,"Finance, Banque, Assurance, Comptabilité & Fiscalité",BRAZZAVILLE,CDD,Emploi Temporaire,COAMO,,1.0,2025-09-05 00:00:00,,,,brazzaville,"Chef comptable Finance, Banque, Assurance, Comptabilité & Fiscalité"
JOB250002152,MAJORDOME,Hôtellerie - Restauration,BRAZZAVILLE,CDD,Emploi Temporaire,COAMO,,1.0,2025-09-05 00:00:00,,,,brazzaville,MAJORDOME Hôtellerie - Restauration
JOB250002617,ASSISTANT PROJETS,"Bâtiment, Travaux Publics & Aménagement du Territoire",BRAZZAVILLE,CDD,Emploi Temporaire,COAMO,,1.0,2025-11-07 00:00:00,,,,brazzaville,"ASSISTANT PROJETS Bâtiment, Travaux Publics & Aménagement du Territoire"
JOB250002630,Chef comptable,"Finance, Banque, Assurance, Comptabilité & Fiscalité",BRAZZAVILLE,CDD,Emploi Temporaire,COAMO,,1.0,2025-11-11 00:00:00,,,,brazzaville,"Chef comptable Finance, Banque, Assurance, Comptabilité & Fiscalité"
NONREF000206,Resp sces travaux génie civil,"Bâtiment, Travaux Publics & Aménagement du Territoire",POINTE-NOIRE,CDD,Emploi Temporaire,CODISCO GIBAT,,1.0,2025-01-27 00:00:00,,,,pointe-noire,"Resp sces travaux génie civil Bâtiment, Travaux Publics & Aménagement du Territoire"
JOB250002234,CHEF DE PROJET AGRICOLE,Agriculture & Industrie Agroalimentaire,BRAZZAVILLE,CDD,Emploi Temporaire,CODISPAAC,,1.0,2025-09-15 00:00:00,,,,brazzaville,CHEF DE PROJET AGRICOLE Agriculture & Industrie Agroalimentaire
JOB250002237,RESPONSABLE DE LA FILIERE PRODUCTION VEGETALE,Agriculture & Industrie Agroalimentaire,BRAZZAVILLE,CDD,Emploi Temporaire,CODISPAAC,,1.0,2025-09-15 00:00:00,,,,brazzaville,RESPONSABLE DE LA FILIERE PRODUCTION VEGETALE Agriculture & Industrie Agroalimentaire
JOB250002240,RESPONSABLE DE LA FILIERE PRODUCTION ET SANTE ANIMALE,Agriculture & Industrie Agroalimentaire,BRAZZAVILLE,CDD,Emploi Temporaire,CODISPAAC,,1.0,2025-09-15 00:00:00,,,,brazzaville,RESPONSABLE DE LA FILIERE PRODUCTION ET SANTE ANIMALE Agriculture & Industrie Agroalimentaire
JOB250001222,Réceptionniste,Hôtellerie - Restauration,BRAZZAVILLE,CDD,Emploi Temporaire,COLORADO S.A (GRAND LANCASTER),,1.0,2025-05-23 00:00:00,,,,brazzaville,Réceptionniste Hôtellerie - Restauration
JOB250001226,FEMME DE CHAMBRE,Hôtellerie - Restauration,BRAZZAVILLE,CDD,Emploi Temporaire,COLORADO S.A (GRAND LANCASTER),,1.0,2025-05-23 00:00:00,,,,brazzaville,FEMME DE CHAMBRE Hôtellerie - Restauration
JOB250001228,PLONGEUR,Hôtellerie - Restauration,BRAZZAVILLE,CDD,Emploi Temporaire,COLORADO S.A (GRAND LANCASTER),,1.0,2025-05-23 00:00:00,,,,brazzaville,PLONGEUR Hôtellerie - Restauration
JOB250001237,COMMIS DE RESTAURANT,Hôtellerie - Restauration,BRAZZAVILLE,CDD,Emploi Temporaire,COLORADO S.A (GRAND LANCASTER),,1.0,2025-05-26 00:00:00,,,,brazzaville,COMMIS DE RESTAURANT Hôtellerie - Restauration
JOB250001238,CROISSANTIER,Hôtellerie - Restauration,BRAZZAVILLE,CDD,Emploi Temporaire,COLORADO S.A (GRAND LANCASTER),,1.0,2025-05-26 00:00:00,,,,brazzaville,CROISSANTIER Hôtellerie - Restauration
JOB250001424,SERVEUR,"Commerce, Vente, Marketing & Distribution",BRAZZAVILLE,CDD,Emploi Temporaire,COLORADO S.A (GRAND LANCASTER),,1.0,2025-06-16 00:00:00,,,,brazzaville,"SERVEUR Commerce, Vente, Marketing & Distribution"
JOB250001430,GOUVERNANT,Hôtellerie - Restauration,BRAZZAVILLE,CDD,Emploi Temporaire,COLORADO S.A (GRAND LANCASTER),,1.0,2025-06-17 00:00:00,,,,brazzaville,GOUVERNANT Hôtellerie - Restauration
JOB250001431,CHEF Pâtissier,Hôtellerie - Restauration,BRAZZAVILLE,CDI,Emploi Durable,COLORADO S.A (GRAND LANCASTER),,1.0,2025-06-17 00:00:00,,,,brazzaville,CHEF Pâtissier Hôtellerie - Restauration
JOB250001864,Agent commercial,"Commerce, Vente, Marketing & Distribution",BRAZZAVILLE,CDD,Emploi Temporaire,COLORADO S.A (GRAND LANCASTER),,1.0,2025-08-05 00:00:00,,,,brazzaville,"Agent commercial Commerce, Vente, Marketing & Distribution"
JOB250001866,Réceptionniste,Gestion Administrative,BRAZZAVILLE,CDD,Emploi Temporaire,COLORADO S.A (GRAND LANCASTER),,1.0,2025-08-05 00:00:00,,,,brazzaville,Réceptionniste Gestion Administrative
JOB250002443,EQUIPIER,Nettoyage & Blanchisserie,BRAZZAVILLE,CDD,Emploi Temporaire,COLORADO S.A (GRAND LANCASTER),,1.0,2025-10-17 00:00:00,,,,brazzaville,EQUIPIER Nettoyage & Blanchisserie
JOB250002445,MENUISIER,"Bâtiment, Travaux Publics & Aménagement du Territoire",BRAZZAVILLE,CDD,Emploi Temporaire,COLORADO S.A (GRAND LANCASTER),,1.0,2025-10-17 00:00:00,,,,brazzaville,"MENUISIER Bâtiment, Travaux Publics & Aménagement du Territoire"
JOB250002530,PLOMBIER,"Bâtiment, Travaux Publics & Aménagement du Territoire",BRAZZAVILLE,CDD,Emploi Temporaire,COLORADO S.A (GRAND LANCASTER),,1.0,2025-10-28 00:00:00,,,,brazzaville,"PLOMBIER Bâtiment, Travaux Publics & Aménagement du Territoire"
JOB250002538,COMMIS DE BANQUET,Hôtellerie - Restauration,BRAZZAVILLE,CDD,Emploi Temporaire,COLORADO S.A (GRAND LANCASTER),,1.0,2025-10-29 00:00:00,,,,brazzaville,COMMIS DE BANQUET Hôtellerie - Restauration
JOB250002568,Frigoriste,"Industrie, Production & Maintenance",BRAZZAVILLE,CDD,Emploi Temporaire,COLORADO S.A (GRAND LANCASTER),,1.0,2025-11-04 00:00:00,,,,brazzaville,"Frigoriste Industrie, Production & Maintenance"
JOB250002571,Chargé des relations clients,Hôtellerie - Restauration,BRAZZAVILLE,CDD,Emploi Temporaire,COLORADO S.A (GRAND LANCASTER),,1.0,2025-11-04 00:00:00,,,,brazzaville,Chargé des relations clients Hôtellerie - Restauration
JOB250002572,Coach sportif,Hôtellerie - Restauration,BRAZZAVILLE,CDD,Emploi Temporaire,COLORADO S.A (GRAND LANCASTER),,1.0,2025-11-04 00:00:00,,,,brazzaville,Coach sportif Hôtellerie - Restauration
JOB250002573,Coach sportif,Hôtellerie - Restauration,BRAZZAVILLE,CDD,Emploi Temporaire,COLORADO S.A (GRAND LANCASTER),,1.0,2025-11-04 00:00:00,,,,brazzaville,Coach sportif Hôtellerie - Restauration
JOB250002576,BAGAGISTE,"Transport, Logistique & Supply Chain",BRAZZAVILLE,CDD,Emploi Temporaire,COLORADO S.A (GRAND LANCASTER),,1.0,2025-11-04 00:00:00,,,,brazzaville,"BAGAGISTE Transport, Logistique & Supply Chain"
JOB250002663,COMMIS DE CUISINE,Hôtellerie - Restauration,BRAZZAVILLE,CDD,Emploi Temporaire,COLORADO S.A (GRAND LANCASTER),,1.0,2025-11-18 00:00:00,,,,brazzaville,COMMIS DE CUISINE Hôtellerie - Restauration
JOB250002329,OPERATRICE DE CAISSE,"Finance, Banque, Assurance, Comptabilité & Fiscalité",BRAZZAVILLE,CDD,Emploi Temporaire,COMPAGNIE FINANCIERE AFRICAINE CONGO S.A,,1.0,2025-10-01 00:00:00,,,,brazzaville,"OPERATRICE DE CAISSE Finance, Banque, Assurance, Comptabilité & Fiscalité"
JOB250001440,AGENT DE TRANSIT,"Transport, Logistique & Supply Chain",POINTE-NOIRE,CDI,Emploi Durable,CONGO ENERGIE SERVICES,,1.0,2025-06-20 00:00:00,,,,pointe-noire,"AGENT DE TRANSIT Transport, Logistique & Supply Chain"
JOB250001441,DECLARANT EN DOUANE,"Transport, Logistique & Supply Chain",POINTE-NOIRE,CDI,Emploi Durable,CONGO ENERGIE SERVICES,,1.0,2025-06-20 00:00:00,,,,pointe-noire,"DECLARANT EN DOUANE Transport, Logistique & Supply Chain"
JOB250001443,Assistant de Direction,"Conseil, Stratégie & Gestion des Ressources Humaines",POINTE-NOIRE,CDD,Emploi Temporaire,CONGO ENERGIE SERVICES,,1.0,2025-06-20 00:00:00,,,,pointe-noire,"Assistant de Direction Conseil, Stratégie & Gestion des Ressources Humaines"
JOB250001524,RESPONSABLELOGISTIQUE,"Transport, Logistique & Supply Chain",POINTE-NOIRE,CDD,Emploi Temporaire,CONGO ENERGIE SERVICES,,1.0,2025-06-25 00:00:00,,,,pointe-noire,"RESPONSABLELOGISTIQUE Transport, Logistique & Supply Chain"
JOB250001287,Assistant de direction RH,"Conseil, Stratégie & Gestion des Ressources Humaines",BRAZZAVILLE,CDI,Emploi Durable,CONGO MAINTENANCE SERVICES (CMS),,1.0,2025-06-01 00:00:00,,,,brazzaville,"Assistant de direction RH Conseil, Stratégie & Gestion des Ressources Humaines"
JOB250002407,Technicien Senior en Maintenance ESP,"Pétrole, Gaz & Hydrocarbures",POINTE-NOIRE,CDI,Emploi Durable,CONGO OILFIELD  SERVICES S.A,,4.0,2025-10-10 00:00:00,,,,pointe-noire,"Technicien Senior en Maintenance ESP Pétrole, Gaz & Hydrocarbures"
NONREF000253,Aide,"Conseil, Stratégie & Gestion des Ressources Humaines",Bouenza,CDD,Emploi Temporaire,Congo Services,,21.0,Février,,,,bouenza,"Aide Conseil, Stratégie & Gestion des Ressources Humaines"
NONREF000254,Aide Chaudronnier,"Conseil, Stratégie & Gestion des Ressources Humaines",Bouenza,CDD,Emploi Temporaire,Congo Services,,8.0,Février,,,,bouenza,"Aide Chaudronnier Conseil, Stratégie & Gestion des Ressources Humaines"
NONREF000259,Aide Maçon,"Conseil, Stratégie & Gestion des Ressources Humaines",Bouenza,CDD,Emploi Temporaire,Congo Services,,2.0,Février,,,,bouenza,"Aide Maçon Conseil, Stratégie & Gestion des Ressources Humaines"
NONREF000260,Aide Peintre,"Conseil, Stratégie & Gestion des Ressources Humaines",Bouenza,CDD,Emploi Temporaire,Congo Services,,2.0,Février,,,,bouenza,"Aide Peintre Conseil, Stratégie & Gestion des Ressources Humaines"
NONREF000264,Calorifugeur OP,"Conseil, Stratégie & Gestion des Ressources Humaines",Bouenza,CDD,Emploi Temporaire,Congo Services,,4.0,Février,,,,bouenza,"Calorifugeur OP Conseil, Stratégie & Gestion des Ressources Humaines"
NONREF000265,Calorifugeur OQ,"Conseil, Stratégie & Gestion des Ressources Humaines",Bouenza,CDD,Emploi Temporaire,Congo Services,,2.0,Février,,,,bouenza,"Calorifugeur OQ Conseil, Stratégie & Gestion des Ressources Humaines"
NONREF000267,Chaudronnier,"Conseil, Stratégie & Gestion des Ressources Humaines",Bouenza,CDD,Emploi Temporaire,Congo Services,,12.0,Février,,,,bouenza,"Chaudronnier Conseil, Stratégie & Gestion des Ressources Humaines"
NONREF000269,Chauffeur,"Conseil, Stratégie & Gestion des Ressources Humaines",Bouenza,CDD,Emploi Temporaire,Congo Services,,1.0,Février,,,,bouenza,"Chauffeur Conseil, Stratégie & Gestion des Ressources Humaines"
NONREF000271,Chauffeur Tricycle,"Conseil, Stratégie & Gestion des Ressources Humaines",Bouenza,CDD,Emploi Temporaire,Congo Services,,3.0,Février,,,,bouenza,"Chauffeur Tricycle Conseil, Stratégie & Gestion des Ressources Humaines"
NONREF000275,Chef d'Equipe Calorifuge,"Conseil, Stratégie & Gestion des Ressources Humaines",Bouenza,CDD,Emploi Temporaire,Congo Services,,1.0,Février,,,,bouenza,"Chef d'Equipe Calorifuge Conseil, Stratégie & Gestion des Ressources Humaines"
NONREF000277,Chef d'Equipe Chaudronnier,"Conseil, Stratégie & Gestion des Ressources Humaines",Bouenza,CDD,Emploi Temporaire,Congo Services,,2.0,Février,,,,bouenza,"Chef d'Equipe Chaudronnier Conseil, Stratégie & Gestion des Ressources Humaines"
NONREF000281,Chef d'Equipe maçon,"Conseil, Stratégie & Gestion des Ressources Humaines",Bouenza,CDD,Emploi Temporaire,Congo Services,,3.0,Février,,,,bouenza,"Chef d'Equipe maçon Conseil, Stratégie & Gestion des Ressources Humaines"
NONREF000293,Electricien,"Conseil, Stratégie & Gestion des Ressources Humaines",Bouenza,CDD,Emploi Temporaire,Congo Services,,1.0,Février,,,,bouenza,"Electricien Conseil, Stratégie & Gestion des Ressources Humaines"
NONREF000299,Ferrailleur,"Conseil, Stratégie & Gestion des Ressources Humaines",Bouenza,CDD,Emploi Temporaire,Congo Services,,5.0,Février,,,,bouenza,"Ferrailleur Conseil, Stratégie & Gestion des Ressources Humaines"
NONREF000306,Maçon,"Conseil, Stratégie & Gestion des Ressources Humaines",Bouenza,CDD,Emploi Temporaire,Congo Services,,14.0,Février,,,,bouenza,"Maçon Conseil, Stratégie & Gestion des Ressources Humaines"
NONREF000307,Maçon,"Conseil, Stratégie & Gestion des Ressources Humaines",Bouenza,CDD,Emploi Temporaire,Congo Services,,3.0,Février,,,,bouenza,"Maçon Conseil, Stratégie & Gestion des Ressources Humaines"
NONREF000308,Maçon carreleur,"Conseil, Stratégie & Gestion des Ressources Humaines",Bouenza,CDD,Emploi Temporaire,Congo Services,,3.0,Février,,,,bouenza,"Maçon carreleur Conseil, Stratégie & Gestion des Ressources Humaines"
NONREF000309,Maganisier,"Conseil, Stratégie & Gestion des Ressources Humaines",Bouenza,CDD,Emploi Temporaire,Congo Services,,1.0,Février,,,,bouenza,"Maganisier Conseil, Stratégie & Gestion des Ressources Humaines"
NONREF000350,Menusier Coffreur,"Conseil, Stratégie & Gestion des Ressources Humaines",Bouenza,CDD,Emploi Temporaire,Congo Services,,10.0,Février,,,,bouenza,"Menusier Coffreur Conseil, Stratégie & Gestion des Ressources Humaines"
NONREF000352,Monteur,"Conseil, Stratégie & Gestion des Ressources Humaines",Bouenza,CDD,Emploi Temporaire,Congo Services,,8.0,Février,,,,bouenza,"Monteur Conseil, Stratégie & Gestion des Ressources Humaines"
NONREF000361,Opérateur Marteau P,"Conseil, Stratégie & Gestion des Ressources Humaines",Bouenza,CDD,Emploi Temporaire,Congo Services,,8.0,Février,,,,bouenza,"Opérateur Marteau P Conseil, Stratégie & Gestion des Ressources Humaines"
NONREF000367,Peintre,"Conseil, Stratégie & Gestion des Ressources Humaines",Bouenza,CDD,Emploi Temporaire,Congo Services,,6.0,Février,,,,bouenza,"Peintre Conseil, Stratégie & Gestion des Ressources Humaines"
NONREF000368,Plombier,"Conseil, Stratégie & Gestion des Ressources Humaines",Bouenza,CDD,Emploi Temporaire,Congo Services,,1.0,Février,,,,bouenza,"Plombier Conseil, Stratégie & Gestion des Ressources Humaines"
NONREF000369,Plombier,"Conseil, Stratégie & Gestion des Ressources Humaines",Bouenza,CDD,Emploi Temporaire,Congo Services,,5.0,Février,,,,bouenza,"Plombier Conseil, Stratégie & Gestion des Ressources Humaines"
NONREF000378,Soudeur,"Conseil, Stratégie & Gestion des Ressources Humaines",Bouenza,CDD,Emploi Temporaire,Congo Services,,1.0,Février,,,,bouenza,"Soudeur Conseil, Stratégie & Gestion des Ressources Humaines"
NONREF000381,Soudeur OP,"Conseil, Stratégie & Gestion des Ressources Humaines",Bouenza,CDD,Emploi Temporaire,Congo Services,,2.0,Février,,,,bouenza,"Soudeur OP Conseil, Stratégie & Gestion des Ressources Humaines"
NONREF000384,Soudeur OQ,"Conseil, Stratégie & Gestion des Ressources Humaines",Bouenza,CDD,Emploi Temporaire,Congo Services,,7.0,Février,,,,bouenza,"Soudeur OQ Conseil, Stratégie & Gestion des Ressources Humaines"
JOB250000891,Assistant Logistique,"Transport, Logistique & Supply Chain",BRAZZAVILLE,Contrat d'intérim,Emploi Temporaire,CONGO SERVICES INTERIM,,1.0,2025-03-20 00:00:00,,,,brazzaville,"Assistant Logistique Transport, Logistique & Supply Chain"
JOB250000892,ASSISTANT COMPTABLE,"Finance, Banque, Assurance, Comptabilité & Fiscalité",BRAZZAVILLE,Contrat d'intérim,Emploi Temporaire,CONGO SERVICES INTERIM,,1.0,2025-03-20 00:00:00,,,,brazzaville,"ASSISTANT COMPTABLE Finance, Banque, Assurance, Comptabilité & Fiscalité"
JOB250000909,ASSISTANT COMPTABLE,"Finance, Banque, Assurance, Comptabilité & Fiscalité",BRAZZAVILLE,CDD,Emploi Temporaire,CONGO SERVICES INTERIM,,1.0,2025-03-28 00:00:00,,,,brazzaville,"ASSISTANT COMPTABLE Finance, Banque, Assurance, Comptabilité & Fiscalité"
JOB250000910,Assistant Logistique,"Transport, Logistique & Supply Chain",BRAZZAVILLE,CDD,Emploi Temporaire,CONGO SERVICES INTERIM,,1.0,2025-03-28 00:00:00,,,,brazzaville,"Assistant Logistique Transport, Logistique & Supply Chain"
JOB250001546,Graisseur,"Industrie, Production & Maintenance",NKAYI,CDD,Emploi Temporaire,CONGO SERVICES INTERIM,,1.0,2025-06-30 00:00:00,,,,nkayi,"Graisseur Industrie, Production & Maintenance"
JOB250001552,Mecanicien Outils Agricole et Remorques,"Commerce, Vente, Marketing & Distribution",NKAYI,CDD,Emploi Temporaire,CONGO SERVICES INTERIM,,1.0,2025-07-01 00:00:00,,,,nkayi,"Mecanicien Outils Agricole et Remorques Commerce, Vente, Marketing & Distribution"
JOB250001553,Electricien AutoRecolte,"Commerce, Vente, Marketing & Distribution",NKAYI,CDD,Emploi Temporaire,CONGO SERVICES INTERIM,,1.0,2025-07-01 00:00:00,,,,nkayi,"Electricien AutoRecolte Commerce, Vente, Marketing & Distribution"
JOB250001554,Manœuvre,"Commerce, Vente, Marketing & Distribution",NKAYI,CDD,Emploi Temporaire,CONGO SERVICES INTERIM,,1.0,2025-07-01 00:00:00,,,,nkayi,"Manœuvre Commerce, Vente, Marketing & Distribution"
JOB250001555,AIDE MECANICIEN,"Commerce, Vente, Marketing & Distribution",NKAYI,CDD,Emploi Temporaire,CONGO SERVICES INTERIM,,1.0,2025-07-01 00:00:00,,,,nkayi,"AIDE MECANICIEN Commerce, Vente, Marketing & Distribution"
JOB250001556,POMPISTE,"Commerce, Vente, Marketing & Distribution",NKAYI,CDD,Emploi Temporaire,CONGO SERVICES INTERIM,,1.0,2025-07-01 00:00:00,,,,nkayi,"POMPISTE Commerce, Vente, Marketing & Distribution"
JOB250001557,Marqueur pont,"Commerce, Vente, Marketing & Distribution",NKAYI,CDD,Emploi Temporaire,CONGO SERVICES INTERIM,,1.0,2025-07-01 00:00:00,,,,nkayi,"Marqueur pont Commerce, Vente, Marketing & Distribution"
JOB250001558,Agent ORDONNANCIER,"Commerce, Vente, Marketing & Distribution",NKAYI,CDD,Emploi Temporaire,CONGO SERVICES INTERIM,,1.0,2025-07-01 00:00:00,,,,nkayi,"Agent ORDONNANCIER Commerce, Vente, Marketing & Distribution"
JOB250001559,MAGASINIER,"Commerce, Vente, Marketing & Distribution",NKAYI,CDD,Emploi Temporaire,CONGO SERVICES INTERIM,,1.0,2025-07-01 00:00:00,,,,nkayi,"MAGASINIER Commerce, Vente, Marketing & Distribution"
JOB250001560,MAGASINIER,"Commerce, Vente, Marketing & Distribution",NKAYI,CDD,Emploi Temporaire,CONGO SERVICES INTERIM,,1.0,2025-07-01 00:00:00,,,,nkayi,"MAGASINIER Commerce, Vente, Marketing & Distribution"
JOB250001561,MAGASINIER,"Commerce, Vente, Marketing & Distribution",NKAYI,CDD,Emploi Temporaire,CONGO SERVICES INTERIM,,1.0,2025-07-01 00:00:00,,,,nkayi,"MAGASINIER Commerce, Vente, Marketing & Distribution"
JOB250001568,OPERATEUR STEP,"Commerce, Vente, Marketing & Distribution",NKAYI,CDD,Emploi Temporaire,CONGO SERVICES INTERIM,,1.0,2025-07-02 00:00:00,,,,nkayi,"OPERATEUR STEP Commerce, Vente, Marketing & Distribution"
JOB250001569,MECANICIEN VL/PL,"Commerce, Vente, Marketing & Distribution",NKAYI,CDD,Emploi Temporaire,CONGO SERVICES INTERIM,,1.0,2025-07-02 00:00:00,,,,nkayi,"MECANICIEN VL/PL Commerce, Vente, Marketing & Distribution"
JOB250001570,MECANICIEN RECOLTE,"Commerce, Vente, Marketing & Distribution",NKAYI,CDD,Emploi Temporaire,CONGO SERVICES INTERIM,,1.0,2025-07-02 00:00:00,,,,nkayi,"MECANICIEN RECOLTE Commerce, Vente, Marketing & Distribution"
NONREF000050,Assistante super U,"Transport, Logistique & Supply Chain",POINTE-NOIRE,CDD,Emploi Temporaire,CONGO TERMINAL,,1.0,2025-01-13 00:00:00,,,,pointe-noire,"Assistante super U Transport, Logistique & Supply Chain"
NONREF000077,Chef de département dvptRH,"Conseil, Stratégie & Gestion des Ressources Humaines",POINTE-NOIRE,CDD,Emploi Temporaire,CONGO TERMINAL,,1.0,2025-02-06 00:00:00,,,,pointe-noire,"Chef de département dvptRH Conseil, Stratégie & Gestion des Ressources Humaines"
JOB250001648,CONTROLEUR DE GESTION DE PROJET,"Conseil, Stratégie & Gestion des Ressources Humaines",POINTE-NOIRE,CDD,Emploi Temporaire,CONGO TERMINAL,,1.0,2025-07-08 00:00:00,,,,pointe-noire,"CONTROLEUR DE GESTION DE PROJET Conseil, Stratégie & Gestion des Ressources Humaines"
JOB250001651,Chef de Département Développement RH et Relations Ecoles,"Conseil, Stratégie & Gestion des Ressources Humaines",POINTE-NOIRE,CDI,Emploi Durable,CONGO TERMINAL,,1.0,2025-07-08 00:00:00,,,,pointe-noire,"Chef de Département Développement RH et Relations Ecoles Conseil, Stratégie & Gestion des Ressources Humaines"
JOB250002648,Directeur d'Exploitation,"Conseil, Stratégie & Gestion des Ressources Humaines",POINTE-NOIRE,CDD,Emploi Temporaire,CONGO TERMINAL,,1.0,2025-11-14 00:00:00,,,,pointe-noire,"Directeur d'Exploitation Conseil, Stratégie & Gestion des Ressources Humaines"
JOB250002802,Comptable Général,"Finance, Banque, Assurance, Comptabilité & Fiscalité",POINTE-NOIRE,CDD,Emploi Temporaire,CONGO TERMINAL,,1.0,2025-12-11 00:00:00,,,,pointe-noire,"Comptable Général Finance, Banque, Assurance, Comptabilité & Fiscalité"
JOB250002111,Animateur de Clusters Agricoles,Agriculture & Industrie Agroalimentaire,BRAZZAVILLE,CDD,Emploi Temporaire,Congolaise Terre des Hommes Association ( CTHA),,1.0,2025-09-03 00:00:00,,,,brazzaville,Animateur de Clusters Agricoles Agriculture & Industrie Agroalimentaire
NONREF000020,Assistant administratif,"Industrie, Production & Maintenance",POINTE-NOIRE,CDD,Emploi Temporaire,COTEN,,2.0,2025-01-03 00:00:00,,,,pointe-noire,"Assistant administratif Industrie, Production & Maintenance"
NONREF000147,Gestionnaire financier et cpt,"Industrie, Production & Maintenance",POINTE-NOIRE,CDD,Emploi Temporaire,COTEN,,1.0,2025-01-03 00:00:00,,,,pointe-noire,"Gestionnaire financier et cpt Industrie, Production & Maintenance"
NONREF000221,Responsable RH,"Conseil, Stratégie & Gestion des Ressources Humaines",POINTE-NOIRE,CDD,Emploi Temporaire,COTEN,,1.0,2025-01-03 00:00:00,,,,pointe-noire,"Responsable RH Conseil, Stratégie & Gestion des Ressources Humaines"
JOB250001710,Responsable de Projets Stratégiques & Transformation,"Conseil, Stratégie & Gestion des Ressources Humaines",POINTE-NOIRE,CDD,Emploi Temporaire,CREDIT DU CONGO,,1.0,2025-07-18 00:00:00,,,,pointe-noire,"Responsable de Projets Stratégiques & Transformation Conseil, Stratégie & Gestion des Ressources Humaines"
JOB250001329,Chauffeur,"Commerce, Vente, Marketing & Distribution",BRAZZAVILLE,CDI,Emploi Durable,DA RONG,,1.0,2025-06-05 00:00:00,,,,brazzaville,"Chauffeur Commerce, Vente, Marketing & Distribution"
JOB250001330,Manœuvre,"Bâtiment, Travaux Publics & Aménagement du Territoire",BRAZZAVILLE,CDI,Emploi Durable,DA RONG,,1.0,2025-06-05 00:00:00,,,,brazzaville,"Manœuvre Bâtiment, Travaux Publics & Aménagement du Territoire"
JOB250001331,Manœuvre,"Bâtiment, Travaux Publics & Aménagement du Territoire",BRAZZAVILLE,CDI,Emploi Durable,DA RONG,,1.0,2025-06-05 00:00:00,,,,brazzaville,"Manœuvre Bâtiment, Travaux Publics & Aménagement du Territoire"
NONREF000166,Magasinier,"Transport, Logistique & Supply Chain",POINTE-NOIRE,CDD,Emploi Temporaire,DARON CONGO,,1.0,2025-02-13 00:00:00,,,,pointe-noire,"Magasinier Transport, Logistique & Supply Chain"
NONREF000031,Assistant resp et logistique,"Commerce, Vente, Marketing & Distribution",POINTE-NOIRE,CDD,Emploi Temporaire,DARON SAM CONGO,,1.0,2025-02-05 00:00:00,,,,pointe-noire,"Assistant resp et logistique Commerce, Vente, Marketing & Distribution"
NONREF000230,Sénior manager Expertise-CPT,"Pétrole, Gaz & Hydrocarbures",POINTE-NOIRE,CDI,Emploi Durable,DELOITTE,,1.0,2025-01-27 00:00:00,,,,pointe-noire,"Sénior manager Expertise-CPT Pétrole, Gaz & Hydrocarbures"
JOB250000977,MANAGER,"Finance, Banque, Assurance, Comptabilité & Fiscalité",POINTE-NOIRE,CDI,Emploi Durable,DELOITTE TOUCHE TOHMATSU,,1.0,2025-04-24 00:00:00,,,,pointe-noire,"MANAGER Finance, Banque, Assurance, Comptabilité & Fiscalité"
JOB250001739,RESPONSABLE DES ACHATS,"Conseil, Stratégie & Gestion des Ressources Humaines",BRAZZAVILLE,CDD,Emploi Temporaire,DI AFRICA CONGO SA,,1.0,2025-07-23 00:00:00,,,,brazzaville,"RESPONSABLE DES ACHATS Conseil, Stratégie & Gestion des Ressources Humaines"
JOB250001756,RESPONSABLE DE LA BLANCHISSERIE,"Conseil, Stratégie & Gestion des Ressources Humaines",BRAZZAVILLE,CDD,Emploi Temporaire,DI AFRICA CONGO SA,,1.0,2025-07-24 00:00:00,,,,brazzaville,"RESPONSABLE DE LA BLANCHISSERIE Conseil, Stratégie & Gestion des Ressources Humaines"
JOB250001760,Stage Assistant Fiscaliste,"Conseil, Stratégie & Gestion des Ressources Humaines",BRAZZAVILLE,CDD,Emploi Temporaire,DI AFRICA CONGO SA,,1.0,2025-07-24 00:00:00,,,,brazzaville,"Stage Assistant Fiscaliste Conseil, Stratégie & Gestion des Ressources Humaines"
JOB250001763,Agent Customer Registration (KYC),"Conseil, Stratégie & Gestion des Ressources Humaines",BRAZZAVILLE,CDD,Emploi Temporaire,DI AFRICA CONGO SA,,1.0,2025-07-24 00:00:00,,,,brazzaville,"Agent Customer Registration (KYC) Conseil, Stratégie & Gestion des Ressources Humaines"
JOB250001764,ASSISTANT ADMINISTRATIF,"Conseil, Stratégie & Gestion des Ressources Humaines",BRAZZAVILLE,CDD,Emploi Temporaire,DI AFRICA CONGO SA,,1.0,2025-07-24 00:00:00,,,,brazzaville,"ASSISTANT ADMINISTRATIF Conseil, Stratégie & Gestion des Ressources Humaines"
JOB250001765,CHARGE DE LA COMMUNICATION INTERNE,"Conseil, Stratégie & Gestion des Ressources Humaines",BRAZZAVILLE,CDD,Emploi Temporaire,DI AFRICA CONGO SA,,1.0,2025-07-24 00:00:00,,,,brazzaville,"CHARGE DE LA COMMUNICATION INTERNE Conseil, Stratégie & Gestion des Ressources Humaines"
JOB250001766,CHARGE DE RECRUTEMENT,"Conseil, Stratégie & Gestion des Ressources Humaines",BRAZZAVILLE,CDD,Emploi Temporaire,DI AFRICA CONGO SA,,1.0,2025-07-24 00:00:00,,,,brazzaville,"CHARGE DE RECRUTEMENT Conseil, Stratégie & Gestion des Ressources Humaines"
JOB250001767,VIDEOGRAPHISTE,"Conseil, Stratégie & Gestion des Ressources Humaines",BRAZZAVILLE,CDD,Emploi Temporaire,DI AFRICA CONGO SA,,1.0,2025-07-24 00:00:00,,,,brazzaville,"VIDEOGRAPHISTE Conseil, Stratégie & Gestion des Ressources Humaines"
JOB250001770,AGENT CLOSED LOPP FEEDBACK,"Conseil, Stratégie & Gestion des Ressources Humaines",BRAZZAVILLE,CDD,Emploi Temporaire,DI AFRICA CONGO SA,,1.0,2025-07-25 00:00:00,,,,brazzaville,"AGENT CLOSED LOPP FEEDBACK Conseil, Stratégie & Gestion des Ressources Humaines"
JOB250001771,AGENT BACK OFFICE TROUBLESHOOTING,"Conseil, Stratégie & Gestion des Ressources Humaines",BRAZZAVILLE,CDD,Emploi Temporaire,DI AFRICA CONGO SA,,1.0,2025-07-25 00:00:00,,,,brazzaville,"AGENT BACK OFFICE TROUBLESHOOTING Conseil, Stratégie & Gestion des Ressources Humaines"
JOB250001773,CONSEILLER DIGITAL-ASSISTED CHANNEL,"Conseil, Stratégie & Gestion des Ressources Humaines",BRAZZAVILLE,CDD,Emploi Temporaire,DI AFRICA CONGO SA,,1.0,2025-07-25 00:00:00,,,,brazzaville,"CONSEILLER DIGITAL-ASSISTED CHANNEL Conseil, Stratégie & Gestion des Ressources Humaines"
JOB250001774,COORDINATEUR COMMERCIAL EBU,"Conseil, Stratégie & Gestion des Ressources Humaines",BRAZZAVILLE,CDD,Emploi Temporaire,DI AFRICA CONGO SA,,1.0,2025-07-25 00:00:00,,,,brazzaville,"COORDINATEUR COMMERCIAL EBU Conseil, Stratégie & Gestion des Ressources Humaines"
JOB250001776,Coordinateur produit et services,"Conseil, Stratégie & Gestion des Ressources Humaines",BRAZZAVILLE,CDD,Emploi Temporaire,DI AFRICA CONGO SA,,1.0,2025-07-25 00:00:00,,,,brazzaville,"Coordinateur produit et services Conseil, Stratégie & Gestion des Ressources Humaines"
JOB250001777,SUPERVISEUR FLEET,"Conseil, Stratégie & Gestion des Ressources Humaines",BRAZZAVILLE,CDD,Emploi Temporaire,DI AFRICA CONGO SA,,1.0,2025-07-25 00:00:00,,,,brazzaville,"SUPERVISEUR FLEET Conseil, Stratégie & Gestion des Ressources Humaines"
JOB250001778,TECHNICIEN INFORMATIQUE,"Conseil, Stratégie & Gestion des Ressources Humaines",BRAZZAVILLE,CDD,Emploi Temporaire,DI AFRICA CONGO SA,,1.0,2025-07-25 00:00:00,,,,brazzaville,"TECHNICIEN INFORMATIQUE Conseil, Stratégie & Gestion des Ressources Humaines"
JOB250001779,Coordonnateur Sécurité,"Conseil, Stratégie & Gestion des Ressources Humaines",BRAZZAVILLE,CDD,Emploi Temporaire,DI AFRICA CONGO SA,,1.0,2025-07-25 00:00:00,,,,brazzaville,"Coordonnateur Sécurité Conseil, Stratégie & Gestion des Ressources Humaines"
JOB250001780,SUPERVISEUR FUEL,"Conseil, Stratégie & Gestion des Ressources Humaines",BRAZZAVILLE,CDD,Emploi Temporaire,DI AFRICA CONGO SA,,1.0,2025-07-25 00:00:00,,,,brazzaville,"SUPERVISEUR FUEL Conseil, Stratégie & Gestion des Ressources Humaines"
JOB250001781,AGENT DE LIAISON,"Conseil, Stratégie & Gestion des Ressources Humaines",BRAZZAVILLE,CDD,Emploi Temporaire,DI AFRICA CONGO SA,,1.0,2025-07-25 00:00:00,,,,brazzaville,"AGENT DE LIAISON Conseil, Stratégie & Gestion des Ressources Humaines"
JOB250001799,conseiller service centre,"Conseil, Stratégie & Gestion des Ressources Humaines",BRAZZAVILLE,CDD,Emploi Temporaire,DI AFRICA CONGO SA,,1.0,2025-07-28 00:00:00,,,,brazzaville,"conseiller service centre Conseil, Stratégie & Gestion des Ressources Humaines"
JOB250001800,PRESALES INGENIEUR,"Conseil, Stratégie & Gestion des Ressources Humaines",BRAZZAVILLE,CDD,Emploi Temporaire,DI AFRICA CONGO SA,,1.0,2025-07-28 00:00:00,,,,brazzaville,"PRESALES INGENIEUR Conseil, Stratégie & Gestion des Ressources Humaines"
JOB250001804,Coordinateur Marketing EBU,"Conseil, Stratégie & Gestion des Ressources Humaines",BRAZZAVILLE,CDD,Emploi Temporaire,DI AFRICA CONGO SA,,1.0,2025-07-28 00:00:00,,,,brazzaville,"Coordinateur Marketing EBU Conseil, Stratégie & Gestion des Ressources Humaines"
JOB250001809,PRESALES INGENIEUR,"Conseil, Stratégie & Gestion des Ressources Humaines",BRAZZAVILLE,CDI,Emploi Durable,DI AFRICA CONGO SA,,1.0,2025-07-29 00:00:00,,,,brazzaville,"PRESALES INGENIEUR Conseil, Stratégie & Gestion des Ressources Humaines"
JOB250002065,Responsable des Opération Groupe,"Conseil, Stratégie & Gestion des Ressources Humaines",POINTE-NOIRE,CDD,Emploi Temporaire,DI AFRICA CONGO SA,,1.0,2025-08-29 00:00:00,,,,pointe-noire,"Responsable des Opération Groupe Conseil, Stratégie & Gestion des Ressources Humaines"
JOB250001637,Responsable de la Blanchisserie,Nettoyage & Blanchisserie,POINTE-NOIRE,CDD,Emploi Temporaire,DI-Africa (Congo) SA,,1.0,2025-07-08 00:00:00,,,,pointe-noire,Responsable de la Blanchisserie Nettoyage & Blanchisserie
JOB250001641,Responsable de la Sécurité,"Sécurité, Sûreté & Défense",POINTE-NOIRE,CDD,Emploi Temporaire,DI-Africa (Congo) SA,,1.0,2025-07-08 00:00:00,,,,pointe-noire,"Responsable de la Sécurité Sécurité, Sûreté & Défense"
JOB250001643,Superviseurde l'Intendance,Hôtellerie - Restauration,POINTE-NOIRE,CDD,Emploi Temporaire,DI-Africa (Congo) SA,,1.0,2025-07-08 00:00:00,,,,pointe-noire,Superviseurde l'Intendance Hôtellerie - Restauration
JOB250001646,RESPONSABLE DES ACHATS,Hôtellerie - Restauration,POINTE-NOIRE,CDD,Emploi Temporaire,DI-Africa (Congo) SA,,1.0,2025-07-08 00:00:00,,,,pointe-noire,RESPONSABLE DES ACHATS Hôtellerie - Restauration
JOB250001664,Chauffeur,"Transport, Logistique & Supply Chain",POINTE-NOIRE,CDD,Emploi Temporaire,DI-Africa (Congo) SA,,1.0,2025-07-11 00:00:00,,,,pointe-noire,"Chauffeur Transport, Logistique & Supply Chain"
JOB250002210,Tacheron,Divers,POINTE-NOIRE,CDD,Emploi Temporaire,DI-Africa (Congo) SA,,1.0,2025-09-11 00:00:00,,,,pointe-noire,Tacheron Divers
JOB250002364,Chauffeur,"Transport, Logistique & Supply Chain",BRAZZAVILLE,CDD,Emploi Temporaire,DI-Africa (Congo) SA,,1.0,2025-10-07 00:00:00,,,,brazzaville,"Chauffeur Transport, Logistique & Supply Chain"
JOB250002367,Agent d'enregistrement client,"Informatique, Data, Télécommunications & Digital",BRAZZAVILLE,CDD,Emploi Temporaire,DI-Africa (Congo) SA,,1.0,2025-10-07 00:00:00,,,,brazzaville,"Agent d'enregistrement client Informatique, Data, Télécommunications & Digital"
JOB250002368,Assistant-Administratif,"Conseil, Stratégie & Gestion des Ressources Humaines",BRAZZAVILLE,CDD,Emploi Temporaire,DI-Africa (Congo) SA,,1.0,2025-10-08 00:00:00,,,,brazzaville,"Assistant-Administratif Conseil, Stratégie & Gestion des Ressources Humaines"
JOB250002369,Agent de support technique niveau 2,"Informatique, Data, Télécommunications & Digital",BRAZZAVILLE,CDD,Emploi Temporaire,DI-Africa (Congo) SA,,1.0,2025-10-08 00:00:00,,,,brazzaville,"Agent de support technique niveau 2 Informatique, Data, Télécommunications & Digital"
JOB250002370,Coordinateur Commercial EBU,"Commerce, Vente, Marketing & Distribution",BRAZZAVILLE,CDD,Emploi Temporaire,DI-Africa (Congo) SA,,1.0,2025-10-08 00:00:00,,,,brazzaville,"Coordinateur Commercial EBU Commerce, Vente, Marketing & Distribution"
JOB250002371,Coordinateur produit et services,"Commerce, Vente, Marketing & Distribution",BRAZZAVILLE,CDD,Emploi Temporaire,DI-Africa (Congo) SA,,1.0,2025-10-08 00:00:00,,,,brazzaville,"Coordinateur produit et services Commerce, Vente, Marketing & Distribution"
JOB250002372,Presales Ingénieur,"Informatique, Data, Télécommunications & Digital",BRAZZAVILLE,CDD,Emploi Temporaire,DI-Africa (Congo) SA,,1.0,2025-10-08 00:00:00,,,,brazzaville,"Presales Ingénieur Informatique, Data, Télécommunications & Digital"
JOB250002373,Chauffeurde Direction,"Transport, Logistique & Supply Chain",BRAZZAVILLE,CDD,Emploi Temporaire,DI-Africa (Congo) SA,,1.0,2025-10-08 00:00:00,,,,brazzaville,"Chauffeurde Direction Transport, Logistique & Supply Chain"
JOB250002374,Coordinateur Marketing EBU,"Communication, Médias & Événementiel",BRAZZAVILLE,CDD,Emploi Temporaire,DI-Africa (Congo) SA,,1.0,2025-10-08 00:00:00,,,,brazzaville,"Coordinateur Marketing EBU Communication, Médias & Événementiel"
JOB250002380,FINANCE,"Finance, Banque, Assurance, Comptabilité & Fiscalité",BRAZZAVILLE,CDD,Emploi Temporaire,DI-Africa (Congo) SA,,1.0,2025-10-08 00:00:00,,,,brazzaville,"FINANCE Finance, Banque, Assurance, Comptabilité & Fiscalité"
JOB250002381,TECHNICIEN INFORMATIQUE,"Informatique, Data, Télécommunications & Digital",BRAZZAVILLE,CDD,Emploi Temporaire,DI-Africa (Congo) SA,,1.0,2025-10-08 00:00:00,,,,brazzaville,"TECHNICIEN INFORMATIQUE Informatique, Data, Télécommunications & Digital"
JOB250002382,Conseiller Digital,"Communication, Médias & Événementiel",BRAZZAVILLE,CDD,Emploi Temporaire,DI-Africa (Congo) SA,,1.0,2025-10-08 00:00:00,,,,brazzaville,"Conseiller Digital Communication, Médias & Événementiel"
JOB250002383,Coordinateur produit et services,"Commerce, Vente, Marketing & Distribution",BRAZZAVILLE,CDD,Emploi Temporaire,DI-Africa (Congo) SA,,1.0,2025-10-08 00:00:00,,,,brazzaville,"Coordinateur produit et services Commerce, Vente, Marketing & Distribution"
JOB250002384,SUPERVISEUR FLEET,"Transport, Logistique & Supply Chain",BRAZZAVILLE,CDD,Emploi Temporaire,DI-Africa (Congo) SA,,1.0,2025-10-08 00:00:00,,,,brazzaville,"SUPERVISEUR FLEET Transport, Logistique & Supply Chain"
JOB250002385,conseiller service centre,"Commerce, Vente, Marketing & Distribution",BRAZZAVILLE,CDD,Emploi Temporaire,DI-Africa (Congo) SA,,1.0,2025-10-08 00:00:00,,,,brazzaville,"conseiller service centre Commerce, Vente, Marketing & Distribution"
JOB250002386,Agent de gestion des retours clients,"Communication, Médias & Événementiel",BRAZZAVILLE,CDD,Emploi Temporaire,DI-Africa (Congo) SA,,1.0,2025-10-08 00:00:00,,,,brazzaville,"Agent de gestion des retours clients Communication, Médias & Événementiel"
JOB250002862,Gestionnaire de point de vente,"Finance, Banque, Assurance, Comptabilité & Fiscalité",BRAZZAVILLE,CDD,Emploi Temporaire,DI-Africa (Congo) SA,,1.0,2025-12-22 00:00:00,,,,brazzaville,"Gestionnaire de point de vente Finance, Banque, Assurance, Comptabilité & Fiscalité"
JOB250002863,CAISSIER,"Finance, Banque, Assurance, Comptabilité & Fiscalité",BRAZZAVILLE,CDD,Emploi Temporaire,DI-Africa (Congo) SA,,1.0,2025-12-22 00:00:00,,,,brazzaville,"CAISSIER Finance, Banque, Assurance, Comptabilité & Fiscalité"
JOB250002540,Contremaître de Quart,Agriculture & Industrie Agroalimentaire,KAYES,CDI,Emploi Durable,DISTILLERIE DU CONGO,,1.0,2025-10-29 00:00:00,,,,kayes,Contremaître de Quart Agriculture & Industrie Agroalimentaire
JOB250001512,Chauffeur Poids Lourds,"Transport, Logistique & Supply Chain",Kouilou,CDI,Emploi Durable,DISTRICT DE LOANGO,,1.0,2025-06-24 00:00:00,,,,kouilou,"Chauffeur Poids Lourds Transport, Logistique & Supply Chain"
JOB250001532,ACHETEUR,"Commerce, Vente, Marketing & Distribution",POINTE-NOIRE,CDD,Emploi Temporaire,DIXSTONE OPERATIONS CONGO,,1.0,2025-06-26 00:00:00,,,,pointe-noire,"ACHETEUR Commerce, Vente, Marketing & Distribution"
JOB250001582,SUPPLY CHAIN MANAGER,"Énergie, Environnement & Eau",POINTE-NOIRE,CDI,Emploi Durable,DIXSTONE OPERATIONS CONGO,,1.0,2025-07-02 00:00:00,,,,pointe-noire,"SUPPLY CHAIN MANAGER Énergie, Environnement & Eau"
JOB250001583,Représentant Pays,"Énergie, Environnement & Eau",POINTE-NOIRE,CDI,Emploi Durable,DIXSTONE OPERATIONS CONGO,,1.0,2025-07-03 00:00:00,,,,pointe-noire,"Représentant Pays Énergie, Environnement & Eau"
JOB250001823,HR GENERALIST,"Énergie, Environnement & Eau",POINTE-NOIRE,CDD,Emploi Temporaire,DIXSTONE OPERATIONS CONGO,,1.0,2025-07-31 00:00:00,,,,pointe-noire,"HR GENERALIST Énergie, Environnement & Eau"
JOB250001825,"HR, Taxes & Compliance Assistant","Énergie, Environnement & Eau",POINTE-NOIRE,CDD,Emploi Temporaire,DIXSTONE OPERATIONS CONGO,,1.0,2025-07-31 00:00:00,,,,pointe-noire,"HR, Taxes & Compliance Assistant Énergie, Environnement & Eau"
JOB250002359,Responsable de l'entretienou de la maintenance des puits,"Énergie, Environnement & Eau",POINTE-NOIRE,CDI,Emploi Durable,DIXSTONE OPERATIONS CONGO,,1.0,2025-10-07 00:00:00,,,,pointe-noire,"Responsable de l'entretienou de la maintenance des puits Énergie, Environnement & Eau"
JOB250002361,Superintendant Maintenance,"Pétrole, Gaz & Hydrocarbures",POINTE-NOIRE,CDI,Emploi Durable,DIXSTONE OPERATIONS CONGO,,1.0,2025-10-07 00:00:00,,,,pointe-noire,"Superintendant Maintenance Pétrole, Gaz & Hydrocarbures"
JOB250002397,Responsable de l'entretienou de la maintenance des puits,"Pétrole, Gaz & Hydrocarbures",POINTE-NOIRE,CDI,Emploi Durable,DIXSTONE OPERATIONS CONGO,,1.0,2025-10-09 00:00:00,,,,pointe-noire,"Responsable de l'entretienou de la maintenance des puits Pétrole, Gaz & Hydrocarbures"
JOB250002398,Superintendant Maintenance,"Pétrole, Gaz & Hydrocarbures",POINTE-NOIRE,CDI,Emploi Durable,DIXSTONE OPERATIONS CONGO,,1.0,2025-10-09 00:00:00,,,,pointe-noire,"Superintendant Maintenance Pétrole, Gaz & Hydrocarbures"
JOB250002412,RESPONSABLE RESSOURCES HUMAINES,"Conseil, Stratégie & Gestion des Ressources Humaines",POINTE-NOIRE,CDD,Emploi Temporaire,DIXSTONE OPERATIONS CONGO,,1.0,2025-10-11 00:00:00,,,,pointe-noire,"RESPONSABLE RESSOURCES HUMAINES Conseil, Stratégie & Gestion des Ressources Humaines"
JOB250002413,Ingenieur de Forage,"Énergie, Environnement & Eau",POINTE-NOIRE,CDI,Emploi Durable,DIXSTONE OPERATIONS CONGO,,1.0,2025-10-11 00:00:00,,,,pointe-noire,"Ingenieur de Forage Énergie, Environnement & Eau"
JOB250002436,SENIOR RH,"Conseil, Stratégie & Gestion des Ressources Humaines",POINTE-NOIRE,CDD,Emploi Temporaire,DIXSTONE OPERATIONS CONGO,,1.0,2025-10-16 00:00:00,,,,pointe-noire,"SENIOR RH Conseil, Stratégie & Gestion des Ressources Humaines"
JOB250002437,Ingenieur de Forage,"Énergie, Environnement & Eau",POINTE-NOIRE,CDD,Emploi Temporaire,DIXSTONE OPERATIONS CONGO,,1.0,2025-10-16 00:00:00,,,,pointe-noire,"Ingenieur de Forage Énergie, Environnement & Eau"
JOB250002545,Chef comptable,"Finance, Banque, Assurance, Comptabilité & Fiscalité",POINTE-NOIRE,CDD,Emploi Temporaire,DIXSTONE OPERATIONS CONGO,,1.0,2025-10-29 00:00:00,,,,pointe-noire,"Chef comptable Finance, Banque, Assurance, Comptabilité & Fiscalité"
JOB250002546,Comptable Général,"Énergie, Environnement & Eau",POINTE-NOIRE,CDD,Emploi Temporaire,DIXSTONE OPERATIONS CONGO,,1.0,2025-10-29 00:00:00,,,,pointe-noire,"Comptable Général Énergie, Environnement & Eau"
JOB250002547,Coordinateur Contrat & Achat,"Énergie, Environnement & Eau",POINTE-NOIRE,CDD,Emploi Temporaire,DIXSTONE OPERATIONS CONGO,,1.0,2025-10-29 00:00:00,,,,pointe-noire,"Coordinateur Contrat & Achat Énergie, Environnement & Eau"
JOB250002652,Chef foreur,"Énergie, Environnement & Eau",POINTE-NOIRE,CDD,Emploi Temporaire,DIXSTONE OPERATIONS CONGO,,1.0,2025-11-17 00:00:00,,,,pointe-noire,"Chef foreur Énergie, Environnement & Eau"
JOB250002684,Référent comptable fournisseurs et clients,"Finance, Banque, Assurance, Comptabilité & Fiscalité",POINTE-NOIRE,CDD,Emploi Temporaire,DIXSTONE OPERATIONS CONGO,,1.0,2025-11-19 00:00:00,,,,pointe-noire,"Référent comptable fournisseurs et clients Finance, Banque, Assurance, Comptabilité & Fiscalité"
JOB250002728,Chef foreur,"Énergie, Environnement & Eau",POINTE-NOIRE,CDD,Emploi Temporaire,DIXSTONE OPERATIONS CONGO,,1.0,2025-11-25 00:00:00,,,,pointe-noire,"Chef foreur Énergie, Environnement & Eau"
JOB250002761,Référent comptable fournisseurs et clients,"Finance, Banque, Assurance, Comptabilité & Fiscalité",POINTE-NOIRE,CDD,Emploi Temporaire,DIXSTONE OPERATIONS CONGO,,1.0,2025-12-02 00:00:00,,,,pointe-noire,"Référent comptable fournisseurs et clients Finance, Banque, Assurance, Comptabilité & Fiscalité"
NONREF000090,Commercial,"Industrie, Production & Maintenance",POINTE-NOIRE,CDD,Emploi Temporaire,DMC IRON,,1.0,2025-01-21 00:00:00,,,,pointe-noire,"Commercial Industrie, Production & Maintenance"
NONREF000091,Commercial machine,"Industrie, Production & Maintenance",POINTE-NOIRE,CDD,Emploi Temporaire,DMC IRON,,1.0,2025-01-21 00:00:00,,,,pointe-noire,"Commercial machine Industrie, Production & Maintenance"
NONREF000212,Responsable groupe electrogene,"Industrie, Production & Maintenance",POINTE-NOIRE,CDD,Emploi Temporaire,DMC IRON,,1.0,2025-01-21 00:00:00,,,,pointe-noire,"Responsable groupe electrogene Industrie, Production & Maintenance"
NONREF000225,Secretaire administrative,"Industrie, Production & Maintenance",POINTE-NOIRE,CDD,Emploi Temporaire,DMC IRON,,1.0,2025-01-21 00:00:00,,,,pointe-noire,"Secretaire administrative Industrie, Production & Maintenance"
NONREF000247,Techno-commercial,"Industrie, Production & Maintenance",POINTE-NOIRE,CDD,Emploi Temporaire,DMC IRON,,1.0,2025-01-21 00:00:00,,,,pointe-noire,"Techno-commercial Industrie, Production & Maintenance"
JOB250001647,COMPTABLE,"Finance, Banque, Assurance, Comptabilité & Fiscalité",POINTE-NOIRE,CDD,Emploi Temporaire,DRIAN & PARTNERS,,1.0,2025-07-08 00:00:00,,,,pointe-noire,"COMPTABLE Finance, Banque, Assurance, Comptabilité & Fiscalité"
JOB250000943,Agent de recrutement,"Conseil, Stratégie & Gestion des Ressources Humaines",POINTE-NOIRE,CDI,Emploi Durable,EAD (ECOLE AFRICAINE DE DEVELOPPEMENT ),,1.0,2025-04-18 00:00:00,,,,pointe-noire,"Agent de recrutement Conseil, Stratégie & Gestion des Ressources Humaines"
JOB250001151,RESPONSABLE GESTION DES ARCHIVES (ARCHIVISTE),"Finance, Banque, Assurance, Comptabilité & Fiscalité",BRAZZAVILLE,CDD,Emploi Temporaire,Ecobank,,1.0,2025-05-14 00:00:00,,,,brazzaville,"RESPONSABLE GESTION DES ARCHIVES (ARCHIVISTE) Finance, Banque, Assurance, Comptabilité & Fiscalité"
JOB250001497,AUDITEUR INTERNE,"Finance, Banque, Assurance, Comptabilité & Fiscalité",BRAZZAVILLE,CDD,Emploi Temporaire,Ecobank,,1.0,2025-06-23 00:00:00,,,,brazzaville,"AUDITEUR INTERNE Finance, Banque, Assurance, Comptabilité & Fiscalité"
JOB250001879,DIRECTEURAUDIT PEAGE,Divers,BRAZZAVILLE,CDD,Emploi Temporaire,EGIS ROAD OPERATION CONGO,,1.0,2025-08-06 00:00:00,,,,brazzaville,DIRECTEURAUDIT PEAGE Divers
JOB250002835,Directeur d’Exploitation,Divers,BRAZZAVILLE,CDI,Emploi Durable,EGIS ROAD OPERATION CONGO,,1.0,2025-12-16 00:00:00,,,,brazzaville,Directeur d’Exploitation Divers
JOB250002212,Responsable Travaux Ligne Aerienne,"Énergie, Environnement & Eau",POINTE-NOIRE,CDI,Emploi Durable,EIFFAGE ENERGIE SYSTEMES-TRANSPORT ET DISTRIBUTION,,1.0,2025-09-11 00:00:00,,,,pointe-noire,"Responsable Travaux Ligne Aerienne Énergie, Environnement & Eau"
JOB250002213,ResponsableTravaux Génie Civil,"Bâtiment, Travaux Publics & Aménagement du Territoire",POINTE-NOIRE,CDI,Emploi Durable,EIFFAGE ENERGIE SYSTEMES-TRANSPORT ET DISTRIBUTION,,1.0,2025-09-11 00:00:00,,,,pointe-noire,"ResponsableTravaux Génie Civil Bâtiment, Travaux Publics & Aménagement du Territoire"
JOB250002214,Coordinateur Travaux,"Bâtiment, Travaux Publics & Aménagement du Territoire",POINTE-NOIRE,CDI,Emploi Durable,EIFFAGE ENERGIE SYSTEMES-TRANSPORT ET DISTRIBUTION,,1.0,2025-09-11 00:00:00,,,,pointe-noire,"Coordinateur Travaux Bâtiment, Travaux Publics & Aménagement du Territoire"
JOB250002252,Responsable de Chantier,"Bâtiment, Travaux Publics & Aménagement du Territoire",POINTE-NOIRE,CDI,Emploi Durable,EIFFAGE ENERGIE SYSTEMES-TRANSPORT ET DISTRIBUTION,,1.0,2025-09-16 00:00:00,,,,pointe-noire,"Responsable de Chantier Bâtiment, Travaux Publics & Aménagement du Territoire"
JOB250002318,Superviseur Travaux Génie Civil,"Bâtiment, Travaux Publics & Aménagement du Territoire",POINTE-NOIRE,CDI,Emploi Durable,EIFFAGE ENERGIE SYSTEMES-TRANSPORT ET DISTRIBUTION,,1.0,2025-09-29 00:00:00,,,,pointe-noire,"Superviseur Travaux Génie Civil Bâtiment, Travaux Publics & Aménagement du Territoire"
NONREF000095,Commis restaurant,Hôtellerie - Restauration,POINTE-NOIRE,CDD,Emploi Temporaire,ELAIS,,2.0,2025-02-05 00:00:00,,,,pointe-noire,Commis restaurant Hôtellerie - Restauration
JOB250000979,COMPTABLE,"Finance, Banque, Assurance, Comptabilité & Fiscalité",POINTE-NOIRE,CDD,Emploi Temporaire,ELSA PREMIUM SERVICES,,1.0,2025-04-24 00:00:00,,,,pointe-noire,"COMPTABLE Finance, Banque, Assurance, Comptabilité & Fiscalité"
JOB250000980,Assistant GUOT,"Transport, Logistique & Supply Chain",POINTE-NOIRE,CDD,Emploi Temporaire,ELSA PREMIUM SERVICES,,1.0,2025-04-24 00:00:00,,,,pointe-noire,"Assistant GUOT Transport, Logistique & Supply Chain"
JOB250001202,CHEF DE SERVIES TRANSIT ET LOGISTIQUE ADJOINT,"Transport, Logistique & Supply Chain",POINTE-NOIRE,CDD,Emploi Temporaire,ELSA PREMIUM SERVICES,,1.0,2025-05-21 00:00:00,,,,pointe-noire,"CHEF DE SERVIES TRANSIT ET LOGISTIQUE ADJOINT Transport, Logistique & Supply Chain"
JOB250001718,SECRETAIRE,"Conseil, Stratégie & Gestion des Ressources Humaines",POINTE-NOIRE,CDD,Emploi Temporaire,ELSA PREMIUM SERVICES,,1.0,2025-07-21 00:00:00,,,,pointe-noire,"SECRETAIRE Conseil, Stratégie & Gestion des Ressources Humaines"
NONREF000008,Agent de recouvrement,"Commerce, Vente, Marketing & Distribution",POINTE-NOIRE,CDD,Emploi Temporaire,EMPLOI SERVICE,,1.0,2025-01-21 00:00:00,,,,pointe-noire,"Agent de recouvrement Commerce, Vente, Marketing & Distribution"
NONREF000161,it support,"Commerce, Vente, Marketing & Distribution",POINTE-NOIRE,CDD,Emploi Temporaire,EMPLOI SERVICE,,1.0,2025-01-21 00:00:00,,,,pointe-noire,"it support Commerce, Vente, Marketing & Distribution"
JOB250001119,ADMINISTRATEUR RESEAU INFORMATIQUE,"Informatique, Data, Télécommunications & Digital",BRAZZAVILLE,CDD,Emploi Temporaire,EMPLOI SERVICE CONGO sarl,,1.0,2025-05-12 00:00:00,,,,brazzaville,"ADMINISTRATEUR RESEAU INFORMATIQUE Informatique, Data, Télécommunications & Digital"
JOB250001121,COORDINATEUR EBU (GESTIONNAIRE DES COMPTES EBU),"Commerce, Vente, Marketing & Distribution",BRAZZAVILLE,CDD,Emploi Temporaire,EMPLOI SERVICE CONGO sarl,,1.0,2025-05-12 00:00:00,,,,brazzaville,"COORDINATEUR EBU (GESTIONNAIRE DES COMPTES EBU) Commerce, Vente, Marketing & Distribution"
JOB250001138,ADMINISTRATEUR RESEAU INFORMATIQUE,"Commerce, Vente, Marketing & Distribution",BRAZZAVILLE,CDI,Emploi Durable,EMPLOI SERVICE CONGO sarl,,1.0,2025-05-13 00:00:00,,,,brazzaville,"ADMINISTRATEUR RESEAU INFORMATIQUE Commerce, Vente, Marketing & Distribution"
JOB250001139,POINTEUR,"Conseil, Stratégie & Gestion des Ressources Humaines",BRAZZAVILLE,CDD,Emploi Temporaire,EMPLOI SERVICE CONGO sarl,,1.0,2025-05-13 00:00:00,,,,brazzaville,"POINTEUR Conseil, Stratégie & Gestion des Ressources Humaines"
JOB250001140,Coordinateur EBU(GESTIONNAIRE DES COMPTES EBU),"Commerce, Vente, Marketing & Distribution",BRAZZAVILLE,CDD,Emploi Temporaire,EMPLOI SERVICE CONGO sarl,,1.0,2025-05-13 00:00:00,,,,brazzaville,"Coordinateur EBU(GESTIONNAIRE DES COMPTES EBU) Commerce, Vente, Marketing & Distribution"
JOB250001169,SUPPORT Infrastructure Informatique,"Informatique, Data, Télécommunications & Digital",BRAZZAVILLE,CDD,Emploi Temporaire,EMPLOI SERVICE CONGO sarl,,1.0,2025-05-16 00:00:00,,,,brazzaville,"SUPPORT Infrastructure Informatique Informatique, Data, Télécommunications & Digital"
JOB250001178,SUPERVISEUR INSTALLATEUR D'EQUIPEMENT INTERNET,"Informatique, Data, Télécommunications & Digital",BRAZZAVILLE,CDD,Emploi Temporaire,EMPLOI SERVICE CONGO sarl,,1.0,2025-05-19 00:00:00,,,,brazzaville,"SUPERVISEUR INSTALLATEUR D'EQUIPEMENT INTERNET Informatique, Data, Télécommunications & Digital"
JOB250001186,INSTALLATEURD' EQUIPEMENT INTERNET,"Commerce, Vente, Marketing & Distribution",BRAZZAVILLE,CDD,Emploi Temporaire,EMPLOI SERVICE CONGO sarl,,1.0,2025-05-21 00:00:00,,,,brazzaville,"INSTALLATEURD' EQUIPEMENT INTERNET Commerce, Vente, Marketing & Distribution"
JOB250001208,SUPERVISEUR DE VENTE D'INTERNET RESIDENTIEL,"Commerce, Vente, Marketing & Distribution",BRAZZAVILLE,CDD,Emploi Temporaire,EMPLOI SERVICE CONGO sarl,,1.0,2025-05-22 00:00:00,,,,brazzaville,"SUPERVISEUR DE VENTE D'INTERNET RESIDENTIEL Commerce, Vente, Marketing & Distribution"
JOB250001758,Graphiste vidéaste,"Conseil, Stratégie & Gestion des Ressources Humaines",BRAZZAVILLE,CDD,Emploi Temporaire,EMPLOI SERVICE CONGO sarl,,1.0,2025-07-24 00:00:00,,,,brazzaville,"Graphiste vidéaste Conseil, Stratégie & Gestion des Ressources Humaines"
JOB250001759,Support risque et conformité,"Conseil, Stratégie & Gestion des Ressources Humaines",BRAZZAVILLE,CDD,Emploi Temporaire,EMPLOI SERVICE CONGO sarl,,1.0,2025-07-24 00:00:00,,,,brazzaville,"Support risque et conformité Conseil, Stratégie & Gestion des Ressources Humaines"
JOB250001761,Support sepela na dancecampaign,"Conseil, Stratégie & Gestion des Ressources Humaines",BRAZZAVILLE,CDD,Emploi Temporaire,EMPLOI SERVICE CONGO sarl,,1.0,2025-07-24 00:00:00,,,,brazzaville,"Support sepela na dancecampaign Conseil, Stratégie & Gestion des Ressources Humaines"
JOB250001896,MECANICIEN ENGIN LOURD,"Conseil, Stratégie & Gestion des Ressources Humaines",BOUANSA,CDD,Emploi Temporaire,EMPLOI SERVICE CONGO sarl,,1.0,2025-08-08 00:00:00,,,,bouansa,"MECANICIEN ENGIN LOURD Conseil, Stratégie & Gestion des Ressources Humaines"
JOB250001899,TECHNICIEN FRIGORIFIQUE AUTO,"Commerce, Vente, Marketing & Distribution",BOUANSA,CDD,Emploi Temporaire,EMPLOI SERVICE CONGO sarl,,1.0,2025-08-08 00:00:00,,,,bouansa,"TECHNICIEN FRIGORIFIQUE AUTO Commerce, Vente, Marketing & Distribution"
JOB250001902,PNEUMATICIEN,"Industrie, Production & Maintenance",BOUANSA,CDD,Emploi Temporaire,EMPLOI SERVICE CONGO sarl,,1.0,2025-08-08 00:00:00,,,,bouansa,"PNEUMATICIEN Industrie, Production & Maintenance"
JOB250002096,ADMINISTRATEUR DES RECONCILIATIONS DES COMPTES CLIENTS ENTREPRISES,"Commerce, Vente, Marketing & Distribution",BRAZZAVILLE,CDD,Emploi Temporaire,EMPLOI SERVICE CONGO sarl,,1.0,2025-09-02 00:00:00,,,,brazzaville,"ADMINISTRATEUR DES RECONCILIATIONS DES COMPTES CLIENTS ENTREPRISES Commerce, Vente, Marketing & Distribution"
JOB250002102,MECANICIEN,"Commerce, Vente, Marketing & Distribution",BRAZZAVILLE,CDD,Emploi Temporaire,EMPLOI SERVICE CONGO sarl,,1.0,2025-09-02 00:00:00,,,,brazzaville,"MECANICIEN Commerce, Vente, Marketing & Distribution"
JOB250002104,Assistant Ressources Humaines,"Commerce, Vente, Marketing & Distribution",BRAZZAVILLE,CDD,Emploi Temporaire,EMPLOI SERVICE CONGO sarl,,1.0,2025-09-02 00:00:00,,,,brazzaville,"Assistant Ressources Humaines Commerce, Vente, Marketing & Distribution"
JOB250002106,MAINTENANCIER,"Commerce, Vente, Marketing & Distribution",BRAZZAVILLE,CDD,Emploi Temporaire,EMPLOI SERVICE CONGO sarl,,1.0,2025-09-02 00:00:00,,,,brazzaville,"MAINTENANCIER Commerce, Vente, Marketing & Distribution"
JOB250002107,AGENT PROCUREMENT,"Commerce, Vente, Marketing & Distribution",BRAZZAVILLE,CDD,Emploi Temporaire,EMPLOI SERVICE CONGO sarl,,1.0,2025-09-02 00:00:00,,,,brazzaville,"AGENT PROCUREMENT Commerce, Vente, Marketing & Distribution"
JOB250002108,AUDITEUR INTERNE JUNIOR,"Commerce, Vente, Marketing & Distribution",BRAZZAVILLE,CDD,Emploi Temporaire,EMPLOI SERVICE CONGO sarl,,1.0,2025-09-02 00:00:00,,,,brazzaville,"AUDITEUR INTERNE JUNIOR Commerce, Vente, Marketing & Distribution"
JOB250002112,CHARGE D'ACCUEIL,"Commerce, Vente, Marketing & Distribution",BRAZZAVILLE,CDD,Emploi Temporaire,EMPLOI SERVICE CONGO sarl,,1.0,2025-09-03 00:00:00,,,,brazzaville,"CHARGE D'ACCUEIL Commerce, Vente, Marketing & Distribution"
JOB250002114,Agent de call center,"Commerce, Vente, Marketing & Distribution",BRAZZAVILLE,Contrat d'intérim,Emploi Temporaire,EMPLOI SERVICE CONGO sarl,,1.0,2025-09-03 00:00:00,,,,brazzaville,"Agent de call center Commerce, Vente, Marketing & Distribution"
JOB250002115,ASSISTANT COMPTABLE,"Finance, Banque, Assurance, Comptabilité & Fiscalité",BRAZZAVILLE,CDD,Emploi Temporaire,EMPLOI SERVICE CONGO sarl,,1.0,2025-09-03 00:00:00,,,,brazzaville,"ASSISTANT COMPTABLE Finance, Banque, Assurance, Comptabilité & Fiscalité"
JOB250002116,CHARGESIRH,"Conseil, Stratégie & Gestion des Ressources Humaines",BRAZZAVILLE,CDD,Emploi Temporaire,EMPLOI SERVICE CONGO sarl,,1.0,2025-09-03 00:00:00,,,,brazzaville,"CHARGESIRH Conseil, Stratégie & Gestion des Ressources Humaines"
JOB250002117,Assistant juridique,Droit et Justice,BRAZZAVILLE,CDD,Emploi Temporaire,EMPLOI SERVICE CONGO sarl,,1.0,2025-09-03 00:00:00,,,,brazzaville,Assistant juridique Droit et Justice
JOB250002118,Agent commercial,"Commerce, Vente, Marketing & Distribution",BRAZZAVILLE,Contrat d'intérim,Emploi Temporaire,EMPLOI SERVICE CONGO sarl,,1.0,2025-09-03 00:00:00,,,,brazzaville,"Agent commercial Commerce, Vente, Marketing & Distribution"
JOB250002179,Analyse de fraude,"Finance, Banque, Assurance, Comptabilité & Fiscalité",BRAZZAVILLE,CDD,Emploi Temporaire,EMPLOI SERVICE CONGO sarl,,1.0,2025-09-09 00:00:00,,,,brazzaville,"Analyse de fraude Finance, Banque, Assurance, Comptabilité & Fiscalité"
JOB250002182,Senior Spécialiste Communication interne & Culture,"Communication, Médias & Événementiel",BRAZZAVILLE,CDD,Emploi Temporaire,EMPLOI SERVICE CONGO sarl,,1.0,2025-09-09 00:00:00,,,,brazzaville,"Senior Spécialiste Communication interne & Culture Communication, Médias & Événementiel"
JOB250002509,Ingénieur Business Support,"Commerce, Vente, Marketing & Distribution",BRAZZAVILLE,CDD,Emploi Temporaire,EMPLOI SERVICE CONGO sarl,,1.0,2025-10-24 00:00:00,,,,brazzaville,"Ingénieur Business Support Commerce, Vente, Marketing & Distribution"
JOB250001157,Assistant de Direction,"Énergie, Environnement & Eau",BRAZZAVILLE,CDD,Emploi Temporaire,Energie du Congo (ENCO S.A),,1.0,2025-05-14 00:00:00,,,,brazzaville,"Assistant de Direction Énergie, Environnement & Eau"
JOB250001713,COMPTABLE,"Finance, Banque, Assurance, Comptabilité & Fiscalité",BRAZZAVILLE,CDD,Emploi Temporaire,Energie du Congo (ENCO S.A),,1.0,2025-07-21 00:00:00,,,,brazzaville,"COMPTABLE Finance, Banque, Assurance, Comptabilité & Fiscalité"
JOB250002689,COMPTABLE,"Finance, Banque, Assurance, Comptabilité & Fiscalité",BRAZZAVILLE,CDI,Emploi Durable,Energie du Congo (ENCO S.A),,1.0,2025-11-20 00:00:00,,,,brazzaville,"COMPTABLE Finance, Banque, Assurance, Comptabilité & Fiscalité"
JOB250000818,Superintendants Forage OffshoreJack Up 3,"Pétrole, Gaz & Hydrocarbures",POINTE-NOIRE,CDI,Emploi Durable,ENI CONGO S.A.U.,,2.0,2025-01-03 00:00:00,,,,pointe-noire,"Superintendants Forage OffshoreJack Up 3 Pétrole, Gaz & Hydrocarbures"
JOB250000819,Chef de Site Terminal Nearshore,"Pétrole, Gaz & Hydrocarbures",POINTE-NOIRE,CDI,Emploi Durable,ENI CONGO S.A.U.,,1.0,2025-02-11 00:00:00,,,,pointe-noire,"Chef de Site Terminal Nearshore Pétrole, Gaz & Hydrocarbures"
JOB250000821,Chef de Site Kitina,"Pétrole, Gaz & Hydrocarbures",POINTE-NOIRE,CDI,Emploi Durable,ENI CONGO S.A.U.,,1.0,2025-02-11 00:00:00,,,,pointe-noire,"Chef de Site Kitina Pétrole, Gaz & Hydrocarbures"
JOB250000900,Chef de Service Carbon Offset,"Pétrole, Gaz & Hydrocarbures",POINTE-NOIRE,CDI,Emploi Durable,ENI CONGO S.A.U.,,1.0,2025-03-27 00:00:00,,,,pointe-noire,"Chef de Service Carbon Offset Pétrole, Gaz & Hydrocarbures"
JOB250000907,Chef de Division Production et Efficacité Énergétique,"Pétrole, Gaz & Hydrocarbures",POINTE-NOIRE,CDD,Emploi Temporaire,ENI CONGO S.A.U.,,1.0,2025-03-28 00:00:00,,,,pointe-noire,"Chef de Division Production et Efficacité Énergétique Pétrole, Gaz & Hydrocarbures"
JOB250001021,Chef de Division Finances & Contrôle,"Pétrole, Gaz & Hydrocarbures",POINTE-NOIRE,CDD,Emploi Temporaire,ENI CONGO S.A.U.,,1.0,2025-04-30 00:00:00,,,,pointe-noire,"Chef de Division Finances & Contrôle Pétrole, Gaz & Hydrocarbures"
JOB250001023,Chef de Département Contrats Opérations et Exploration,"Pétrole, Gaz & Hydrocarbures",POINTE-NOIRE,CDD,Emploi Temporaire,ENI CONGO S.A.U.,,1.0,2025-05-05 00:00:00,,,,pointe-noire,"Chef de Département Contrats Opérations et Exploration Pétrole, Gaz & Hydrocarbures"
JOB250001141,Chef de Service Gestion HSE en Exécution de Projets,"Assurance Qualité, Contrôle, Testing (QHSE)",POINTE-NOIRE,CDD,Emploi Temporaire,ENI CONGO S.A.U.,,1.0,2025-05-13 00:00:00,,,,pointe-noire,"Chef de Service Gestion HSE en Exécution de Projets Assurance Qualité, Contrôle, Testing (QHSE)"
JOB250001142,Chef de Département Ingénierie Forage & Complétion,"Pétrole, Gaz & Hydrocarbures",POINTE-NOIRE,CDD,Emploi Temporaire,ENI CONGO S.A.U.,,1.0,2025-05-13 00:00:00,,,,pointe-noire,"Chef de Département Ingénierie Forage & Complétion Pétrole, Gaz & Hydrocarbures"
JOB250001143,Chef de Division Complétion & Commissioning Intégré,"Pétrole, Gaz & Hydrocarbures",POINTE-NOIRE,CDD,Emploi Temporaire,ENI CONGO S.A.U.,,1.0,2025-05-13 00:00:00,,,,pointe-noire,"Chef de Division Complétion & Commissioning Intégré Pétrole, Gaz & Hydrocarbures"
JOB250001144,Chef de Division Forage & Complétion,"Énergie, Environnement & Eau",POINTE-NOIRE,CDD,Emploi Temporaire,ENI CONGO S.A.U.,,1.0,2025-05-13 00:00:00,,,,pointe-noire,"Chef de Division Forage & Complétion Énergie, Environnement & Eau"
JOB250001145,Chef de Département Médico-Social,"Pétrole, Gaz & Hydrocarbures",POINTE-NOIRE,CDD,Emploi Temporaire,ENI CONGO S.A.U.,,1.0,2025-05-13 00:00:00,,,,pointe-noire,"Chef de Département Médico-Social Pétrole, Gaz & Hydrocarbures"
JOB250001146,Chef de Département Exploration Mer,"Pétrole, Gaz & Hydrocarbures",POINTE-NOIRE,CDD,Emploi Temporaire,ENI CONGO S.A.U.,,1.0,2025-05-13 00:00:00,,,,pointe-noire,"Chef de Département Exploration Mer Pétrole, Gaz & Hydrocarbures"
JOB250001147,Responsable Installation Offshore,"Pétrole, Gaz & Hydrocarbures",POINTE-NOIRE,CDD,Emploi Temporaire,ENI CONGO S.A.U.,,1.0,2025-05-14 00:00:00,,,,pointe-noire,"Responsable Installation Offshore Pétrole, Gaz & Hydrocarbures"
JOB250001148,Superintendant de Production,"Pétrole, Gaz & Hydrocarbures",POINTE-NOIRE,CDD,Emploi Temporaire,ENI CONGO S.A.U.,,2.0,2025-05-14 00:00:00,,,,pointe-noire,"Superintendant de Production Pétrole, Gaz & Hydrocarbures"
JOB250001149,Chef de Site NGUYA FLNG,"Pétrole, Gaz & Hydrocarbures",POINTE-NOIRE,CDD,Emploi Temporaire,ENI CONGO S.A.U.,,2.0,2025-05-14 00:00:00,,,,pointe-noire,"Chef de Site NGUYA FLNG Pétrole, Gaz & Hydrocarbures"
JOB250001150,Chef de Département Contrats Stratégiques et Projets,"Pétrole, Gaz & Hydrocarbures",POINTE-NOIRE,CDD,Emploi Temporaire,ENI CONGO S.A.U.,,1.0,2025-05-14 00:00:00,,,,pointe-noire,"Chef de Département Contrats Stratégiques et Projets Pétrole, Gaz & Hydrocarbures"
JOB250001152,Chef de Département Process Safety,"Pétrole, Gaz & Hydrocarbures",POINTE-NOIRE,CDD,Emploi Temporaire,ENI CONGO S.A.U.,,1.0,2025-05-14 00:00:00,,,,pointe-noire,"Chef de Département Process Safety Pétrole, Gaz & Hydrocarbures"
JOB250001158,Chef de Département Gestion de Contrats,"Pétrole, Gaz & Hydrocarbures",POINTE-NOIRE,CDD,Emploi Temporaire,ENI CONGO S.A.U.,,1.0,2025-05-14 00:00:00,,,,pointe-noire,"Chef de Département Gestion de Contrats Pétrole, Gaz & Hydrocarbures"
JOB250001159,Superintendant HSE SCARABEO 5,"Assurance Qualité, Contrôle, Testing (QHSE)",POINTE-NOIRE,CDD,Emploi Temporaire,ENI CONGO S.A.U.,,2.0,2025-05-14 00:00:00,,,,pointe-noire,"Superintendant HSE SCARABEO 5 Assurance Qualité, Contrôle, Testing (QHSE)"
JOB250001163,Chef de Département Exécution S&B,"Bâtiment, Travaux Publics & Aménagement du Territoire",POINTE-NOIRE,CDD,Emploi Temporaire,ENI CONGO S.A.U.,,2.0,2025-05-15 00:00:00,,,,pointe-noire,"Chef de Département Exécution S&B Bâtiment, Travaux Publics & Aménagement du Territoire"
JOB250001164,Superintendant Maintenance & Inspection,"Pétrole, Gaz & Hydrocarbures",POINTE-NOIRE,CDD,Emploi Temporaire,ENI CONGO S.A.U.,,4.0,2025-05-15 00:00:00,,,,pointe-noire,"Superintendant Maintenance & Inspection Pétrole, Gaz & Hydrocarbures"
JOB250001171,Coordonnateur Production Shift,"Pétrole, Gaz & Hydrocarbures",POINTE-NOIRE,CDD,Emploi Temporaire,ENI CONGO S.A.U.,,4.0,2025-05-19 00:00:00,,,,pointe-noire,"Coordonnateur Production Shift Pétrole, Gaz & Hydrocarbures"
JOB250001173,Superviseur Salle de Contrôle,"Pétrole, Gaz & Hydrocarbures",POINTE-NOIRE,CDD,Emploi Temporaire,ENI CONGO S.A.U.,,4.0,2025-05-19 00:00:00,,,,pointe-noire,"Superviseur Salle de Contrôle Pétrole, Gaz & Hydrocarbures"
JOB250001175,Spécialiste Process,"Pétrole, Gaz & Hydrocarbures",POINTE-NOIRE,CDD,Emploi Temporaire,ENI CONGO S.A.U.,,1.0,2025-05-19 00:00:00,,,,pointe-noire,"Spécialiste Process Pétrole, Gaz & Hydrocarbures"
JOB250001177,Superviseur Laboratoire,"Pétrole, Gaz & Hydrocarbures",POINTE-NOIRE,CDD,Emploi Temporaire,ENI CONGO S.A.U.,,2.0,2025-05-19 00:00:00,,,,pointe-noire,"Superviseur Laboratoire Pétrole, Gaz & Hydrocarbures"
JOB250001223,Superintendant HSE,"Assurance Qualité, Contrôle, Testing (QHSE)",POINTE-NOIRE,CDD,Emploi Temporaire,ENI CONGO S.A.U.,,1.0,2025-05-23 00:00:00,,,,pointe-noire,"Superintendant HSE Assurance Qualité, Contrôle, Testing (QHSE)"
JOB250001224,Superintendant HSE,"Assurance Qualité, Contrôle, Testing (QHSE)",POINTE-NOIRE,CDD,Emploi Temporaire,ENI CONGO S.A.U.,,1.0,2025-05-23 00:00:00,,,,pointe-noire,"Superintendant HSE Assurance Qualité, Contrôle, Testing (QHSE)"
JOB250001229,Ingénieur Pétrolier Scarabeo 5,"Pétrole, Gaz & Hydrocarbures",POINTE-NOIRE,CDD,Emploi Temporaire,ENI CONGO S.A.U.,,1.0,2025-05-23 00:00:00,,,,pointe-noire,"Ingénieur Pétrolier Scarabeo 5 Pétrole, Gaz & Hydrocarbures"
JOB250001230,Superintendant Maritime,"Pétrole, Gaz & Hydrocarbures",POINTE-NOIRE,CDD,Emploi Temporaire,ENI CONGO S.A.U.,,2.0,2025-05-23 00:00:00,,,,pointe-noire,"Superintendant Maritime Pétrole, Gaz & Hydrocarbures"
JOB250001231,Superviseur Maritime,"Pétrole, Gaz & Hydrocarbures",POINTE-NOIRE,CDD,Emploi Temporaire,ENI CONGO S.A.U.,,1.0,2025-05-23 00:00:00,,,,pointe-noire,"Superviseur Maritime Pétrole, Gaz & Hydrocarbures"
JOB250001283,INGENIEUR MECANIQUE,"Pétrole, Gaz & Hydrocarbures",POINTE-NOIRE,CDD,Emploi Temporaire,ENI CONGO S.A.U.,,1.0,2025-05-31 00:00:00,,,,pointe-noire,"INGENIEUR MECANIQUE Pétrole, Gaz & Hydrocarbures"
JOB250001284,Ingénieur Electrique,"Pétrole, Gaz & Hydrocarbures",POINTE-NOIRE,CDD,Emploi Temporaire,ENI CONGO S.A.U.,,1.0,2025-05-31 00:00:00,,,,pointe-noire,"Ingénieur Electrique Pétrole, Gaz & Hydrocarbures"
JOB250001285,Responsable HSE,"Assurance Qualité, Contrôle, Testing (QHSE)",POINTE-NOIRE,CDD,Emploi Temporaire,ENI CONGO S.A.U.,,1.0,2025-05-31 00:00:00,,,,pointe-noire,"Responsable HSE Assurance Qualité, Contrôle, Testing (QHSE)"
JOB250001286,Chef de Service Construction S&B,"Pétrole, Gaz & Hydrocarbures",POINTE-NOIRE,CDD,Emploi Temporaire,ENI CONGO S.A.U.,,1.0,2025-05-31 00:00:00,,,,pointe-noire,"Chef de Service Construction S&B Pétrole, Gaz & Hydrocarbures"
JOB250001300,Chef de Division Offshore FLNG,"Pétrole, Gaz & Hydrocarbures",POINTE-NOIRE,CDD,Emploi Temporaire,ENI CONGO S.A.U.,,1.0,2025-06-03 00:00:00,,,,pointe-noire,"Chef de Division Offshore FLNG Pétrole, Gaz & Hydrocarbures"
JOB250001301,Chef de Département Ingénierie S&B,"Pétrole, Gaz & Hydrocarbures",POINTE-NOIRE,CDD,Emploi Temporaire,ENI CONGO S.A.U.,,1.0,2025-06-03 00:00:00,,,,pointe-noire,"Chef de Département Ingénierie S&B Pétrole, Gaz & Hydrocarbures"
JOB250001302,Ingénieur Process LEAD EIT,"Pétrole, Gaz & Hydrocarbures",POINTE-NOIRE,CDD,Emploi Temporaire,ENI CONGO S.A.U.,,2.0,2025-06-03 00:00:00,,,,pointe-noire,"Ingénieur Process LEAD EIT Pétrole, Gaz & Hydrocarbures"
JOB250001303,Ingénieur Process Lead,"Pétrole, Gaz & Hydrocarbures",POINTE-NOIRE,CDD,Emploi Temporaire,ENI CONGO S.A.U.,,2.0,2025-06-03 00:00:00,,,,pointe-noire,"Ingénieur Process Lead Pétrole, Gaz & Hydrocarbures"
JOB250001307,Chef de Département Interface & Ingénierie Offshore FLNG,"Pétrole, Gaz & Hydrocarbures",POINTE-NOIRE,CDD,Emploi Temporaire,ENI CONGO S.A.U.,,1.0,2025-06-03 00:00:00,,,,pointe-noire,"Chef de Département Interface & Ingénierie Offshore FLNG Pétrole, Gaz & Hydrocarbures"
JOB250001308,Ingénieur Securité Technique,"Pétrole, Gaz & Hydrocarbures",POINTE-NOIRE,CDD,Emploi Temporaire,ENI CONGO S.A.U.,,1.0,2025-06-03 00:00:00,,,,pointe-noire,"Ingénieur Securité Technique Pétrole, Gaz & Hydrocarbures"
JOB250001309,Chef de Département Développement Durable,"Pétrole, Gaz & Hydrocarbures",POINTE-NOIRE,CDD,Emploi Temporaire,ENI CONGO S.A.U.,,1.0,2025-06-03 00:00:00,,,,pointe-noire,"Chef de Département Développement Durable Pétrole, Gaz & Hydrocarbures"
JOB250001310,"Chef de Département Ingenierie WHP5, WHP4 RISER PLT & WHP6","Pétrole, Gaz & Hydrocarbures",POINTE-NOIRE,CDD,Emploi Temporaire,ENI CONGO S.A.U.,,1.0,2025-06-03 00:00:00,,,,pointe-noire,"Chef de Département Ingenierie WHP5, WHP4 RISER PLT & WHP6 Pétrole, Gaz & Hydrocarbures"
JOB250001311,"Chef de Subdivision WHP5, WHP6 & WHP4 RISER PLT EPC","Pétrole, Gaz & Hydrocarbures",POINTE-NOIRE,CDD,Emploi Temporaire,ENI CONGO S.A.U.,,1.0,2025-06-03 00:00:00,,,,pointe-noire,"Chef de Subdivision WHP5, WHP6 & WHP4 RISER PLT EPC Pétrole, Gaz & Hydrocarbures"
JOB250001312,Chef de Département FLNG Offshore Site,"Pétrole, Gaz & Hydrocarbures",POINTE-NOIRE,CDD,Emploi Temporaire,ENI CONGO S.A.U.,,2.0,2025-06-03 00:00:00,,,,pointe-noire,"Chef de Département FLNG Offshore Site Pétrole, Gaz & Hydrocarbures"
JOB250001313,Chef de Division Separation & Boosting EPC,"Pétrole, Gaz & Hydrocarbures",POINTE-NOIRE,CDD,Emploi Temporaire,ENI CONGO S.A.U.,,1.0,2025-06-04 00:00:00,,,,pointe-noire,"Chef de Division Separation & Boosting EPC Pétrole, Gaz & Hydrocarbures"
JOB250001314,Chef de Service Commissioning S&B,"Pétrole, Gaz & Hydrocarbures",POINTE-NOIRE,CDD,Emploi Temporaire,ENI CONGO S.A.U.,,1.0,2025-06-04 00:00:00,,,,pointe-noire,"Chef de Service Commissioning S&B Pétrole, Gaz & Hydrocarbures"
JOB250001315,Chef de Service Commissioning & Complétion,"Pétrole, Gaz & Hydrocarbures",POINTE-NOIRE,CDD,Emploi Temporaire,ENI CONGO S.A.U.,,1.0,2025-06-04 00:00:00,,,,pointe-noire,"Chef de Service Commissioning & Complétion Pétrole, Gaz & Hydrocarbures"
JOB250001321,"Chef de Département Construction & Commissioning WHP5, WHP4 RISER PLT & WHP6","Pétrole, Gaz & Hydrocarbures",POINTE-NOIRE,CDD,Emploi Temporaire,ENI CONGO S.A.U.,,1.0,2025-06-04 00:00:00,,,,pointe-noire,"Chef de Département Construction & Commissioning WHP5, WHP4 RISER PLT & WHP6 Pétrole, Gaz & Hydrocarbures"
JOB250002084,Responsable d'Agence,"Conseil, Stratégie & Gestion des Ressources Humaines",POINTE-NOIRE,CDI,Emploi Durable,EP2C ENERGY CONGO,,1.0,2025-09-01 00:00:00,,,,pointe-noire,"Responsable d'Agence Conseil, Stratégie & Gestion des Ressources Humaines"
JOB250002091,Assistant Projet Immobilier,Immobilier,BRAZZAVILLE,CDI,Emploi Durable,EQuatoria ,,1.0,2025-09-01 00:00:00,,,,brazzaville,Assistant Projet Immobilier Immobilier
NONREF000165,Magasinier,"Industrie, Production & Maintenance",POINTE-NOIRE,CDI,Emploi Durable,ERIUM AIR LIQUIDE,,1.0,2025-01-15 00:00:00,,,,pointe-noire,"Magasinier Industrie, Production & Maintenance"
JOB250000931,TECHNICIEN.NE INSERTION (TI),ONG & Social,BRAZZAVILLE,CDD,Emploi Temporaire,ESSOR,,1.0,2025-04-04 00:00:00,,,,brazzaville,TECHNICIEN.NE INSERTION (TI) ONG & Social
JOB250000985,ATTACHE DE DIRECTION,"Finance, Banque, Assurance, Comptabilité & Fiscalité",POINTE-NOIRE,CDD,Emploi Temporaire,ETABLISSEMENT GKM,,1.0,2025-04-24 00:00:00,,,,pointe-noire,"ATTACHE DE DIRECTION Finance, Banque, Assurance, Comptabilité & Fiscalité"
JOB250000887,SUPERVISEUR,Hôtellerie - Restauration,POINTE-NOIRE,CDD,Emploi Temporaire,ETS BEABA'R,,1.0,2025-03-19 00:00:00,,,,pointe-noire,SUPERVISEUR Hôtellerie - Restauration
JOB250001270,Administratrice Gérante,Gestion Administrative,BRAZZAVILLE,CDD,Emploi Temporaire,ETS GMD,,1.0,2025-05-28 00:00:00,,,,brazzaville,Administratrice Gérante Gestion Administrative
JOB250001271,CAISSIER,"Finance, Banque, Assurance, Comptabilité & Fiscalité",BRAZZAVILLE,CDD,Emploi Temporaire,ETS GMD,,1.0,2025-05-29 00:00:00,,,,brazzaville,"CAISSIER Finance, Banque, Assurance, Comptabilité & Fiscalité"
JOB250001272,RESPONSABLE RESSOURCES HUMAINES,"Conseil, Stratégie & Gestion des Ressources Humaines",BRAZZAVILLE,CDD,Emploi Temporaire,ETS GMD,,1.0,2025-05-29 00:00:00,,,,brazzaville,"RESPONSABLE RESSOURCES HUMAINES Conseil, Stratégie & Gestion des Ressources Humaines"
JOB250001273,Cuisinier,Hôtellerie - Restauration,BRAZZAVILLE,CDD,Emploi Temporaire,ETS GMD,,1.0,2025-05-29 00:00:00,,,,brazzaville,Cuisinier Hôtellerie - Restauration
JOB250001274,Chauffeur,"Transport, Logistique & Supply Chain",BRAZZAVILLE,CDD,Emploi Temporaire,ETS GMD,,1.0,2025-05-29 00:00:00,,,,brazzaville,"Chauffeur Transport, Logistique & Supply Chain"
JOB250002032,ASSISTANT COMPTABLE,"Finance, Banque, Assurance, Comptabilité & Fiscalité",POINTE-NOIRE,CDD,Emploi Temporaire,ETS LINVANI MPION,,2.0,2025-08-26 00:00:00,,,,pointe-noire,"ASSISTANT COMPTABLE Finance, Banque, Assurance, Comptabilité & Fiscalité"
JOB250002035,Agent commercial,"Finance, Banque, Assurance, Comptabilité & Fiscalité",POINTE-NOIRE,CDD,Emploi Temporaire,ETS LINVANI MPION,,1.0,2025-08-26 00:00:00,,,,pointe-noire,"Agent commercial Finance, Banque, Assurance, Comptabilité & Fiscalité"
JOB250001853,CHEF CUISINIER,Hôtellerie - Restauration,POINTE-NOIRE,CDI,Emploi Durable,ETS. LE JAIPUR,,1.0,2025-08-04 00:00:00,,,,pointe-noire,CHEF CUISINIER Hôtellerie - Restauration
JOB250001854,CHEFD'AGENCE,Gestion Administrative,POINTE-NOIRE,CDI,Emploi Durable,ETS. LE JAIPUR,,1.0,2025-08-04 00:00:00,,,,pointe-noire,CHEFD'AGENCE Gestion Administrative
JOB250001855,Responsable Logistique,Hôtellerie - Restauration,POINTE-NOIRE,CDI,Emploi Durable,ETS. LE JAIPUR,,1.0,2025-08-04 00:00:00,,,,pointe-noire,Responsable Logistique Hôtellerie - Restauration
JOB250002774,Juriste,Droit et Justice,POINTE-NOIRE,CDD,Emploi Temporaire,Etude Maitre BOUANGA-GNIANGAISE,,1.0,2025-12-05 00:00:00,,,,pointe-noire,Juriste Droit et Justice
JOB250002639,Chauffeur Bilingue,"Transport, Logistique & Supply Chain",POINTE-NOIRE,CDD,Emploi Temporaire,EURO WOLD,,1.0,2025-11-11 00:00:00,,,,pointe-noire,"Chauffeur Bilingue Transport, Logistique & Supply Chain"
JOB250001019,Chauffeur,"Tourisme, Loisirs & Voyages",POINTE-NOIRE,CDD,Emploi Temporaire,EUROPEAN TRAVEL LTD,,2.0,2025-04-30 00:00:00,,,,pointe-noire,"Chauffeur Tourisme, Loisirs & Voyages"
JOB250002637,Agent d'Equipage,"Transport, Logistique & Supply Chain",POINTE-NOIRE,CDD,Emploi Temporaire,EXMAR SINGAPORE SUCCURSALE DU CONGO,,1.0,2025-11-11 00:00:00,,,,pointe-noire,"Agent d'Equipage Transport, Logistique & Supply Chain"
JOB250002266,GUICHETIER-CAISSIER,"Finance, Banque, Assurance, Comptabilité & Fiscalité",BRAZZAVILLE,CDD,Emploi Temporaire,EXPRESS UNION CONGO,,1.0,2025-09-19 00:00:00,,,,brazzaville,"GUICHETIER-CAISSIER Finance, Banque, Assurance, Comptabilité & Fiscalité"
JOB250002267,CHEF D'AGENCE ADJOINT,"Finance, Banque, Assurance, Comptabilité & Fiscalité",BRAZZAVILLE,CDD,Emploi Temporaire,EXPRESS UNION CONGO,,1.0,2025-09-19 00:00:00,,,,brazzaville,"CHEF D'AGENCE ADJOINT Finance, Banque, Assurance, Comptabilité & Fiscalité"
JOB250000942,GUICHETIER-CAISSIER,"Finance, Banque, Assurance, Comptabilité & Fiscalité",POINTE-NOIRE,CDD,Emploi Temporaire,EXPRESS UNION CONGO SA,,1.0,2025-04-18 00:00:00,,,,pointe-noire,"GUICHETIER-CAISSIER Finance, Banque, Assurance, Comptabilité & Fiscalité"
JOB250002310,GUICHETIER-CAISSIER,"Finance, Banque, Assurance, Comptabilité & Fiscalité",POINTE-NOIRE,CDD,Emploi Temporaire,EXPRESS UNION CONGO SA,,2.0,2025-09-25 00:00:00,,,,pointe-noire,"GUICHETIER-CAISSIER Finance, Banque, Assurance, Comptabilité & Fiscalité"
NONREF000119,Directeur des opérations,"Pétrole, Gaz & Hydrocarbures",POINTE-NOIRE,CDD,Emploi Temporaire,EXPRO,,1.0,2025-02-11 00:00:00,,,,pointe-noire,"Directeur des opérations Pétrole, Gaz & Hydrocarbures"
NONREF000185,Opérator 1 TCP CONGO,"Pétrole, Gaz & Hydrocarbures",POINTE-NOIRE,CDD,Emploi Temporaire,EXPRO,,1.0,2025-02-14 00:00:00,,,,pointe-noire,"Opérator 1 TCP CONGO Pétrole, Gaz & Hydrocarbures"
NONREF000231,Sénior opérator wireline cgo,"Pétrole, Gaz & Hydrocarbures",POINTE-NOIRE,CDD,Emploi Temporaire,EXPRO,,2.0,2025-02-14 00:00:00,,,,pointe-noire,"Sénior opérator wireline cgo Pétrole, Gaz & Hydrocarbures"
NONREF000239,Superviseur des installations,"Pétrole, Gaz & Hydrocarbures",POINTE-NOIRE,CDD,Emploi Temporaire,EXPRO,,2.0,2025-02-11 00:00:00,,,,pointe-noire,"Superviseur des installations Pétrole, Gaz & Hydrocarbures"
NONREF000240,Superviseur des opérations TRS,"Pétrole, Gaz & Hydrocarbures",POINTE-NOIRE,CDD,Emploi Temporaire,EXPRO,,2.0,2025-02-11 00:00:00,,,,pointe-noire,"Superviseur des opérations TRS Pétrole, Gaz & Hydrocarbures"
JOB250001410,Mécanicien junior,"Industrie, Production & Maintenance",POINTE-NOIRE,CDD,Emploi Temporaire,EXPRO WORLDWIDE BV,,1.0,2025-06-12 00:00:00,,,,pointe-noire,"Mécanicien junior Industrie, Production & Maintenance"
JOB250001908,Superviseur Slickline,"Pétrole, Gaz & Hydrocarbures",POINTE-NOIRE,CDD,Emploi Temporaire,EXPRO WORLDWIDE BV,,1.0,2025-08-11 00:00:00,,,,pointe-noire,"Superviseur Slickline Pétrole, Gaz & Hydrocarbures"
JOB250001909,Opérateur Senior,"Pétrole, Gaz & Hydrocarbures",POINTE-NOIRE,CDD,Emploi Temporaire,EXPRO WORLDWIDE BV,,2.0,2025-08-11 00:00:00,,,,pointe-noire,"Opérateur Senior Pétrole, Gaz & Hydrocarbures"
JOB250001910,Electricien,"Énergie, Environnement & Eau",POINTE-NOIRE,CDD,Emploi Temporaire,EXPRO WORLDWIDE BV,,1.0,2025-08-11 00:00:00,,,,pointe-noire,"Electricien Énergie, Environnement & Eau"
JOB250001911,Assistant Opérateur 1 ; 2 ; 3,"Pétrole, Gaz & Hydrocarbures",POINTE-NOIRE,CDD,Emploi Temporaire,EXPRO WORLDWIDE BV,,2.0,2025-08-11 00:00:00,,,,pointe-noire,"Assistant Opérateur 1 ; 2 ; 3 Pétrole, Gaz & Hydrocarbures"
JOB250001912,Opérateurs Slickline1 ; 2 ; 3,"Pétrole, Gaz & Hydrocarbures",POINTE-NOIRE,CDD,Emploi Temporaire,EXPRO WORLDWIDE BV,,2.0,2025-08-11 00:00:00,,,,pointe-noire,"Opérateurs Slickline1 ; 2 ; 3 Pétrole, Gaz & Hydrocarbures"
JOB250001913,Assistant QHSE,"Assurance Qualité, Contrôle, Testing (QHSE)",POINTE-NOIRE,CDD,Emploi Temporaire,EXPRO WORLDWIDE BV,,1.0,2025-08-11 00:00:00,,,,pointe-noire,"Assistant QHSE Assurance Qualité, Contrôle, Testing (QHSE)"
JOB250001947,MAGASINIER,"Commerce, Vente, Marketing & Distribution",POINTE-NOIRE,CDD,Emploi Temporaire,EXPRO WORLDWIDE BV,,1.0,2025-08-13 00:00:00,,,,pointe-noire,"MAGASINIER Commerce, Vente, Marketing & Distribution"
JOB250002664,Controleur de Gestion,"Conseil, Stratégie & Gestion des Ressources Humaines",POINTE-NOIRE,CDI,Emploi Durable,EXPRO WORLDWIDE BV,,1.0,2025-11-18 00:00:00,,,,pointe-noire,"Controleur de Gestion Conseil, Stratégie & Gestion des Ressources Humaines"
JOB250002760,Controleur Financier,"Finance, Banque, Assurance, Comptabilité & Fiscalité",POINTE-NOIRE,CDI,Emploi Durable,EXPRO WORLDWIDE BV,,1.0,2025-12-02 00:00:00,,,,pointe-noire,"Controleur Financier Finance, Banque, Assurance, Comptabilité & Fiscalité"
JOB250002185,COMMERCIAL,"Commerce, Vente, Marketing & Distribution",POINTE-NOIRE,CDD,Emploi Temporaire,FAMA  CONGO,,1.0,2025-09-09 00:00:00,,,,pointe-noire,"COMMERCIAL Commerce, Vente, Marketing & Distribution"
JOB250001245,Chef d'Agence,"Finance, Banque, Assurance, Comptabilité & Fiscalité",BRAZZAVILLE,CDD,Emploi Temporaire,FINAM CONGO,,1.0,2025-05-27 00:00:00,,,,brazzaville,"Chef d'Agence Finance, Banque, Assurance, Comptabilité & Fiscalité"
JOB250002669,COMPTABLE,"Finance, Banque, Assurance, Comptabilité & Fiscalité",BRAZZAVILLE,CDD,Emploi Temporaire,FINAM CONGO,,1.0,2025-11-18 00:00:00,,,,brazzaville,"COMPTABLE Finance, Banque, Assurance, Comptabilité & Fiscalité"
JOB250002670,Assistant de Direction,"Conseil, Stratégie & Gestion des Ressources Humaines",BRAZZAVILLE,CDD,Emploi Temporaire,FINAM CONGO,,1.0,2025-11-18 00:00:00,,,,brazzaville,"Assistant de Direction Conseil, Stratégie & Gestion des Ressources Humaines"
JOB250002671,Chargé Clientèle,"Finance, Banque, Assurance, Comptabilité & Fiscalité",BRAZZAVILLE,CDD,Emploi Temporaire,FINAM CONGO,,1.0,2025-11-18 00:00:00,,,,brazzaville,"Chargé Clientèle Finance, Banque, Assurance, Comptabilité & Fiscalité"
JOB250002672,CAISSIER,"Finance, Banque, Assurance, Comptabilité & Fiscalité",BRAZZAVILLE,CDD,Emploi Temporaire,FINAM CONGO,,1.0,2025-11-18 00:00:00,,,,brazzaville,"CAISSIER Finance, Banque, Assurance, Comptabilité & Fiscalité"
JOB250002673,Agent Clientéle,"Finance, Banque, Assurance, Comptabilité & Fiscalité",BRAZZAVILLE,CDD,Emploi Temporaire,FINAM CONGO,,1.0,2025-11-18 00:00:00,,,,brazzaville,"Agent Clientéle Finance, Banque, Assurance, Comptabilité & Fiscalité"
JOB250002674,Chef d'Agence,Divers,BRAZZAVILLE,CDI,Emploi Durable,FINAM CONGO,,1.0,2025-11-18 00:00:00,,,,brazzaville,Chef d'Agence Divers
JOB250002675,CAISSIER,"Finance, Banque, Assurance, Comptabilité & Fiscalité",BRAZZAVILLE,CDD,Emploi Temporaire,FINAM CONGO,,1.0,2025-11-19 00:00:00,,,,brazzaville,"CAISSIER Finance, Banque, Assurance, Comptabilité & Fiscalité"
JOB250000908,Grutiers,"Pétrole, Gaz & Hydrocarbures",POINTE-NOIRE,Contrat d'intérim,Emploi Temporaire,FLOTEL CONGO SARLU,,1.0,2025-03-28 00:00:00,,,,pointe-noire,"Grutiers Pétrole, Gaz & Hydrocarbures"
JOB250000911,Soudeur,"Pétrole, Gaz & Hydrocarbures",POINTE-NOIRE,Contrat d'intérim,Emploi Temporaire,FLOTEL CONGO SARLU,,1.0,2025-03-28 00:00:00,,,,pointe-noire,"Soudeur Pétrole, Gaz & Hydrocarbures"
JOB250000912,OPERATEUR FORAGE WORK-OVER,"Énergie, Environnement & Eau",POINTE-NOIRE,Contrat d'intérim,Emploi Temporaire,FLOTEL CONGO SARLU,,1.0,2025-03-28 00:00:00,,,,pointe-noire,"OPERATEUR FORAGE WORK-OVER Énergie, Environnement & Eau"
JOB250000924,OPERATEUR ASSISTANT,"Pétrole, Gaz & Hydrocarbures",POINTE-NOIRE,Contrat d'intérim,Emploi Temporaire,FLOTEL CONGO SARLU,,1.0,2025-04-02 00:00:00,,,,pointe-noire,"OPERATEUR ASSISTANT Pétrole, Gaz & Hydrocarbures"
JOB250000925,Electricien,"Énergie, Environnement & Eau",POINTE-NOIRE,Contrat d'intérim,Emploi Temporaire,FLOTEL CONGO SARLU,,1.0,2025-04-02 00:00:00,,,,pointe-noire,"Electricien Énergie, Environnement & Eau"
JOB250000926,HSE,"Assurance Qualité, Contrôle, Testing (QHSE)",POINTE-NOIRE,Contrat d'intérim,Emploi Temporaire,FLOTEL CONGO SARLU,,1.0,2025-04-02 00:00:00,,,,pointe-noire,"HSE Assurance Qualité, Contrôle, Testing (QHSE)"
JOB250001029,Technicien Support Maintenance,"Pétrole, Gaz & Hydrocarbures",POINTE-NOIRE,CDD,Emploi Temporaire,FLOTEL CONGO SARLU,,1.0,2025-05-06 00:00:00,,,,pointe-noire,"Technicien Support Maintenance Pétrole, Gaz & Hydrocarbures"
JOB250002746,SECOND OFFICER (MARINE),"Transport, Logistique & Supply Chain",POINTE-NOIRE,CDD,Emploi Temporaire,FLOTEL CONGO SARLU,,1.0,2025-11-27 00:00:00,,,,pointe-noire,"SECOND OFFICER (MARINE) Transport, Logistique & Supply Chain"
JOB250002747,Bosco,"Conseil, Stratégie & Gestion des Ressources Humaines",POINTE-NOIRE,CDD,Emploi Temporaire,FLOTEL CONGO SARLU,,1.0,2025-11-27 00:00:00,,,,pointe-noire,"Bosco Conseil, Stratégie & Gestion des Ressources Humaines"
JOB250002799,Assistant Administratif,"Conseil, Stratégie & Gestion des Ressources Humaines",POINTE-NOIRE,CDD,Emploi Temporaire,FMC TECHNOLOGIES CAMERON SARL CONGO BRANCH,,1.0,2025-12-10 00:00:00,,,,pointe-noire,"Assistant Administratif Conseil, Stratégie & Gestion des Ressources Humaines"
JOB250001154,Assistant Logistique,Recherche et Développement,POINTE-NOIRE,CDD,Emploi Temporaire,FONDATION AVSI,,1.0,2025-05-14 00:00:00,,,,pointe-noire,Assistant Logistique Recherche et Développement
JOB250001919,Chargé de Redevabilité,ONG & Social,POINTE-NOIRE,CDD,Emploi Temporaire,FONDATION AVSI,,1.0,2025-08-12 00:00:00,,,,pointe-noire,Chargé de Redevabilité ONG & Social
JOB250001921,Coordonnateur des Activités Terrain,"Transport, Logistique & Supply Chain",POINTE-NOIRE,CDD,Emploi Temporaire,FONDATION AVSI,,1.0,2025-08-12 00:00:00,,,,pointe-noire,"Coordonnateur des Activités Terrain Transport, Logistique & Supply Chain"
JOB250001922,COMPTABLE,"Finance, Banque, Assurance, Comptabilité & Fiscalité",POINTE-NOIRE,CDD,Emploi Temporaire,FONDATION AVSI,,1.0,2025-08-12 00:00:00,,,,pointe-noire,"COMPTABLE Finance, Banque, Assurance, Comptabilité & Fiscalité"
JOB250001923,Agent de Terrain,ONG & Social,POINTE-NOIRE,CDD,Emploi Temporaire,FONDATION AVSI,,1.0,2025-08-12 00:00:00,,,,pointe-noire,Agent de Terrain ONG & Social
JOB250001924,SECRETAIRE,"Conseil, Stratégie & Gestion des Ressources Humaines",POINTE-NOIRE,CDD,Emploi Temporaire,FONDATION AVSI,,1.0,2025-08-12 00:00:00,,,,pointe-noire,"SECRETAIRE Conseil, Stratégie & Gestion des Ressources Humaines"
JOB250002287,Chauffeur,"Transport, Logistique & Supply Chain",POINTE-NOIRE,CDD,Emploi Temporaire,FONDATION AVSI,,2.0,2025-09-23 00:00:00,,,,pointe-noire,"Chauffeur Transport, Logistique & Supply Chain"
JOB250002256,CHARGE DE LOGISTIQUE ET ADMINISTRATION,"Transport, Logistique & Supply Chain",BRAZZAVILLE,CDD,Emploi Temporaire,FONDATION CENTERS FOR INTERNATIONAL (FCIP),,1.0,2025-09-17 00:00:00,,,,brazzaville,"CHARGE DE LOGISTIQUE ET ADMINISTRATION Transport, Logistique & Supply Chain"
JOB250002280,AGENT DE COMMUNICATION,"Communication, Médias & Événementiel",BRAZZAVILLE,CDD,Emploi Temporaire,FONDATION MATETE << F.M.L.I>>,,1.0,2025-09-23 00:00:00,,,,brazzaville,"AGENT DE COMMUNICATION Communication, Médias & Événementiel"
JOB250002281,Controleur de Gestion,"Finance, Banque, Assurance, Comptabilité & Fiscalité",BRAZZAVILLE,CDD,Emploi Temporaire,FONDATION MATETE << F.M.L.I>>,,1.0,2025-09-23 00:00:00,,,,brazzaville,"Controleur de Gestion Finance, Banque, Assurance, Comptabilité & Fiscalité"
JOB250002284,SECRETAIRE,"Santé, Pharmacie & Recherche Scientifique",BRAZZAVILLE,CDD,Emploi Temporaire,FONDATION MATETE << F.M.L.I>>,,1.0,2025-09-23 00:00:00,,,,brazzaville,"SECRETAIRE Santé, Pharmacie & Recherche Scientifique"
JOB250001160,AIDE COMPTABLE,Hôtellerie - Restauration,BRAZZAVILLE,CDD,Emploi Temporaire,FOOD AND CO,,1.0,2025-05-15 00:00:00,,,,brazzaville,AIDE COMPTABLE Hôtellerie - Restauration
JOB250001848,Offre d'emploi Boulanger,Hôtellerie - Restauration,BRAZZAVILLE,CDD,Emploi Temporaire,FOOD AND CO,,1.0,2025-08-04 00:00:00,,,,brazzaville,Offre d'emploi Boulanger Hôtellerie - Restauration
JOB250002228,Chauffeur,"Transport, Logistique & Supply Chain",BRAZZAVILLE,CDD,Emploi Temporaire,FOOD AND CO,,1.0,2025-09-15 00:00:00,,,,brazzaville,"Chauffeur Transport, Logistique & Supply Chain"
JOB250002229,PLONGEUR POLYVALENT,Hôtellerie - Restauration,BRAZZAVILLE,CDD,Emploi Temporaire,FOOD AND CO,,1.0,2025-09-15 00:00:00,,,,brazzaville,PLONGEUR POLYVALENT Hôtellerie - Restauration
JOB250002232,BUANDIER,Hôtellerie - Restauration,BRAZZAVILLE,CDD,Emploi Temporaire,FOOD AND CO,,1.0,2025-09-15 00:00:00,,,,brazzaville,BUANDIER Hôtellerie - Restauration
JOB250002243,CAISSIER,"Finance, Banque, Assurance, Comptabilité & Fiscalité",BRAZZAVILLE,CDD,Emploi Temporaire,FOOD AND CO,,1.0,2025-09-15 00:00:00,,,,brazzaville,"CAISSIER Finance, Banque, Assurance, Comptabilité & Fiscalité"
JOB250002244,Barman,Hôtellerie - Restauration,BRAZZAVILLE,CDD,Emploi Temporaire,FOOD AND CO,,1.0,2025-09-15 00:00:00,,,,brazzaville,Barman Hôtellerie - Restauration
JOB250002245,ASSISTANT MANAGER,"Conseil, Stratégie & Gestion des Ressources Humaines",BRAZZAVILLE,CDD,Emploi Temporaire,FOOD AND CO,,1.0,2025-09-15 00:00:00,,,,brazzaville,"ASSISTANT MANAGER Conseil, Stratégie & Gestion des Ressources Humaines"
JOB250002247,SERVEUR,Hôtellerie - Restauration,BRAZZAVILLE,CDD,Emploi Temporaire,FOOD AND CO,,1.0,2025-09-16 00:00:00,,,,brazzaville,SERVEUR Hôtellerie - Restauration
JOB250002249,TECHNICIEN DE SURFACE POLYVALENT,Hôtellerie - Restauration,BRAZZAVILLE,CDD,Emploi Temporaire,FOOD AND CO,,1.0,2025-09-16 00:00:00,,,,brazzaville,TECHNICIEN DE SURFACE POLYVALENT Hôtellerie - Restauration
JOB250001180,SUPERVISEUR WAREHOUSE MANAGMENT SYSTEME,"Transport, Logistique & Supply Chain",POINTE-NOIRE,CDI,Emploi Durable,FORTIS LOGISTIQUE,,1.0,2025-05-20 00:00:00,,,,pointe-noire,"SUPERVISEUR WAREHOUSE MANAGMENT SYSTEME Transport, Logistique & Supply Chain"
JOB250001181,TECHNICIAN CANBUS,"Transport, Logistique & Supply Chain",POINTE-NOIRE,CDI,Emploi Durable,FORTIS LOGISTIQUE,,1.0,2025-05-20 00:00:00,,,,pointe-noire,"TECHNICIAN CANBUS Transport, Logistique & Supply Chain"
JOB250001706,Superviseur Warehouse Management Système,"Transport, Logistique & Supply Chain",POINTE-NOIRE,CDI,Emploi Durable,FORTIS LOGISTIQUE,,1.0,2025-07-17 00:00:00,,,,pointe-noire,"Superviseur Warehouse Management Système Transport, Logistique & Supply Chain"
JOB250001477,COMPTABLE,"Santé, Pharmacie & Recherche Scientifique",BRAZZAVILLE,CDD,Emploi Temporaire,FOUNDATION CENTERS FOR INTERNATIONAL,,1.0,2025-06-22 00:00:00,,,,brazzaville,"COMPTABLE Santé, Pharmacie & Recherche Scientifique"
JOB250001478,Chauffeur,"Santé, Pharmacie & Recherche Scientifique",BRAZZAVILLE,CDD,Emploi Temporaire,FOUNDATION CENTERS FOR INTERNATIONAL,,1.0,2025-06-22 00:00:00,,,,brazzaville,"Chauffeur Santé, Pharmacie & Recherche Scientifique"
JOB250001479,Chargé des achats et de la Logistique,"Santé, Pharmacie & Recherche Scientifique",BRAZZAVILLE,CDD,Emploi Temporaire,FOUNDATION CENTERS FOR INTERNATIONAL,,1.0,2025-06-22 00:00:00,,,,brazzaville,"Chargé des achats et de la Logistique Santé, Pharmacie & Recherche Scientifique"
JOB250001480,Responsable de l’Engagement Communautaire et de la Promotion des Services de Santé,"Santé, Pharmacie & Recherche Scientifique",BRAZZAVILLE,CDD,Emploi Temporaire,FOUNDATION CENTERS FOR INTERNATIONAL,,1.0,2025-06-22 00:00:00,,,,brazzaville,"Responsable de l’Engagement Communautaire et de la Promotion des Services de Santé Santé, Pharmacie & Recherche Scientifique"
JOB250001481,Directeur technique,"Santé, Pharmacie & Recherche Scientifique",BRAZZAVILLE,CDD,Emploi Temporaire,FOUNDATION CENTERS FOR INTERNATIONAL,,1.0,2025-06-22 00:00:00,,,,brazzaville,"Directeur technique Santé, Pharmacie & Recherche Scientifique"
JOB250001482,Chef d'Equipe Régional,"Santé, Pharmacie & Recherche Scientifique",BRAZZAVILLE,CDD,Emploi Temporaire,FOUNDATION CENTERS FOR INTERNATIONAL,,1.0,2025-06-22 00:00:00,,,,brazzaville,"Chef d'Equipe Régional Santé, Pharmacie & Recherche Scientifique"
JOB250001483,Chargé de Suivi et Evaluation,"Santé, Pharmacie & Recherche Scientifique",BRAZZAVILLE,CDD,Emploi Temporaire,FOUNDATION CENTERS FOR INTERNATIONAL,,1.0,2025-06-22 00:00:00,,,,brazzaville,"Chargé de Suivi et Evaluation Santé, Pharmacie & Recherche Scientifique"
JOB250001484,Conseiller en Suivi et Evaluation,"Santé, Pharmacie & Recherche Scientifique",BRAZZAVILLE,CDD,Emploi Temporaire,FOUNDATION CENTERS FOR INTERNATIONAL,,1.0,2025-06-22 00:00:00,,,,brazzaville,"Conseiller en Suivi et Evaluation Santé, Pharmacie & Recherche Scientifique"
JOB250001485,Chargé du Laboratoire et de la Chaine d’Approvisionnement,"Santé, Pharmacie & Recherche Scientifique",BRAZZAVILLE,CDD,Emploi Temporaire,FOUNDATION CENTERS FOR INTERNATIONAL,,1.0,2025-06-22 00:00:00,,,,brazzaville,"Chargé du Laboratoire et de la Chaine d’Approvisionnement Santé, Pharmacie & Recherche Scientifique"
JOB250001486,Responsable Base de Données,"Santé, Pharmacie & Recherche Scientifique",BRAZZAVILLE,CDD,Emploi Temporaire,FOUNDATION CENTERS FOR INTERNATIONAL,,1.0,2025-06-22 00:00:00,,,,brazzaville,"Responsable Base de Données Santé, Pharmacie & Recherche Scientifique"
JOB250001487,Responsable Clinique,"Santé, Pharmacie & Recherche Scientifique",BRAZZAVILLE,CDD,Emploi Temporaire,FOUNDATION CENTERS FOR INTERNATIONAL,,1.0,2025-06-22 00:00:00,,,,brazzaville,"Responsable Clinique Santé, Pharmacie & Recherche Scientifique"
JOB250001488,Conseiller Clinique,"Santé, Pharmacie & Recherche Scientifique",BRAZZAVILLE,CDD,Emploi Temporaire,FOUNDATION CENTERS FOR INTERNATIONAL,,1.0,2025-06-22 00:00:00,,,,brazzaville,"Conseiller Clinique Santé, Pharmacie & Recherche Scientifique"
JOB250001489,Senior Human Resources Officer,"Santé, Pharmacie & Recherche Scientifique",BRAZZAVILLE,CDD,Emploi Temporaire,FOUNDATION CENTERS FOR INTERNATIONAL,,1.0,2025-06-22 00:00:00,,,,brazzaville,"Senior Human Resources Officer Santé, Pharmacie & Recherche Scientifique"
NONREF000192,Préparateur,"Industrie, Production & Maintenance",POINTE-NOIRE,CDD,Emploi Temporaire,FRIEDLANDER,,2.0,2025-01-24 00:00:00,,,,pointe-noire,"Préparateur Industrie, Production & Maintenance"
JOB250002041,Chef comptable,"Industrie, Production & Maintenance",POINTE-NOIRE,CDI,Emploi Durable,FRIEDLANDER INDUSTRIE CONGO,,1.0,2025-08-26 00:00:00,,,,pointe-noire,"Chef comptable Industrie, Production & Maintenance"
JOB250001578,Directeur des Opérations,"Industrie, Production & Maintenance",POINTE-NOIRE,CDI,Emploi Durable,GENERALE DE COMMERCE ET INDUSTRIE,,1.0,2025-07-02 00:00:00,,,,pointe-noire,"Directeur des Opérations Industrie, Production & Maintenance"
JOB250001579,INGENIEUR DE PROCEDES,"Industrie, Production & Maintenance",POINTE-NOIRE,CDI,Emploi Durable,GENERALE DE COMMERCE ET INDUSTRIE,,1.0,2025-07-02 00:00:00,,,,pointe-noire,"INGENIEUR DE PROCEDES Industrie, Production & Maintenance"
NONREF000098,Comptable,"Industrie, Production & Maintenance",POINTE-NOIRE,CDD,Emploi Temporaire,GI TECHNOLOGY LOGGIN,,1.0,2025-01-16 00:00:00,,,,pointe-noire,"Comptable Industrie, Production & Maintenance"
NONREF000045,Assistante RH,"Conseil, Stratégie & Gestion des Ressources Humaines",POINTE-NOIRE,CDD,Emploi Temporaire,GI TECHNOLOGY LOGGING,,1.0,2025-02-24 00:00:00,,,,pointe-noire,"Assistante RH Conseil, Stratégie & Gestion des Ressources Humaines"
NONREF000056,Cadre Comptable,"Pétrole, Gaz & Hydrocarbures",POINTE-NOIRE,CDD,Emploi Temporaire,GI TECHNOLOGY LOGGING,,1.0,2025-02-24 00:00:00,,,,pointe-noire,"Cadre Comptable Pétrole, Gaz & Hydrocarbures"
JOB250000823,Assistant Ressources Humaines,"Pétrole, Gaz & Hydrocarbures",POINTE-NOIRE,CDD,Emploi Temporaire,"GI TECNOLOGY LOGGING CO, LTD.CONGO SARLU",,1.0,2025-02-26 00:00:00,,,,pointe-noire,"Assistant Ressources Humaines Pétrole, Gaz & Hydrocarbures"
JOB250000824,Cadre Comptable,"Pétrole, Gaz & Hydrocarbures",POINTE-NOIRE,CDD,Emploi Temporaire,"GI TECNOLOGY LOGGING CO, LTD.CONGO SARLU",,1.0,2025-02-26 00:00:00,,,,pointe-noire,"Cadre Comptable Pétrole, Gaz & Hydrocarbures"
JOB250002683,CONSEILLER CLIENT SENIOR,"Commerce, Vente, Marketing & Distribution",BRAZZAVILLE,CDD,Emploi Temporaire,GKM,,1.0,2025-11-19 00:00:00,,,,brazzaville,"CONSEILLER CLIENT SENIOR Commerce, Vente, Marketing & Distribution"
JOB250000906,AUDITEUR SENIOR,"Finance, Banque, Assurance, Comptabilité & Fiscalité",POINTE-NOIRE,CDI,Emploi Durable,GKM AUDIT & CONSEIL,,1.0,2025-03-28 00:00:00,,,,pointe-noire,"AUDITEUR SENIOR Finance, Banque, Assurance, Comptabilité & Fiscalité"
JOB250002067,CHAUFFEUR COURSIER,"Finance, Banque, Assurance, Comptabilité & Fiscalité",POINTE-NOIRE,CDD,Emploi Temporaire,GKM AUDIT & CONSEIL,,1.0,2025-08-29 00:00:00,,,,pointe-noire,"CHAUFFEUR COURSIER Finance, Banque, Assurance, Comptabilité & Fiscalité"
JOB250002068,SECRETAIRE DE DIRECTION,"Conseil, Stratégie & Gestion des Ressources Humaines",POINTE-NOIRE,CDI,Emploi Durable,GKM AUDIT & CONSEIL,,1.0,2025-08-29 00:00:00,,,,pointe-noire,"SECRETAIRE DE DIRECTION Conseil, Stratégie & Gestion des Ressources Humaines"
JOB250002272,Conseiller Client Confirmé,"Commerce, Vente, Marketing & Distribution",POINTE-NOIRE,CDD,Emploi Temporaire,GKM AUDIT & CONSEIL,,1.0,2025-09-19 00:00:00,,,,pointe-noire,"Conseiller Client Confirmé Commerce, Vente, Marketing & Distribution"
JOB250002566,Auditeur Senior,Droit et Justice,POINTE-NOIRE,CDI,Emploi Durable,GKM AUDIT & CONSEIL,,1.0,2025-11-04 00:00:00,,,,pointe-noire,Auditeur Senior Droit et Justice
NONREF000010,Agent entrée -sortie,"Transport, Logistique & Supply Chain",POINTE-NOIRE,CDD,Emploi Temporaire,GLOBAL ACCESS CONGO,,2.0,2025-01-24 00:00:00,,,,pointe-noire,"Agent entrée -sortie Transport, Logistique & Supply Chain"
NONREF000027,Assistant comptable,"Transport, Logistique & Supply Chain",POINTE-NOIRE,CDD,Emploi Temporaire,GLOBAL ACCESS CONGO,,1.0,2025-01-24 00:00:00,,,,pointe-noire,"Assistant comptable Transport, Logistique & Supply Chain"
NONREF000037,Assistante Adm RH,"Conseil, Stratégie & Gestion des Ressources Humaines",POINTE-NOIRE,CDD,Emploi Temporaire,GLOBAL ACCESS CONGO,,1.0,2025-01-24 00:00:00,,,,pointe-noire,"Assistante Adm RH Conseil, Stratégie & Gestion des Ressources Humaines"
NONREF000183,Opérateur-maintenance Syst,"Transport, Logistique & Supply Chain",POINTE-NOIRE,CDD,Emploi Temporaire,GLOBAL ACCESS CONGO,,1.0,2025-01-24 00:00:00,,,,pointe-noire,"Opérateur-maintenance Syst Transport, Logistique & Supply Chain"
JOB250001003,"Responsable Administratif & Financier Régional (Congo, Guinée …)","Finance, Banque, Assurance, Comptabilité & Fiscalité",POINTE-NOIRE,CDI,Emploi Durable,GLOBAL ACCESS CONGO,,1.0,2025-04-28 00:00:00,,,,pointe-noire,"Responsable Administratif & Financier Régional (Congo, Guinée …) Finance, Banque, Assurance, Comptabilité & Fiscalité"
JOB250002607,Gestionnaire,"Commerce, Vente, Marketing & Distribution",BRAZZAVILLE,CDI,Emploi Durable,GLOBAL IT SOLUTIONS,,1.0,2025-11-06 00:00:00,,,,brazzaville,"Gestionnaire Commerce, Vente, Marketing & Distribution"
JOB250002279,SAGE FEMME,"Santé, Pharmacie & Recherche Scientifique",BRAZZAVILLE,CDD,Emploi Temporaire,GLOBALE AFRIQUE CORPORATION (GAC),,1.0,2025-09-22 00:00:00,,,,brazzaville,"SAGE FEMME Santé, Pharmacie & Recherche Scientifique"
NONREF000028,Assistant controleur de gestion,"Industrie, Production & Maintenance",POINTE-NOIRE,CDD,Emploi Temporaire,GLOBALINE,,1.0,2025-01-14 00:00:00,,,,pointe-noire,"Assistant controleur de gestion Industrie, Production & Maintenance"
NONREF000130,Electrotechnicien,"Industrie, Production & Maintenance",POINTE-NOIRE,CDD,Emploi Temporaire,GLOBALINE,,1.0,2025-01-14 00:00:00,,,,pointe-noire,"Electrotechnicien Industrie, Production & Maintenance"
NONREF000232,Siropier et laborantin,"Industrie, Production & Maintenance",POINTE-NOIRE,CDD,Emploi Temporaire,GLOBALINE,,2.0,2025-01-14 00:00:00,,,,pointe-noire,"Siropier et laborantin Industrie, Production & Maintenance"
JOB250000894,SUPERVISEUR DES SHOPS,"Industrie, Production & Maintenance",POINTE-NOIRE,CDD,Emploi Temporaire,GLOBALINE SA,,1.0,2025-03-24 00:00:00,,,,pointe-noire,"SUPERVISEUR DES SHOPS Industrie, Production & Maintenance"
JOB250001188,RESPONSABLE MAGASIN,"Industrie, Production & Maintenance",POINTE-NOIRE,CDD,Emploi Temporaire,GLOBALINE SA,,1.0,2025-05-21 00:00:00,,,,pointe-noire,"RESPONSABLE MAGASIN Industrie, Production & Maintenance"
JOB250001242,GESTIONNAIRE DE STOKS,"Transport, Logistique & Supply Chain",BRAZZAVILLE,CDD,Emploi Temporaire,GLOBALINE SA,,1.0,2025-05-27 00:00:00,,,,brazzaville,"GESTIONNAIRE DE STOKS Transport, Logistique & Supply Chain"
JOB250001439,CHAUFFEUR CHARGÉ DE RECOUVREMENT,"Transport, Logistique & Supply Chain",BRAZZAVILLE,CDI,Emploi Durable,GLOBALINE SA,,1.0,2025-06-20 00:00:00,,,,brazzaville,"CHAUFFEUR CHARGÉ DE RECOUVREMENT Transport, Logistique & Supply Chain"
JOB250002861,Agent Commercial,"Commerce, Vente, Marketing & Distribution",POINTE-NOIRE,CDD,Emploi Temporaire,GLOBALINE SA,,1.0,2025-12-22 00:00:00,,,,pointe-noire,"Agent Commercial Commerce, Vente, Marketing & Distribution"
NONREF000030,Assistant QHSE,"Assurance Qualité, Contrôle, Testing (QHSE)",POINTE-NOIRE,CDD,Emploi Temporaire,GMC,,1.0,2025-01-31 00:00:00,,,,pointe-noire,"Assistant QHSE Assurance Qualité, Contrôle, Testing (QHSE)"
JOB250001933,Aide Opérateur,"Pétrole, Gaz & Hydrocarbures",POINTE-NOIRE,CDD,Emploi Temporaire,GNCAC,,23.0,2025-08-12 00:00:00,,,,pointe-noire,"Aide Opérateur Pétrole, Gaz & Hydrocarbures"
JOB250001937,AMBULANCIER,"Industrie, Production & Maintenance",Kouilou,CDD,Emploi Temporaire,GNCAC,,4.0,2025-08-13 00:00:00,,,,kouilou,"AMBULANCIER Industrie, Production & Maintenance"
JOB250001939,ASSISTANT TECHNIQUE,"Pétrole, Gaz & Hydrocarbures",Kouilou,CDD,Emploi Temporaire,GNCAC,,4.0,2025-08-13 00:00:00,,,,kouilou,"ASSISTANT TECHNIQUE Pétrole, Gaz & Hydrocarbures"
JOB250001948,Chauffeur Poids Léger,"Transport, Logistique & Supply Chain",Kouilou,CDD,Emploi Temporaire,GNCAC,,1.0,2025-08-13 00:00:00,,,,kouilou,"Chauffeur Poids Léger Transport, Logistique & Supply Chain"
JOB250001960,Chauffeur Poids Lourds,"Transport, Logistique & Supply Chain",Kouilou,CDD,Emploi Temporaire,GNCAC,,1.0,2025-08-14 00:00:00,,,,kouilou,"Chauffeur Poids Lourds Transport, Logistique & Supply Chain"
JOB250001961,Coordonnateur Génie Civil,"Pétrole, Gaz & Hydrocarbures",Kouilou,CDD,Emploi Temporaire,GNCAC,,1.0,2025-08-14 00:00:00,,,,kouilou,"Coordonnateur Génie Civil Pétrole, Gaz & Hydrocarbures"
JOB250001962,Electricien Turbiniste,"Énergie, Environnement & Eau",Kouilou,CDD,Emploi Temporaire,GNCAC,,1.0,2025-08-14 00:00:00,,,,kouilou,"Electricien Turbiniste Énergie, Environnement & Eau"
JOB250001964,HELPER,"Pétrole, Gaz & Hydrocarbures",Kouilou,CDD,Emploi Temporaire,GNCAC,,30.0,2025-08-18 00:00:00,,,,kouilou,"HELPER Pétrole, Gaz & Hydrocarbures"
JOB250001966,MAGASINIER,"Pétrole, Gaz & Hydrocarbures",Kouilou,CDD,Emploi Temporaire,GNCAC,,9.0,2025-08-18 00:00:00,,,,kouilou,"MAGASINIER Pétrole, Gaz & Hydrocarbures"
JOB250001969,MECANICIEN,"Pétrole, Gaz & Hydrocarbures",Kouilou,CDD,Emploi Temporaire,GNCAC,,1.0,2025-08-18 00:00:00,,,,kouilou,"MECANICIEN Pétrole, Gaz & Hydrocarbures"
JOB250001970,OPERATEUR,"Pétrole, Gaz & Hydrocarbures",Kouilou,CDD,Emploi Temporaire,GNCAC,,114.0,2025-08-18 00:00:00,,,,kouilou,"OPERATEUR Pétrole, Gaz & Hydrocarbures"
JOB250001971,Superviseur Dico,"Pétrole, Gaz & Hydrocarbures",Kouilou,CDD,Emploi Temporaire,GNCAC,,2.0,2025-08-18 00:00:00,,,,kouilou,"Superviseur Dico Pétrole, Gaz & Hydrocarbures"
JOB250001972,SuperviseurMagasin,"Pétrole, Gaz & Hydrocarbures",Kouilou,CDD,Emploi Temporaire,GNCAC,,2.0,2025-08-18 00:00:00,,,,kouilou,"SuperviseurMagasin Pétrole, Gaz & Hydrocarbures"
JOB250001973,SuperviseurService Transport,"Pétrole, Gaz & Hydrocarbures",Kouilou,CDD,Emploi Temporaire,GNCAC,,1.0,2025-08-18 00:00:00,,,,kouilou,"SuperviseurService Transport Pétrole, Gaz & Hydrocarbures"
JOB250001974,SUPERVISEUR HSE,"Assurance Qualité, Contrôle, Testing (QHSE)",Kouilou,CDD,Emploi Temporaire,GNCAC,,3.0,2025-08-18 00:00:00,,,,kouilou,"SUPERVISEUR HSE Assurance Qualité, Contrôle, Testing (QHSE)"
JOB250001975,Mécanicien Senior,"Pétrole, Gaz & Hydrocarbures",Kouilou,CDD,Emploi Temporaire,GNCAC,,8.0,2025-08-18 00:00:00,,,,kouilou,"Mécanicien Senior Pétrole, Gaz & Hydrocarbures"
JOB250001985,Mécanicien Foreman,"Pétrole, Gaz & Hydrocarbures",Kouilou,CDD,Emploi Temporaire,GNCAC,,1.0,2025-08-19 00:00:00,,,,kouilou,"Mécanicien Foreman Pétrole, Gaz & Hydrocarbures"
JOB250001989,Instrumentiste Foreman,"Pétrole, Gaz & Hydrocarbures",Kouilou,CDD,Emploi Temporaire,GNCAC,,1.0,2025-08-19 00:00:00,,,,kouilou,"Instrumentiste Foreman Pétrole, Gaz & Hydrocarbures"
JOB250001992,Electricien Foreman,"Énergie, Environnement & Eau",Kouilou,CDD,Emploi Temporaire,GNCAC,,1.0,2025-08-19 00:00:00,,,,kouilou,"Electricien Foreman Énergie, Environnement & Eau"
JOB250001993,ElectricienSenior,"Énergie, Environnement & Eau",Kouilou,CDD,Emploi Temporaire,GNCAC,,1.0,2025-08-19 00:00:00,,,,kouilou,"ElectricienSenior Énergie, Environnement & Eau"
JOB250001994,Instrumentiste Junior,"Pétrole, Gaz & Hydrocarbures",Kouilou,CDD,Emploi Temporaire,GNCAC,,1.0,2025-08-19 00:00:00,,,,kouilou,"Instrumentiste Junior Pétrole, Gaz & Hydrocarbures"
JOB250001995,MécanicienJunior,"Industrie, Production & Maintenance",Kouilou,CDD,Emploi Temporaire,GNCAC,,1.0,2025-08-19 00:00:00,,,,kouilou,"MécanicienJunior Industrie, Production & Maintenance"
JOB250001996,Technicien d'Exploitation,"Pétrole, Gaz & Hydrocarbures",Kouilou,CDD,Emploi Temporaire,GNCAC,,1.0,2025-08-19 00:00:00,,,,kouilou,"Technicien d'Exploitation Pétrole, Gaz & Hydrocarbures"
JOB250001997,Chauffeur Camion Hiab,"Pétrole, Gaz & Hydrocarbures",Kouilou,CDD,Emploi Temporaire,GNCAC,,1.0,2025-08-19 00:00:00,,,,kouilou,"Chauffeur Camion Hiab Pétrole, Gaz & Hydrocarbures"
JOB250002002,Electricien Junior,"Pétrole, Gaz & Hydrocarbures",Kouilou,CDD,Emploi Temporaire,GNCAC,,1.0,2025-08-20 00:00:00,,,,kouilou,"Electricien Junior Pétrole, Gaz & Hydrocarbures"
JOB250002007,HSE Base Vie,"Assurance Qualité, Contrôle, Testing (QHSE)",Kouilou,CDD,Emploi Temporaire,GNCAC,,1.0,2025-08-20 00:00:00,,,,kouilou,"HSE Base Vie Assurance Qualité, Contrôle, Testing (QHSE)"
JOB250002011,MAGASINIER,"Pétrole, Gaz & Hydrocarbures",Kouilou,CDD,Emploi Temporaire,GNCAC,,1.0,2025-08-20 00:00:00,,,,kouilou,"MAGASINIER Pétrole, Gaz & Hydrocarbures"
JOB250002012,Plombier Foreman,"Pétrole, Gaz & Hydrocarbures",Kouilou,CDD,Emploi Temporaire,GNCAC,,1.0,2025-08-20 00:00:00,,,,kouilou,"Plombier Foreman Pétrole, Gaz & Hydrocarbures"
JOB250002013,CARISTE,"Pétrole, Gaz & Hydrocarbures",Kouilou,CDD,Emploi Temporaire,GNCAC,,2.0,2025-08-20 00:00:00,,,,kouilou,"CARISTE Pétrole, Gaz & Hydrocarbures"
JOB250002014,Superviseur Station Gasoil,"Pétrole, Gaz & Hydrocarbures",Kouilou,CDD,Emploi Temporaire,GNCAC,,2.0,2025-08-20 00:00:00,,,,kouilou,"Superviseur Station Gasoil Pétrole, Gaz & Hydrocarbures"
JOB250002015,Assistant Maintenance,"Pétrole, Gaz & Hydrocarbures",Kouilou,CDD,Emploi Temporaire,GNCAC,,2.0,2025-08-20 00:00:00,,,,kouilou,"Assistant Maintenance Pétrole, Gaz & Hydrocarbures"
JOB250002016,HVAC Senior,"Pétrole, Gaz & Hydrocarbures",Kouilou,CDD,Emploi Temporaire,GNCAC,,2.0,2025-08-20 00:00:00,,,,kouilou,"HVAC Senior Pétrole, Gaz & Hydrocarbures"
JOB250002017,InstrumentisteSenior,"Pétrole, Gaz & Hydrocarbures",Kouilou,CDD,Emploi Temporaire,GNCAC,,2.0,2025-08-20 00:00:00,,,,kouilou,"InstrumentisteSenior Pétrole, Gaz & Hydrocarbures"
JOB250002018,PLOMBIER,"Pétrole, Gaz & Hydrocarbures",Kouilou,CDD,Emploi Temporaire,GNCAC,,2.0,2025-08-20 00:00:00,,,,kouilou,"PLOMBIER Pétrole, Gaz & Hydrocarbures"
NONREF000062,Chaudronnerie,"Industrie, Production & Maintenance",POINTE-NOIRE,CDD,Emploi Temporaire,GNCAC SAU,,1.0,2025-01-17 00:00:00,,,,pointe-noire,"Chaudronnerie Industrie, Production & Maintenance"
NONREF000179,Montage,"Industrie, Production & Maintenance",POINTE-NOIRE,CDD,Emploi Temporaire,GNCAC SAU,,1.0,2025-01-17 00:00:00,,,,pointe-noire,"Montage Industrie, Production & Maintenance"
NONREF000249,Tuyauterie,"Industrie, Production & Maintenance",POINTE-NOIRE,CDD,Emploi Temporaire,GNCAC SAU,,1.0,2025-01-17 00:00:00,,,,pointe-noire,"Tuyauterie Industrie, Production & Maintenance"
JOB250002060,Marketing Specialist,"Communication, Médias & Événementiel",BRAZZAVILLE,CDD,Emploi Temporaire,GOZEM CONGO,,1.0,2025-08-28 00:00:00,,,,brazzaville,"Marketing Specialist Communication, Médias & Événementiel"
JOB250002061,Marketing Specialist,"Informatique, Data, Télécommunications & Digital",BRAZZAVILLE,CDD,Emploi Temporaire,GOZEM CONGO,,1.0,2025-08-28 00:00:00,,,,brazzaville,"Marketing Specialist Informatique, Data, Télécommunications & Digital"
JOB250002708,Agent Support,"Informatique, Data, Télécommunications & Digital",BRAZZAVILLE,CDD,Emploi Temporaire,GOZEM CONGO,,1.0,2025-11-24 00:00:00,,,,brazzaville,"Agent Support Informatique, Data, Télécommunications & Digital"
JOB250000968,OPERATEUR POLYVALENT DE MEUNIER,"Industrie, Production & Maintenance",POINTE-NOIRE,CDD,Emploi Temporaire,GRAND MOULIN DE POINTE NOIRE,,1.0,2025-04-23 00:00:00,,,,pointe-noire,"OPERATEUR POLYVALENT DE MEUNIER Industrie, Production & Maintenance"
JOB250001216,Assistant Ressources Humaines,"Industrie, Production & Maintenance",POINTE-NOIRE,CDI,Emploi Durable,GRAND MOULIN DE POINTE NOIRE,,1.0,2025-05-23 00:00:00,,,,pointe-noire,"Assistant Ressources Humaines Industrie, Production & Maintenance"
JOB250001217,Technico Commercial,"Industrie, Production & Maintenance",POINTE-NOIRE,CDI,Emploi Durable,GRAND MOULIN DE POINTE NOIRE,,1.0,2025-05-23 00:00:00,,,,pointe-noire,"Technico Commercial Industrie, Production & Maintenance"
JOB250001335,MAGASINIER,"Commerce, Vente, Marketing & Distribution",POINTE-NOIRE,CDI,Emploi Durable,GRAND MOULIN DE POINTE NOIRE,,1.0,2025-06-06 00:00:00,,,,pointe-noire,"MAGASINIER Commerce, Vente, Marketing & Distribution"
JOB250001336,Opérateur Presse,"Industrie, Production & Maintenance",POINTE-NOIRE,CDD,Emploi Temporaire,GRAND MOULIN DE POINTE NOIRE,,1.0,2025-06-06 00:00:00,,,,pointe-noire,"Opérateur Presse Industrie, Production & Maintenance"
NONREF000400,Assistant aux Achats,"Commerce, Vente, Marketing & Distribution",POINTE-NOIRE,CDD,Emploi Temporaire,GRAND MOULIN DE POINTE NOIRE,,1.0,2025-12-29,,,,pointe-noire,"Assistant aux Achats Commerce, Vente, Marketing & Distribution"
NONREF000190,Pointeur dans le magasin,"Industrie, Production & Maintenance",POINTE-NOIRE,CDD,Emploi Temporaire,GRANDS MOULIN DU CGO,,1.0,2025-02-06 00:00:00,,,,pointe-noire,"Pointeur dans le magasin Industrie, Production & Maintenance"
NONREF000004,Agent administratif,"Industrie, Production & Maintenance",POINTE-NOIRE,CDD,Emploi Temporaire,GRANDS MOULINS DE PN,,1.0,2025-01-24 00:00:00,,,,pointe-noire,"Agent administratif Industrie, Production & Maintenance"
NONREF000014,Aide comptable,"Industrie, Production & Maintenance",POINTE-NOIRE,CDD,Emploi Temporaire,GRANDS MOULINS DE PN,,1.0,2025-01-24 00:00:00,,,,pointe-noire,"Aide comptable Industrie, Production & Maintenance"
JOB250000922,MANUTENTIONNAIRES,"Transport, Logistique & Supply Chain",POINTE-NOIRE,CDD,Emploi Temporaire,GRANDS MOULINS DU CONGO,,1.0,2025-04-02 00:00:00,,,,pointe-noire,"MANUTENTIONNAIRES Transport, Logistique & Supply Chain"
JOB250000945,Transitaire,"Transport, Logistique & Supply Chain",POINTE-NOIRE,CDD,Emploi Temporaire,GRANDS MOULINS DU CONGO,,1.0,2025-04-18 00:00:00,,,,pointe-noire,"Transitaire Transport, Logistique & Supply Chain"
JOB250001416,ELECTRO TECHNICIEN,"Énergie, Environnement & Eau",POINTE-NOIRE,CDI,Emploi Durable,GRANDS MOULINS DU CONGO,,1.0,2025-06-13 00:00:00,,,,pointe-noire,"ELECTRO TECHNICIEN Énergie, Environnement & Eau"
JOB250002315,Responsable des Affaires Juridiques et de la Conformité,"Industrie, Production & Maintenance",POINTE-NOIRE,CDD,Emploi Temporaire,GRANDS MOULINS DU CONGO,,1.0,2025-09-26 00:00:00,,,,pointe-noire,"Responsable des Affaires Juridiques et de la Conformité Industrie, Production & Maintenance"
JOB250002655,Agent commercial,"Commerce, Vente, Marketing & Distribution",POINTE-NOIRE,CDD,Emploi Temporaire,GRANDS MOULINS DU CONGO,,1.0,2025-11-17 00:00:00,,,,pointe-noire,"Agent commercial Commerce, Vente, Marketing & Distribution"
JOB250002656,Agent commercial,"Commerce, Vente, Marketing & Distribution",POINTE-NOIRE,CDD,Emploi Temporaire,GRANDS MOULINS DU CONGO,,1.0,2025-11-17 00:00:00,,,,pointe-noire,"Agent commercial Commerce, Vente, Marketing & Distribution"
JOB250002659,Pointeur Livreur,"Industrie, Production & Maintenance",POINTE-NOIRE,CDD,Emploi Temporaire,GRANDS MOULINS DU CONGO,,1.0,2025-11-17 00:00:00,,,,pointe-noire,"Pointeur Livreur Industrie, Production & Maintenance"
JOB250002040,Ingénieur Travaux,"Bâtiment, Travaux Publics & Aménagement du Territoire",POINTE-NOIRE,CDI,Emploi Durable,GRASSET SPORAFRIC,,1.0,2025-08-26 00:00:00,,,,pointe-noire,"Ingénieur Travaux Bâtiment, Travaux Publics & Aménagement du Territoire"
JOB250002431,Motoriste et Système mécanique,"Transport, Logistique & Supply Chain",POINTE-NOIRE,CDI,Emploi Durable,GRASSET SPORAFRIC,,1.0,2025-10-14 00:00:00,,,,pointe-noire,"Motoriste et Système mécanique Transport, Logistique & Supply Chain"
JOB250002432,Responsable Administratif et Financier,"Finance, Banque, Assurance, Comptabilité & Fiscalité",POINTE-NOIRE,CDI,Emploi Durable,GRASSET SPORAFRIC,,1.0,2025-10-16 00:00:00,,,,pointe-noire,"Responsable Administratif et Financier Finance, Banque, Assurance, Comptabilité & Fiscalité"
JOB250002845,Ingénieur Electro-mécano-technico-commercial,"Commerce, Vente, Marketing & Distribution",POINTE-NOIRE,CDI,Emploi Durable,GRASSET SPORAFRIC,,1.0,2025-12-18 00:00:00,,,,pointe-noire,"Ingénieur Electro-mécano-technico-commercial Commerce, Vente, Marketing & Distribution"
JOB250001574,COMPTABLE,"Commerce, Vente, Marketing & Distribution",BRAZZAVILLE,CDD,Emploi Temporaire,GRET,,1.0,2025-07-02 00:00:00,,,,brazzaville,"COMPTABLE Commerce, Vente, Marketing & Distribution"
JOB250001577,Responsable Logistique et Sécurité,"Commerce, Vente, Marketing & Distribution",BRAZZAVILLE,CDD,Emploi Temporaire,GRET,,1.0,2025-07-02 00:00:00,,,,brazzaville,"Responsable Logistique et Sécurité Commerce, Vente, Marketing & Distribution"
JOB250001580,SECRETAIRE CAISSIER,"Commerce, Vente, Marketing & Distribution",BRAZZAVILLE,CDD,Emploi Temporaire,GRET,,1.0,2025-07-02 00:00:00,,,,brazzaville,"SECRETAIRE CAISSIER Commerce, Vente, Marketing & Distribution"
JOB250001581,comptable paie et formateur,"Commerce, Vente, Marketing & Distribution",BRAZZAVILLE,CDD,Emploi Temporaire,GRET,,1.0,2025-07-02 00:00:00,,,,brazzaville,"comptable paie et formateur Commerce, Vente, Marketing & Distribution"
JOB250001586,ANIMATEUR,"Commerce, Vente, Marketing & Distribution",BRAZZAVILLE,CDD,Emploi Temporaire,GRET,,3.0,2025-07-03 00:00:00,,,,brazzaville,"ANIMATEUR Commerce, Vente, Marketing & Distribution"
JOB250001587,ANIMATEUR,"Commerce, Vente, Marketing & Distribution",BRAZZAVILLE,CDD,Emploi Temporaire,GRET,,1.0,2025-07-03 00:00:00,,,,brazzaville,"ANIMATEUR Commerce, Vente, Marketing & Distribution"
JOB250001952,CHAUFFEUR LOGISTICIEN,"Transport, Logistique & Supply Chain",BRAZZAVILLE,CDD,Emploi Temporaire,GRET,,1.0,2025-08-14 00:00:00,,,,brazzaville,"CHAUFFEUR LOGISTICIEN Transport, Logistique & Supply Chain"
JOB250001954,ASSISTANT ADMINISTRATIFET COMPTABLE,"Finance, Banque, Assurance, Comptabilité & Fiscalité",BRAZZAVILLE,CDD,Emploi Temporaire,GRET,,1.0,2025-08-14 00:00:00,,,,brazzaville,"ASSISTANT ADMINISTRATIFET COMPTABLE Finance, Banque, Assurance, Comptabilité & Fiscalité"
JOB250002217,RESPONSABLE COMPTABLE,"Finance, Banque, Assurance, Comptabilité & Fiscalité",BRAZZAVILLE,CDD,Emploi Temporaire,GRET,,1.0,2025-09-11 00:00:00,,,,brazzaville,"RESPONSABLE COMPTABLE Finance, Banque, Assurance, Comptabilité & Fiscalité"
JOB250001955,CHAUFFEUR COURSIER,"Transport, Logistique & Supply Chain",POINTE-NOIRE,CDI,Emploi Durable,GROUP VIVENDI AFRICA CONGO,,1.0,2025-08-14 00:00:00,,,,pointe-noire,"CHAUFFEUR COURSIER Transport, Logistique & Supply Chain"
JOB250002120,CHAUFFEUR COURSIER,"Transport, Logistique & Supply Chain",BRAZZAVILLE,CDI,Emploi Durable,GROUP VIVENDI AFRICA CONGO,,1.0,2025-09-03 00:00:00,,,,brazzaville,"CHAUFFEUR COURSIER Transport, Logistique & Supply Chain"
JOB250002128,CHAUFFEUR COURSIER,"Transport, Logistique & Supply Chain",BRAZZAVILLE,CDD,Emploi Temporaire,GROUP VIVENDI AFRICA CONGO,,1.0,2025-09-04 00:00:00,,,,brazzaville,"CHAUFFEUR COURSIER Transport, Logistique & Supply Chain"
NONREF000172,Marketing,"Bâtiment, Travaux Publics & Aménagement du Territoire",POINTE-NOIRE,CDD,Emploi Temporaire,GROUPE M&N SARL,,1.0,2025-01-07 00:00:00,,,,pointe-noire,"Marketing Bâtiment, Travaux Publics & Aménagement du Territoire"
NONREF000042,Assistante log des opérations,"Pétrole, Gaz & Hydrocarbures",POINTE-NOIRE,CDD,Emploi Temporaire,GRUPPO ANTONINI ENERG ,,1.0,2025-02-06 00:00:00,,,,pointe-noire,"Assistante log des opérations Pétrole, Gaz & Hydrocarbures"
JOB250001172,Assistant Qualité QA/QC,"Pétrole, Gaz & Hydrocarbures",POINTE-NOIRE,CDD,Emploi Temporaire,GRUPPO ANTONINI ENERGY SAR,,1.0,2025-05-19 00:00:00,,,,pointe-noire,"Assistant Qualité QA/QC Pétrole, Gaz & Hydrocarbures"
JOB250001337,DIRECTEUR ADMINISTRATIF ET FINANCIER,"Transport, Logistique & Supply Chain",POINTE-NOIRE,CDI,Emploi Durable,HAPAG LLOYD CONGO,,1.0,2025-06-06 00:00:00,,,,pointe-noire,"DIRECTEUR ADMINISTRATIF ET FINANCIER Transport, Logistique & Supply Chain"
JOB250002105,COMMERCIAL,"Commerce, Vente, Marketing & Distribution",POINTE-NOIRE,CDI,Emploi Durable,HAPAG LLOYD CONGO,,1.0,2025-09-02 00:00:00,,,,pointe-noire,"COMMERCIAL Commerce, Vente, Marketing & Distribution"
NONREF000102,Comptable,"Transport, Logistique & Supply Chain",POINTE-NOIRE,CDI,Emploi Durable,HAPAG-LIOYD CONGO,,1.0,2025-03-05 00:00:00,,,,pointe-noire,"Comptable Transport, Logistique & Supply Chain"
JOB250001704,RESPONSABLE APPROVISIONNEMENT ACHAT ET LOGISTIQUE,"Informatique, Data, Télécommunications & Digital",BRAZZAVILLE,CDD,Emploi Temporaire,HELIOS TOWERS CONGO BRAZZAVILLE-SASU,,1.0,2025-07-17 00:00:00,,,,brazzaville,"RESPONSABLE APPROVISIONNEMENT ACHAT ET LOGISTIQUE Informatique, Data, Télécommunications & Digital"
JOB250002526,RESPONSABLE DESRESSOURSES HUMAINES,Hôtellerie - Restauration,BRAZZAVILLE,CDD,Emploi Temporaire,HELIOS TOWERS CONGO BRAZZAVILLE-SASU,,1.0,2025-10-28 00:00:00,,,,brazzaville,RESPONSABLE DESRESSOURSES HUMAINES Hôtellerie - Restauration
JOB250002527,SUPERVISEUR DE ZONE,"Conseil, Stratégie & Gestion des Ressources Humaines",BRAZZAVILLE,CDD,Emploi Temporaire,HELIOS TOWERS CONGO BRAZZAVILLE-SASU,,1.0,2025-10-28 00:00:00,,,,brazzaville,"SUPERVISEUR DE ZONE Conseil, Stratégie & Gestion des Ressources Humaines"
JOB250000830,CHARGE DE RELATION CLIENT,"Finance, Banque, Assurance, Comptabilité & Fiscalité",POINTE-NOIRE,Stage professionnel,Stages Classiques,HOPE CONGO,,1.0,2025-03-03 00:00:00,,,,pointe-noire,"CHARGE DE RELATION CLIENT Finance, Banque, Assurance, Comptabilité & Fiscalité"
JOB250002221,STAGIAIRES CHARGES DE RELATION CLIENTEL,"Finance, Banque, Assurance, Comptabilité & Fiscalité",BRAZZAVILLE,CDD,Emploi Temporaire,HOPE congo S.A,,12.0,2025-09-12 00:00:00,,,,brazzaville,"STAGIAIRES CHARGES DE RELATION CLIENTEL Finance, Banque, Assurance, Comptabilité & Fiscalité"
JOB250002449,stagiaire chauffeur,"Transport, Logistique & Supply Chain",BRAZZAVILLE,CDD,Emploi Temporaire,HOPE congo S.A,,1.0,2025-10-20 00:00:00,,,,brazzaville,"stagiaire chauffeur Transport, Logistique & Supply Chain"
JOB250000927,RESPONSABLE RESSOURCES HUMAINES,"Conseil, Stratégie & Gestion des Ressources Humaines",POINTE-NOIRE,CDD,Emploi Temporaire,HORUS SA,,1.0,2025-04-03 00:00:00,,,,pointe-noire,"RESPONSABLE RESSOURCES HUMAINES Conseil, Stratégie & Gestion des Ressources Humaines"
JOB250000928,AUDITEUR,"Finance, Banque, Assurance, Comptabilité & Fiscalité",POINTE-NOIRE,CDD,Emploi Temporaire,HORUS SA,,1.0,2025-04-03 00:00:00,,,,pointe-noire,"AUDITEUR Finance, Banque, Assurance, Comptabilité & Fiscalité"
JOB250000929,Chauffeur,"Transport, Logistique & Supply Chain",POINTE-NOIRE,CDD,Emploi Temporaire,HORUS SA,,1.0,2025-04-03 00:00:00,,,,pointe-noire,"Chauffeur Transport, Logistique & Supply Chain"
JOB250002344,Chauffeur Poids Lourds,"Transport, Logistique & Supply Chain",Kouilou,CDD,Emploi Temporaire,HORUS SA,,20.0,2025-10-03 00:00:00,,,,kouilou,"Chauffeur Poids Lourds Transport, Logistique & Supply Chain"
JOB250002345,Controleur de Gestion,"Transport, Logistique & Supply Chain",Kouilou,CDD,Emploi Temporaire,HORUS SA,,1.0,2025-10-03 00:00:00,,,,kouilou,"Controleur de Gestion Transport, Logistique & Supply Chain"
JOB250001563,BUANDIER,Nettoyage & Blanchisserie,POINTE-NOIRE,CDD,Emploi Temporaire,HOTEL  LAURIA ATLANTIC,,1.0,2025-07-01 00:00:00,,,,pointe-noire,BUANDIER Nettoyage & Blanchisserie
JOB250001564,Réceptionniste,Hôtellerie - Restauration,POINTE-NOIRE,CDD,Emploi Temporaire,HOTEL  LAURIA ATLANTIC,,1.0,2025-07-01 00:00:00,,,,pointe-noire,Réceptionniste Hôtellerie - Restauration
JOB250001565,VALET DE CHAMBRE,Hôtellerie - Restauration,POINTE-NOIRE,CDD,Emploi Temporaire,HOTEL  LAURIA ATLANTIC,,1.0,2025-07-01 00:00:00,,,,pointe-noire,VALET DE CHAMBRE Hôtellerie - Restauration
JOB250001654,Area Business Development Manager,"Commerce, Vente, Marketing & Distribution",POINTE-NOIRE,CDI,Emploi Durable,HUMAN RESOURCE SOLUTIONS (HSD) CONGO LTD,,1.0,2025-07-09 00:00:00,,,,pointe-noire,"Area Business Development Manager Commerce, Vente, Marketing & Distribution"
JOB250001533,Assistant de Direction,"Énergie, Environnement & Eau",BRAZZAVILLE,CDD,Emploi Temporaire,ICARE SERVICES SARLU,,1.0,2025-06-26 00:00:00,,,,brazzaville,"Assistant de Direction Énergie, Environnement & Eau"
JOB250001535,RESPONSABLE QUALITE HYGIENE SECURITE ET ENVIRONNEMENT,"Énergie, Environnement & Eau",BRAZZAVILLE,CDD,Emploi Temporaire,ICARE SERVICES SARLU,,1.0,2025-06-27 00:00:00,,,,brazzaville,"RESPONSABLE QUALITE HYGIENE SECURITE ET ENVIRONNEMENT Énergie, Environnement & Eau"
NONREF000022,Assistant administratif cpt,Gestion Administrative,POINTE-NOIRE,CDD,Emploi Temporaire,IECD,,1.0,2025-01-09 00:00:00,,,,pointe-noire,Assistant administratif cpt Gestion Administrative
NONREF000038,Assistante Administratif,"Éducation, Formation & Enseignement",POINTE-NOIRE,CDD,Emploi Temporaire,IECD,,1.0,2025-02-14 00:00:00,,,,pointe-noire,"Assistante Administratif Éducation, Formation & Enseignement"
NONREF000236,Stagiaire en pisciculture,"Éducation, Formation & Enseignement",POINTE-NOIRE,CDD,Emploi Temporaire,IECD,,1.0,2025-02-14 00:00:00,,,,pointe-noire,"Stagiaire en pisciculture Éducation, Formation & Enseignement"
JOB250000973,CHARGEDE RELATIONS ET PARTENARIAT,Recherche et Développement,POINTE-NOIRE,CDD,Emploi Temporaire,IECD (INSTITUT EUROPEEN DE COOPERATION ET DE DEVELOPPEMENT),,1.0,2025-04-24 00:00:00,,,,pointe-noire,CHARGEDE RELATIONS ET PARTENARIAT Recherche et Développement
JOB250002768,Assistant Technique,"Conseil, Stratégie & Gestion des Ressources Humaines",POINTE-NOIRE,CDD,Emploi Temporaire,IECD (INSTITUT EUROPEEN DE COOPERATION ET DE DEVELOPPEMENT),,1.0,2025-12-05 00:00:00,,,,pointe-noire,"Assistant Technique Conseil, Stratégie & Gestion des Ressources Humaines"
JOB250002772,Assistant Administratif et Comptable,"Conseil, Stratégie & Gestion des Ressources Humaines",POINTE-NOIRE,CDD,Emploi Temporaire,IECD (INSTITUT EUROPEEN DE COOPERATION ET DE DEVELOPPEMENT),,1.0,2025-12-05 00:00:00,,,,pointe-noire,"Assistant Administratif et Comptable Conseil, Stratégie & Gestion des Ressources Humaines"
JOB250002829,Expert Pédagogique et Employabilité,"Éducation, Formation & Enseignement",POINTE-NOIRE,CDD,Emploi Temporaire,IECD (INSTITUT EUROPEEN DE COOPERATION ET DE DEVELOPPEMENT),,1.0,2025-12-15 00:00:00,,,,pointe-noire,"Expert Pédagogique et Employabilité Éducation, Formation & Enseignement"
JOB250002830,Chargé de Suivi de Projet,"Éducation, Formation & Enseignement",POINTE-NOIRE,CDD,Emploi Temporaire,IECD (INSTITUT EUROPEEN DE COOPERATION ET DE DEVELOPPEMENT),,1.0,2025-12-15 00:00:00,,,,pointe-noire,"Chargé de Suivi de Projet Éducation, Formation & Enseignement"
NONREF000115,Directeur Adm et financier,"Transport, Logistique & Supply Chain",POINTE-NOIRE,CDD,Emploi Temporaire,IMC LOGISTIC,,1.0,2025-01-16 00:00:00,,,,pointe-noire,"Directeur Adm et financier Transport, Logistique & Supply Chain"
NONREF000123,Directeur RH,"Conseil, Stratégie & Gestion des Ressources Humaines",POINTE-NOIRE,CDD,Emploi Temporaire,IMC LOGISTIC,,1.0,2025-01-16 00:00:00,,,,pointe-noire,"Directeur RH Conseil, Stratégie & Gestion des Ressources Humaines"
NONREF000174,Mécanicien chef de garage,"Transport, Logistique & Supply Chain",POINTE-NOIRE,CDD,Emploi Temporaire,IMC LOGISTIC,,1.0,2025-01-16 00:00:00,,,,pointe-noire,"Mécanicien chef de garage Transport, Logistique & Supply Chain"
NONREF000208,Responsable achats passation,"Éducation, Formation & Enseignement",POINTE-NOIRE,CDD,Emploi Temporaire,IMC LOGISTIC,,1.0,2025-01-16 00:00:00,,,,pointe-noire,"Responsable achats passation Éducation, Formation & Enseignement"
JOB250001192,"Superviseur de l'environnement , santé et de la sécurité au travail","Bâtiment, Travaux Publics & Aménagement du Territoire",BRAZZAVILLE,CDD,Emploi Temporaire,IMEX ENVIRONNEMENT S.AS,,1.0,2025-05-21 00:00:00,,,,brazzaville,"Superviseur de l'environnement , santé et de la sécurité au travail Bâtiment, Travaux Publics & Aménagement du Territoire"
JOB250001211,Ingenieur en construction,"Bâtiment, Travaux Publics & Aménagement du Territoire",BRAZZAVILLE,Contrat d'intérim,Emploi Temporaire,IMEX ENVIRONNEMENT S.AS,,1.0,2025-05-22 00:00:00,,,,brazzaville,"Ingenieur en construction Bâtiment, Travaux Publics & Aménagement du Territoire"
JOB250001248,Superviseur de l'ingénierie,"Énergie, Environnement & Eau",BRAZZAVILLE,CDD,Emploi Temporaire,IMEX ENVIRONNEMENT S.AS,,1.0,2025-05-27 00:00:00,,,,brazzaville,"Superviseur de l'ingénierie Énergie, Environnement & Eau"
JOB250001819,Recrutement en externes des (MOA) (H),"Énergie, Environnement & Eau",NKAYI,CDD,Emploi Temporaire,IMEX ENVIRONNEMENT S.AS,,1.0,2025-07-30 00:00:00,,,,nkayi,"Recrutement en externes des (MOA) (H) Énergie, Environnement & Eau"
JOB250002343,GESTIONNAIRE IMMOBILIER,"Commerce, Vente, Marketing & Distribution",BRAZZAVILLE,CDD,Emploi Temporaire,IMMO INVEST PATRIMOINE,,1.0,2025-10-03 00:00:00,,,,brazzaville,"GESTIONNAIRE IMMOBILIER Commerce, Vente, Marketing & Distribution"
JOB250002347,COMPTABLE FISCALISTE,"Commerce, Vente, Marketing & Distribution",BRAZZAVILLE,CDD,Emploi Temporaire,IMMO INVEST PATRIMOINE,,1.0,2025-10-03 00:00:00,,,,brazzaville,"COMPTABLE FISCALISTE Commerce, Vente, Marketing & Distribution"
JOB250002025,Responsable communication & Relations publiques,"Pétrole, Gaz & Hydrocarbures",BRAZZAVILLE,CDD,Emploi Temporaire,IMPERATUS ENERGY,,1.0,2025-08-21 00:00:00,,,,brazzaville,"Responsable communication & Relations publiques Pétrole, Gaz & Hydrocarbures"
JOB250002026,Responsable Contrôle Interne,"Finance, Banque, Assurance, Comptabilité & Fiscalité",BRAZZAVILLE,CDD,Emploi Temporaire,IMPERATUS ENERGY,,1.0,2025-08-21 00:00:00,,,,brazzaville,"Responsable Contrôle Interne Finance, Banque, Assurance, Comptabilité & Fiscalité"
JOB250002027,Assistant de Direction,"Conseil, Stratégie & Gestion des Ressources Humaines",BRAZZAVILLE,CDD,Emploi Temporaire,IMPERATUS ENERGY,,1.0,2025-08-21 00:00:00,,,,brazzaville,"Assistant de Direction Conseil, Stratégie & Gestion des Ressources Humaines"
JOB250001566,ASSISTANT ADMINISTRATIF,"Conseil, Stratégie & Gestion des Ressources Humaines",POINTE-NOIRE,CDD,Emploi Temporaire,IMPRIMERIE CENTRALE D'AFRIQUE,,1.0,2025-07-01 00:00:00,,,,pointe-noire,"ASSISTANT ADMINISTRATIF Conseil, Stratégie & Gestion des Ressources Humaines"
JOB250002801,DIRECTEUR TECHNIQUE EN INDUSTRIES GRAPHIQUES,Divers,POINTE-NOIRE,CDI,Emploi Durable,IMPRIMERIE CENTRALE D'AFRIQUE,,1.0,2025-12-11 00:00:00,,,,pointe-noire,DIRECTEUR TECHNIQUE EN INDUSTRIES GRAPHIQUES Divers
JOB250002186,Chef de l’Atelier Mécanique,"Industrie, Production & Maintenance",OUESSO,CDI,Emploi Durable,INDUSTRIE FORESTIERE DE OUESSO ( IFO),,1.0,2025-09-09 00:00:00,,,,ouesso,"Chef de l’Atelier Mécanique Industrie, Production & Maintenance"
JOB250002188,Responsable Ligne Horizontale,"Industrie, Production & Maintenance",OUESSO,CDI,Emploi Durable,INDUSTRIE FORESTIERE DE OUESSO ( IFO),,1.0,2025-09-09 00:00:00,,,,ouesso,"Responsable Ligne Horizontale Industrie, Production & Maintenance"
JOB250002189,Coordinateur des équipes de nuit des Industrie,"Industrie, Production & Maintenance",OUESSO,CDI,Emploi Durable,INDUSTRIE FORESTIERE DE OUESSO ( IFO),,1.0,2025-09-09 00:00:00,,,,ouesso,"Coordinateur des équipes de nuit des Industrie Industrie, Production & Maintenance"
JOB250002387,ADJOINT AU CHEF DE SERVICE LAMELLÉ-COLLÉ,Exploitation Forestière & Bois,OUESSO,CDI,Emploi Durable,INDUSTRIE FORESTIERE DE OUESSO ( IFO),,1.0,2025-10-09 00:00:00,,,,ouesso,ADJOINT AU CHEF DE SERVICE LAMELLÉ-COLLÉ Exploitation Forestière & Bois
JOB250002401,RESPONSABLE FINANCIER,Exploitation Forestière & Bois,OUESSO,CDI,Emploi Durable,INDUSTRIE FORESTIERE DE OUESSO ( IFO),,1.0,2025-10-09 00:00:00,,,,ouesso,RESPONSABLE FINANCIER Exploitation Forestière & Bois
JOB250002402,ADJOINT AU DIRECTEUR DES USINES,Exploitation Forestière & Bois,OUESSO,CDI,Emploi Durable,INDUSTRIE FORESTIERE DE OUESSO ( IFO),,1.0,2025-10-09 00:00:00,,,,ouesso,ADJOINT AU DIRECTEUR DES USINES Exploitation Forestière & Bois
JOB250002404,DIRECTEUR GÉNÉRAL ADJOINT,Exploitation Forestière & Bois,OUESSO,CDI,Emploi Durable,INDUSTRIE FORESTIERE DE OUESSO ( IFO),,1.0,2025-10-10 00:00:00,,,,ouesso,DIRECTEUR GÉNÉRAL ADJOINT Exploitation Forestière & Bois
JOB250002515,DIRECTEUR FORÊT,Exploitation Forestière & Bois,OUESSO,CDI,Emploi Durable,INDUSTRIE FORESTIERE DE OUESSO ( IFO),,1.0,2025-10-25 00:00:00,,,,ouesso,DIRECTEUR FORÊT Exploitation Forestière & Bois
JOB250002516,DIRECTEUR TECHNIQUE,Exploitation Forestière & Bois,OUESSO,CDI,Emploi Durable,INDUSTRIE FORESTIERE DE OUESSO ( IFO),,1.0,2025-10-25 00:00:00,,,,ouesso,DIRECTEUR TECHNIQUE Exploitation Forestière & Bois
JOB250000974,TECHNICIEN FIBRE OPTIQUE,"Commerce, Vente, Marketing & Distribution",POINTE-NOIRE,CDD,Emploi Temporaire,INFRACOM,,1.0,2025-04-24 00:00:00,,,,pointe-noire,"TECHNICIEN FIBRE OPTIQUE Commerce, Vente, Marketing & Distribution"
JOB250000981,Aide Technique,"Commerce, Vente, Marketing & Distribution",POINTE-NOIRE,CDD,Emploi Temporaire,INFRACOM,,2.0,2025-04-24 00:00:00,,,,pointe-noire,"Aide Technique Commerce, Vente, Marketing & Distribution"
JOB250000982,MECANICIEN TRICYCLE,"Industrie, Production & Maintenance",POINTE-NOIRE,CDD,Emploi Temporaire,INFRACOM,,1.0,2025-04-24 00:00:00,,,,pointe-noire,"MECANICIEN TRICYCLE Industrie, Production & Maintenance"
JOB250001719,TECHNICIENS FIBRE OPTIQUE,"Commerce, Vente, Marketing & Distribution",POINTE-NOIRE,CDD,Emploi Temporaire,INFRACOM,,3.0,2025-07-21 00:00:00,,,,pointe-noire,"TECHNICIENS FIBRE OPTIQUE Commerce, Vente, Marketing & Distribution"
JOB250001867,Technicien Superieur en Fibre Optique,"Informatique, Data, Télécommunications & Digital",POINTE-NOIRE,CDD,Emploi Temporaire,INFRACOM,,1.0,2025-08-05 00:00:00,,,,pointe-noire,"Technicien Superieur en Fibre Optique Informatique, Data, Télécommunications & Digital"
JOB250001868,TECHNICIENS FIBRE OPTIQUE,"Informatique, Data, Télécommunications & Digital",POINTE-NOIRE,CDD,Emploi Temporaire,INFRACOM,,9.0,2025-08-05 00:00:00,,,,pointe-noire,"TECHNICIENS FIBRE OPTIQUE Informatique, Data, Télécommunications & Digital"
JOB250001869,CHAUFFEUR KAVAKI,"Transport, Logistique & Supply Chain",POINTE-NOIRE,CDD,Emploi Temporaire,INFRACOM,,1.0,2025-08-05 00:00:00,,,,pointe-noire,"CHAUFFEUR KAVAKI Transport, Logistique & Supply Chain"
JOB250002083,Chef d'Equipe de Chantier,"Bâtiment, Travaux Publics & Aménagement du Territoire",POINTE-NOIRE,CDD,Emploi Temporaire,INFRACOM,,1.0,2025-09-01 00:00:00,,,,pointe-noire,"Chef d'Equipe de Chantier Bâtiment, Travaux Publics & Aménagement du Territoire"
JOB250002122,Responsable Fibre Optique,"Informatique, Data, Télécommunications & Digital",POINTE-NOIRE,CDD,Emploi Temporaire,INFRACOM,,1.0,2025-09-04 00:00:00,,,,pointe-noire,"Responsable Fibre Optique Informatique, Data, Télécommunications & Digital"
JOB250002123,Aide Technicien Fibre Optique,"Informatique, Data, Télécommunications & Digital",POINTE-NOIRE,CDD,Emploi Temporaire,INFRACOM,,1.0,2025-09-04 00:00:00,,,,pointe-noire,"Aide Technicien Fibre Optique Informatique, Data, Télécommunications & Digital"
JOB250002124,Technicienne Monteuse Fibre Optique,"Informatique, Data, Télécommunications & Digital",POINTE-NOIRE,CDD,Emploi Temporaire,INFRACOM,,1.0,2025-09-04 00:00:00,,,,pointe-noire,"Technicienne Monteuse Fibre Optique Informatique, Data, Télécommunications & Digital"
JOB250002125,TechnicienFibre Optique,"Informatique, Data, Télécommunications & Digital",POINTE-NOIRE,CDD,Emploi Temporaire,INFRACOM,,1.0,2025-09-04 00:00:00,,,,pointe-noire,"TechnicienFibre Optique Informatique, Data, Télécommunications & Digital"
JOB250002126,Chauffeur Kavaki,"Transport, Logistique & Supply Chain",POINTE-NOIRE,CDD,Emploi Temporaire,INFRACOM,,1.0,2025-09-04 00:00:00,,,,pointe-noire,"Chauffeur Kavaki Transport, Logistique & Supply Chain"
JOB250002534,Chauffeur,"Transport, Logistique & Supply Chain",POINTE-NOIRE,CDD,Emploi Temporaire,INFRACOM,,1.0,2025-10-28 00:00:00,,,,pointe-noire,"Chauffeur Transport, Logistique & Supply Chain"
JOB250002535,Superviseur Fibre Optique,"Informatique, Data, Télécommunications & Digital",POINTE-NOIRE,CDD,Emploi Temporaire,INFRACOM,,1.0,2025-10-28 00:00:00,,,,pointe-noire,"Superviseur Fibre Optique Informatique, Data, Télécommunications & Digital"
JOB250002539,Technicien Fibre Optique,"Informatique, Data, Télécommunications & Digital",POINTE-NOIRE,CDD,Emploi Temporaire,INFRACOM,,1.0,2025-10-29 00:00:00,,,,pointe-noire,"Technicien Fibre Optique Informatique, Data, Télécommunications & Digital"
JOB250001368,ASSISTANT TRESORERIE,"Finance, Banque, Assurance, Comptabilité & Fiscalité",BRAZZAVILLE,CDD,Emploi Temporaire,INTELLIGENCYA SKILLS,,1.0,2025-06-11 00:00:00,,,,brazzaville,"ASSISTANT TRESORERIE Finance, Banque, Assurance, Comptabilité & Fiscalité"
JOB250001374,AssistantComptable,"Finance, Banque, Assurance, Comptabilité & Fiscalité",BRAZZAVILLE,CDI,Emploi Durable,INTELLIGENCYA SKILLS,,1.0,2025-06-11 00:00:00,,,,brazzaville,"AssistantComptable Finance, Banque, Assurance, Comptabilité & Fiscalité"
JOB250001376,ASSISTANT DE DIRECTION,"Commerce, Vente, Marketing & Distribution",BRAZZAVILLE,CDD,Emploi Temporaire,INTELLIGENCYA SKILLS,,1.0,2025-06-11 00:00:00,,,,brazzaville,"ASSISTANT DE DIRECTION Commerce, Vente, Marketing & Distribution"
JOB250001834,Agent suivi et recouvrement,"Finance, Banque, Assurance, Comptabilité & Fiscalité",BRAZZAVILLE,CDD,Emploi Temporaire,INTELLIGENCYA SKILLS,,1.0,2025-08-01 00:00:00,,,,brazzaville,"Agent suivi et recouvrement Finance, Banque, Assurance, Comptabilité & Fiscalité"
JOB250001835,Agent Ressources Humaines,"Conseil, Stratégie & Gestion des Ressources Humaines",BRAZZAVILLE,CDD,Emploi Temporaire,INTELLIGENCYA SKILLS,,1.0,2025-08-01 00:00:00,,,,brazzaville,"Agent Ressources Humaines Conseil, Stratégie & Gestion des Ressources Humaines"
JOB250001846,RESPONSABLE PROJET,"Commerce, Vente, Marketing & Distribution",BRAZZAVILLE,CDD,Emploi Temporaire,INTELLIGENCYA SKILLS,,1.0,2025-08-04 00:00:00,,,,brazzaville,"RESPONSABLE PROJET Commerce, Vente, Marketing & Distribution"
JOB250001847,Réceptionniste,"Commerce, Vente, Marketing & Distribution",BRAZZAVILLE,CDD,Emploi Temporaire,INTELLIGENCYA SKILLS,,1.0,2025-08-04 00:00:00,,,,brazzaville,"Réceptionniste Commerce, Vente, Marketing & Distribution"
JOB250001849,ASSISTANT COMMERCIAL,"Commerce, Vente, Marketing & Distribution",BRAZZAVILLE,CDD,Emploi Temporaire,INTELLIGENCYA SKILLS,,1.0,2025-08-04 00:00:00,,,,brazzaville,"ASSISTANT COMMERCIAL Commerce, Vente, Marketing & Distribution"
JOB250001850,TECHNICIEN DE MAINTENANCE INFORMATIQUE,"Commerce, Vente, Marketing & Distribution",BRAZZAVILLE,CDD,Emploi Temporaire,INTELLIGENCYA SKILLS,,1.0,2025-08-04 00:00:00,,,,brazzaville,"TECHNICIEN DE MAINTENANCE INFORMATIQUE Commerce, Vente, Marketing & Distribution"
JOB250001851,Controleur de Gestion,"Finance, Banque, Assurance, Comptabilité & Fiscalité",BRAZZAVILLE,CDD,Emploi Temporaire,INTELLIGENCYA SKILLS,,1.0,2025-08-04 00:00:00,,,,brazzaville,"Controleur de Gestion Finance, Banque, Assurance, Comptabilité & Fiscalité"
JOB250001852,Assistant d'approvisionnement,"Finance, Banque, Assurance, Comptabilité & Fiscalité",BRAZZAVILLE,CDD,Emploi Temporaire,INTELLIGENCYA SKILLS,,1.0,2025-08-04 00:00:00,,,,brazzaville,"Assistant d'approvisionnement Finance, Banque, Assurance, Comptabilité & Fiscalité"
JOB250001863,ADMINISTRATEUR BASE DE DONNEES,"Commerce, Vente, Marketing & Distribution",BRAZZAVILLE,CDD,Emploi Temporaire,INTELLIGENCYA SKILLS,,1.0,2025-08-05 00:00:00,,,,brazzaville,"ADMINISTRATEUR BASE DE DONNEES Commerce, Vente, Marketing & Distribution"
JOB250001901,AGENT DISTRIBUTION COURRIER,"Commerce, Vente, Marketing & Distribution",BRAZZAVILLE,CDD,Emploi Temporaire,INTELLIGENCYA SKILLS,,1.0,2025-08-08 00:00:00,,,,brazzaville,"AGENT DISTRIBUTION COURRIER Commerce, Vente, Marketing & Distribution"
JOB250001918,ANALYSTE FINANCIER,"Finance, Banque, Assurance, Comptabilité & Fiscalité",BRAZZAVILLE,CDD,Emploi Temporaire,INTELLIGENCYA SKILLS,,1.0,2025-08-12 00:00:00,,,,brazzaville,"ANALYSTE FINANCIER Finance, Banque, Assurance, Comptabilité & Fiscalité"
JOB250001920,ASSISTANT DE DIRECTION BILLINGUE,"Commerce, Vente, Marketing & Distribution",BRAZZAVILLE,CDD,Emploi Temporaire,INTELLIGENCYA SKILLS,,1.0,2025-08-12 00:00:00,,,,brazzaville,"ASSISTANT DE DIRECTION BILLINGUE Commerce, Vente, Marketing & Distribution"
JOB250001967,ASSISTANT ADMINISTRATIF BILINGUE,"Conseil, Stratégie & Gestion des Ressources Humaines",BRAZZAVILLE,CDD,Emploi Temporaire,INTELLIGENCYA SKILLS,,1.0,2025-08-18 00:00:00,,,,brazzaville,"ASSISTANT ADMINISTRATIF BILINGUE Conseil, Stratégie & Gestion des Ressources Humaines"
JOB250001968,AGENT MARKETING ET COMMUNICATION,"Commerce, Vente, Marketing & Distribution",BRAZZAVILLE,CDD,Emploi Temporaire,INTELLIGENCYA SKILLS,,1.0,2025-08-18 00:00:00,,,,brazzaville,"AGENT MARKETING ET COMMUNICATION Commerce, Vente, Marketing & Distribution"
JOB250001978,ASSISTANT COMMERCIAL,"Commerce, Vente, Marketing & Distribution",BRAZZAVILLE,CDD,Emploi Temporaire,INTELLIGENCYA SKILLS,,1.0,2025-08-19 00:00:00,,,,brazzaville,"ASSISTANT COMMERCIAL Commerce, Vente, Marketing & Distribution"
JOB250001980,SUPERVISEUR CHARGE DE RECOUVREMENT,"Commerce, Vente, Marketing & Distribution",BRAZZAVILLE,CDD,Emploi Temporaire,INTELLIGENCYA SKILLS,,1.0,2025-08-19 00:00:00,,,,brazzaville,"SUPERVISEUR CHARGE DE RECOUVREMENT Commerce, Vente, Marketing & Distribution"
JOB250002685,Chargé de la Supervision et des Flux de Données,"Informatique, Data, Télécommunications & Digital",BRAZZAVILLE,CDD,Emploi Temporaire,INTELLIGENCYA SKILLS,,1.0,2025-11-20 00:00:00,,,,brazzaville,"Chargé de la Supervision et des Flux de Données Informatique, Data, Télécommunications & Digital"
JOB250002686,Chargé des achats,"Transport, Logistique & Supply Chain",POINTE-NOIRE,CDD,Emploi Temporaire,INTELLIGENCYA SKILLS,,1.0,2025-11-20 00:00:00,,,,pointe-noire,"Chargé des achats Transport, Logistique & Supply Chain"
JOB250002703,Chargé de protocole,"Éducation, Formation & Enseignement",POINTE-NOIRE,CDD,Emploi Temporaire,INTELLIGENCYA SKILLS,,1.0,2025-11-24 00:00:00,,,,pointe-noire,"Chargé de protocole Éducation, Formation & Enseignement"
JOB250002706,Chef de piste,"Transport, Logistique & Supply Chain",POINTE-NOIRE,CDD,Emploi Temporaire,INTELLIGENCYA SKILLS,,1.0,2025-11-24 00:00:00,,,,pointe-noire,"Chef de piste Transport, Logistique & Supply Chain"
JOB250002709,Médecin Intérimaire,"Santé, Pharmacie & Recherche Scientifique",BRAZZAVILLE,CDD,Emploi Temporaire,INTELLIGENCYA SKILLS,,1.0,2025-11-24 00:00:00,,,,brazzaville,"Médecin Intérimaire Santé, Pharmacie & Recherche Scientifique"
JOB250002710,Chargédu centre d'écoute,"Commerce, Vente, Marketing & Distribution",BRAZZAVILLE,CDD,Emploi Temporaire,INTELLIGENCYA SKILLS,,1.0,2025-11-24 00:00:00,,,,brazzaville,"Chargédu centre d'écoute Commerce, Vente, Marketing & Distribution"
JOB250002719,Agent chargéd'évaluation,"Informatique, Data, Télécommunications & Digital",BRAZZAVILLE,CDD,Emploi Temporaire,INTELLIGENCYA SKILLS,,1.0,2025-11-25 00:00:00,,,,brazzaville,"Agent chargéd'évaluation Informatique, Data, Télécommunications & Digital"
JOB250002721,Assistant aux contrats,Droit et Justice,BRAZZAVILLE,CDD,Emploi Temporaire,INTELLIGENCYA SKILLS,,1.0,2025-11-25 00:00:00,,,,brazzaville,Assistant aux contrats Droit et Justice
JOB250002722,ASSISTANT CONTROLE DE GESTION,"Commerce, Vente, Marketing & Distribution",BRAZZAVILLE,CDD,Emploi Temporaire,INTELLIGENCYA SKILLS,,1.0,2025-11-25 00:00:00,,,,brazzaville,"ASSISTANT CONTROLE DE GESTION Commerce, Vente, Marketing & Distribution"
JOB250002723,Assistant audit interne,"Finance, Banque, Assurance, Comptabilité & Fiscalité",BRAZZAVILLE,CDD,Emploi Temporaire,INTELLIGENCYA SKILLS,,1.0,2025-11-25 00:00:00,,,,brazzaville,"Assistant audit interne Finance, Banque, Assurance, Comptabilité & Fiscalité"
JOB250002725,Assistant infographe,"Informatique, Data, Télécommunications & Digital",BRAZZAVILLE,CDD,Emploi Temporaire,INTELLIGENCYA SKILLS,,1.0,2025-11-25 00:00:00,,,,brazzaville,"Assistant infographe Informatique, Data, Télécommunications & Digital"
JOB250002726,CAISSIER,"Finance, Banque, Assurance, Comptabilité & Fiscalité",BRAZZAVILLE,CDD,Emploi Temporaire,INTELLIGENCYA SKILLS,,1.0,2025-11-25 00:00:00,,,,brazzaville,"CAISSIER Finance, Banque, Assurance, Comptabilité & Fiscalité"
JOB250002727,CHARGE DE LA CONFORMITE DES PKI,"Commerce, Vente, Marketing & Distribution",BOUNDJI,CDD,Emploi Temporaire,INTELLIGENCYA SKILLS,,1.0,2025-11-25 00:00:00,,,,boundji,"CHARGE DE LA CONFORMITE DES PKI Commerce, Vente, Marketing & Distribution"
NONREF000255,Aide Chaudronnier,"Conseil, Stratégie & Gestion des Ressources Humaines",Bouenza,CDD,Emploi Temporaire,Interim 2000,,3.0,Février,,,,bouenza,"Aide Chaudronnier Conseil, Stratégie & Gestion des Ressources Humaines"
NONREF000256,Aide Electricien,"Conseil, Stratégie & Gestion des Ressources Humaines",Bouenza,CDD,Emploi Temporaire,Interim 2000,,3.0,Février,,,,bouenza,"Aide Electricien Conseil, Stratégie & Gestion des Ressources Humaines"
NONREF000257,Aide Laborantin,"Conseil, Stratégie & Gestion des Ressources Humaines",Bouenza,CDD,Emploi Temporaire,Interim 2000,,4.0,Février,,,,bouenza,"Aide Laborantin Conseil, Stratégie & Gestion des Ressources Humaines"
NONREF000258,Aide Laborantin,"Conseil, Stratégie & Gestion des Ressources Humaines",Bouenza,CDD,Emploi Temporaire,Interim 2000,,4.0,Février,,,,bouenza,"Aide Laborantin Conseil, Stratégie & Gestion des Ressources Humaines"
NONREF000261,Aide Soudeur,"Conseil, Stratégie & Gestion des Ressources Humaines",Bouenza,CDD,Emploi Temporaire,Interim 2000,,3.0,Février,,,,bouenza,"Aide Soudeur Conseil, Stratégie & Gestion des Ressources Humaines"
NONREF000262,AP Carton 25 Kg,"Conseil, Stratégie & Gestion des Ressources Humaines",Bouenza,CDD,Emploi Temporaire,Interim 2000,,6.0,Février,,,,bouenza,"AP Carton 25 Kg Conseil, Stratégie & Gestion des Ressources Humaines"
NONREF000266,Chargeur Trenie,"Conseil, Stratégie & Gestion des Ressources Humaines",Bouenza,CDD,Emploi Temporaire,Interim 2000,,3.0,Février,,,,bouenza,"Chargeur Trenie Conseil, Stratégie & Gestion des Ressources Humaines"
NONREF000268,Chaudronnier,"Conseil, Stratégie & Gestion des Ressources Humaines",Bouenza,CDD,Emploi Temporaire,Interim 2000,,2.0,Février,,,,bouenza,"Chaudronnier Conseil, Stratégie & Gestion des Ressources Humaines"
NONREF000272,Chef d'équipe,"Conseil, Stratégie & Gestion des Ressources Humaines",Bouenza,CDD,Emploi Temporaire,Interim 2000,,1.0,Février,,,,bouenza,"Chef d'équipe Conseil, Stratégie & Gestion des Ressources Humaines"
NONREF000273,Chef d'équipe,"Conseil, Stratégie & Gestion des Ressources Humaines",Bouenza,CDD,Emploi Temporaire,Interim 2000,,4.0,Février,,,,bouenza,"Chef d'équipe Conseil, Stratégie & Gestion des Ressources Humaines"
NONREF000286,Chef d'équpe Distillation,"Conseil, Stratégie & Gestion des Ressources Humaines",Bouenza,CDD,Emploi Temporaire,Interim 2000,,4.0,Février,,,,bouenza,"Chef d'équpe Distillation Conseil, Stratégie & Gestion des Ressources Humaines"
NONREF000292,Echantillonneur,"Conseil, Stratégie & Gestion des Ressources Humaines",Bouenza,CDD,Emploi Temporaire,Interim 2000,,4.0,Février,,,,bouenza,"Echantillonneur Conseil, Stratégie & Gestion des Ressources Humaines"
NONREF000294,Electricien,"Conseil, Stratégie & Gestion des Ressources Humaines",Bouenza,CDD,Emploi Temporaire,Interim 2000,,4.0,Février,,,,bouenza,"Electricien Conseil, Stratégie & Gestion des Ressources Humaines"
NONREF000297,Electricien OP,"Conseil, Stratégie & Gestion des Ressources Humaines",Bouenza,CDD,Emploi Temporaire,Interim 2000,,5.0,Février,,,,bouenza,"Electricien OP Conseil, Stratégie & Gestion des Ressources Humaines"
NONREF000298,Encartonneuse,"Conseil, Stratégie & Gestion des Ressources Humaines",Bouenza,CDD,Emploi Temporaire,Interim 2000,,6.0,Février,,,,bouenza,"Encartonneuse Conseil, Stratégie & Gestion des Ressources Humaines"
NONREF000301,Laborantin,"Conseil, Stratégie & Gestion des Ressources Humaines",Bouenza,CDD,Emploi Temporaire,Interim 2000,,3.0,Février,,,,bouenza,"Laborantin Conseil, Stratégie & Gestion des Ressources Humaines"
NONREF000302,Laborantin,"Conseil, Stratégie & Gestion des Ressources Humaines",Bouenza,CDD,Emploi Temporaire,Interim 2000,,4.0,Février,,,,bouenza,"Laborantin Conseil, Stratégie & Gestion des Ressources Humaines"
NONREF000303,Laborantin,"Conseil, Stratégie & Gestion des Ressources Humaines",Bouenza,CDD,Emploi Temporaire,Interim 2000,,3.0,Février,,,,bouenza,"Laborantin Conseil, Stratégie & Gestion des Ressources Humaines"
NONREF000304,Laborantin,"Conseil, Stratégie & Gestion des Ressources Humaines",Bouenza,CDD,Emploi Temporaire,Interim 2000,,4.0,Février,,,,bouenza,"Laborantin Conseil, Stratégie & Gestion des Ressources Humaines"
NONREF000305,Laborantin,"Conseil, Stratégie & Gestion des Ressources Humaines",Bouenza,CDD,Emploi Temporaire,Interim 2000,,4.0,Février,,,,bouenza,"Laborantin Conseil, Stratégie & Gestion des Ressources Humaines"
NONREF000310,Manœuvre,"Conseil, Stratégie & Gestion des Ressources Humaines",Bouenza,CDD,Emploi Temporaire,Interim 2000,,2.0,Février,,,,bouenza,"Manœuvre Conseil, Stratégie & Gestion des Ressources Humaines"
NONREF000311,Manœuvre,"Conseil, Stratégie & Gestion des Ressources Humaines",Bouenza,CDD,Emploi Temporaire,Interim 2000,,12.0,Février,,,,bouenza,"Manœuvre Conseil, Stratégie & Gestion des Ressources Humaines"
NONREF000312,Manœuvre,"Conseil, Stratégie & Gestion des Ressources Humaines",Bouenza,CDD,Emploi Temporaire,Interim 2000,,4.0,Février,,,,bouenza,"Manœuvre Conseil, Stratégie & Gestion des Ressources Humaines"
NONREF000313,Manutentionnaire,"Conseil, Stratégie & Gestion des Ressources Humaines",Bouenza,CDD,Emploi Temporaire,Interim 2000,,42.0,Février,,,,bouenza,"Manutentionnaire Conseil, Stratégie & Gestion des Ressources Humaines"
NONREF000314,Mécanicien,"Conseil, Stratégie & Gestion des Ressources Humaines",Bouenza,CDD,Emploi Temporaire,Interim 2000,,2.0,Février,,,,bouenza,"Mécanicien Conseil, Stratégie & Gestion des Ressources Humaines"
NONREF000315,Mécanicien,"Conseil, Stratégie & Gestion des Ressources Humaines",Bouenza,CDD,Emploi Temporaire,Interim 2000,,4.0,Février,,,,bouenza,"Mécanicien Conseil, Stratégie & Gestion des Ressources Humaines"
NONREF000335,Mécanicien OP,"Conseil, Stratégie & Gestion des Ressources Humaines",Bouenza,CDD,Emploi Temporaire,Interim 2000,,8.0,Février,,,,bouenza,"Mécanicien OP Conseil, Stratégie & Gestion des Ressources Humaines"
NONREF000336,Mécanicien OP,"Conseil, Stratégie & Gestion des Ressources Humaines",Bouenza,CDD,Emploi Temporaire,Interim 2000,,2.0,Février,,,,bouenza,"Mécanicien OP Conseil, Stratégie & Gestion des Ressources Humaines"
NONREF000338,Mécanicien OQ,"Conseil, Stratégie & Gestion des Ressources Humaines",Bouenza,CDD,Emploi Temporaire,Interim 2000,,6.0,Février,,,,bouenza,"Mécanicien OQ Conseil, Stratégie & Gestion des Ressources Humaines"
NONREF000339,Mécanicien OQ,"Conseil, Stratégie & Gestion des Ressources Humaines",Bouenza,CDD,Emploi Temporaire,Interim 2000,,15.0,Février,,,,bouenza,"Mécanicien OQ Conseil, Stratégie & Gestion des Ressources Humaines"
NONREF000340,Mécanicien OS,"Conseil, Stratégie & Gestion des Ressources Humaines",Bouenza,CDD,Emploi Temporaire,Interim 2000,,5.0,Février,,,,bouenza,"Mécanicien OS Conseil, Stratégie & Gestion des Ressources Humaines"
NONREF000341,Mécanicien OS,"Conseil, Stratégie & Gestion des Ressources Humaines",Bouenza,CDD,Emploi Temporaire,Interim 2000,,3.0,Février,,,,bouenza,"Mécanicien OS Conseil, Stratégie & Gestion des Ressources Humaines"
NONREF000342,Mécanicien OS,"Conseil, Stratégie & Gestion des Ressources Humaines",Bouenza,CDD,Emploi Temporaire,Interim 2000,,5.0,Février,,,,bouenza,"Mécanicien OS Conseil, Stratégie & Gestion des Ressources Humaines"
NONREF000343,Mécanicien OS,"Conseil, Stratégie & Gestion des Ressources Humaines",Bouenza,CDD,Emploi Temporaire,Interim 2000,,3.0,Février,,,,bouenza,"Mécanicien OS Conseil, Stratégie & Gestion des Ressources Humaines"
NONREF000344,Mécanicien OS,"Conseil, Stratégie & Gestion des Ressources Humaines",Bouenza,CDD,Emploi Temporaire,Interim 2000,,7.0,Février,,,,bouenza,"Mécanicien OS Conseil, Stratégie & Gestion des Ressources Humaines"
NONREF000351,Meuleur Arcing,"Conseil, Stratégie & Gestion des Ressources Humaines",Bouenza,CDD,Emploi Temporaire,Interim 2000,,2.0,Février,,,,bouenza,"Meuleur Arcing Conseil, Stratégie & Gestion des Ressources Humaines"
NONREF000353,Opérateur,"Conseil, Stratégie & Gestion des Ressources Humaines",Bouenza,CDD,Emploi Temporaire,Interim 2000,,4.0,Février,,,,bouenza,"Opérateur Conseil, Stratégie & Gestion des Ressources Humaines"
NONREF000354,Opérateur,"Conseil, Stratégie & Gestion des Ressources Humaines",Bouenza,CDD,Emploi Temporaire,Interim 2000,,4.0,Février,,,,bouenza,"Opérateur Conseil, Stratégie & Gestion des Ressources Humaines"
NONREF000358,Opérateur Distillation,"Conseil, Stratégie & Gestion des Ressources Humaines",Bouenza,CDD,Emploi Temporaire,Interim 2000,,4.0,Février,,,,bouenza,"Opérateur Distillation Conseil, Stratégie & Gestion des Ressources Humaines"
NONREF000359,Opérateur Fermentation,"Conseil, Stratégie & Gestion des Ressources Humaines",Bouenza,CDD,Emploi Temporaire,Interim 2000,,4.0,Février,,,,bouenza,"Opérateur Fermentation Conseil, Stratégie & Gestion des Ressources Humaines"
NONREF000362,Opérateur Teaux,"Conseil, Stratégie & Gestion des Ressources Humaines",Bouenza,CDD,Emploi Temporaire,Interim 2000,,4.0,Février,,,,bouenza,"Opérateur Teaux Conseil, Stratégie & Gestion des Ressources Humaines"
NONREF000363,Opérateur USE,"Conseil, Stratégie & Gestion des Ressources Humaines",Bouenza,CDD,Emploi Temporaire,Interim 2000,,4.0,Février,,,,bouenza,"Opérateur USE Conseil, Stratégie & Gestion des Ressources Humaines"
NONREF000364,Ouvrier Qualifié,"Conseil, Stratégie & Gestion des Ressources Humaines",Bouenza,CDD,Emploi Temporaire,Interim 2000,,11.0,Février,,,,bouenza,"Ouvrier Qualifié Conseil, Stratégie & Gestion des Ressources Humaines"
NONREF000365,Paletisseur,"Conseil, Stratégie & Gestion des Ressources Humaines",Bouenza,CDD,Emploi Temporaire,Interim 2000,,2.0,Février,,,,bouenza,"Paletisseur Conseil, Stratégie & Gestion des Ressources Humaines"
NONREF000366,Paletisseur,"Conseil, Stratégie & Gestion des Ressources Humaines",Bouenza,CDD,Emploi Temporaire,Interim 2000,,2.0,Février,,,,bouenza,"Paletisseur Conseil, Stratégie & Gestion des Ressources Humaines"
NONREF000372,Regleur,"Conseil, Stratégie & Gestion des Ressources Humaines",Bouenza,CDD,Emploi Temporaire,Interim 2000,,4.0,Février,,,,bouenza,"Regleur Conseil, Stratégie & Gestion des Ressources Humaines"
NONREF000379,Soudeur,"Conseil, Stratégie & Gestion des Ressources Humaines",Bouenza,CDD,Emploi Temporaire,Interim 2000,,6.0,Février,,,,bouenza,"Soudeur Conseil, Stratégie & Gestion des Ressources Humaines"
NONREF000380,Soudeur,"Conseil, Stratégie & Gestion des Ressources Humaines",Bouenza,CDD,Emploi Temporaire,Interim 2000,,6.0,Février,,,,bouenza,"Soudeur Conseil, Stratégie & Gestion des Ressources Humaines"
NONREF000382,Soudeur OP,"Conseil, Stratégie & Gestion des Ressources Humaines",Bouenza,CDD,Emploi Temporaire,Interim 2000,,3.0,Février,,,,bouenza,"Soudeur OP Conseil, Stratégie & Gestion des Ressources Humaines"
NONREF000385,Soudeur OQ,"Conseil, Stratégie & Gestion des Ressources Humaines",Bouenza,CDD,Emploi Temporaire,Interim 2000,,3.0,Février,,,,bouenza,"Soudeur OQ Conseil, Stratégie & Gestion des Ressources Humaines"
NONREF000390,Tourneur,"Conseil, Stratégie & Gestion des Ressources Humaines",Bouenza,CDD,Emploi Temporaire,Interim 2000,,2.0,Février,,,,bouenza,"Tourneur Conseil, Stratégie & Gestion des Ressources Humaines"
NONREF000392,Tourneur Cylindre,"Conseil, Stratégie & Gestion des Ressources Humaines",Bouenza,CDD,Emploi Temporaire,Interim 2000,,2.0,Février,,,,bouenza,"Tourneur Cylindre Conseil, Stratégie & Gestion des Ressources Humaines"
NONREF000393,Tourneur Cylindre,"Conseil, Stratégie & Gestion des Ressources Humaines",Bouenza,CDD,Emploi Temporaire,Interim 2000,,1.0,Février,,,,bouenza,"Tourneur Cylindre Conseil, Stratégie & Gestion des Ressources Humaines"
JOB250002059,Assistant Achats et Opérations,"Transport, Logistique & Supply Chain",POINTE-NOIRE,CDD,Emploi Temporaire,INTERPRO,,1.0,2025-08-27 00:00:00,,,,pointe-noire,"Assistant Achats et Opérations Transport, Logistique & Supply Chain"
JOB250002153,Assistant Ressources Humaines,"Conseil, Stratégie & Gestion des Ressources Humaines",POINTE-NOIRE,CDD,Emploi Temporaire,INTERPRO,,1.0,2025-09-06 00:00:00,,,,pointe-noire,"Assistant Ressources Humaines Conseil, Stratégie & Gestion des Ressources Humaines"
STG250001167,"Assistant en recouvrement, conseil aux Entreprises et Développement commercial","Finance, Banque, Assurance, Comptabilité & Fiscalité",POINTE-NOIRE,Stage professionnel,Stages Classiques,InterTrade Solutions,,1.0,2025-05-15 00:00:00,,,,pointe-noire,"Assistant en recouvrement, conseil aux Entreprises et Développement commercial Finance, Banque, Assurance, Comptabilité & Fiscalité"
JOB250002042,Technicien HSE,"Assurance Qualité, Contrôle, Testing (QHSE)",POINTE-NOIRE,CDD,Emploi Temporaire,ITMS SA,,1.0,2025-08-26 00:00:00,,,,pointe-noire,"Technicien HSE Assurance Qualité, Contrôle, Testing (QHSE)"
JOB250002044,Opérateur WORKOVER,"Pétrole, Gaz & Hydrocarbures",POINTE-NOIRE,CDD,Emploi Temporaire,ITMS SA,,1.0,2025-08-26 00:00:00,,,,pointe-noire,"Opérateur WORKOVER Pétrole, Gaz & Hydrocarbures"
JOB250001904,RESPONSABLE MARKETING,"Commerce, Vente, Marketing & Distribution",POINTE-NOIRE,CDI,Emploi Durable,JAIPUR TRAVELS,,1.0,2025-08-08 00:00:00,,,,pointe-noire,"RESPONSABLE MARKETING Commerce, Vente, Marketing & Distribution"
JOB250001905,Chef d'Agence,"Tourisme, Loisirs & Voyages",POINTE-NOIRE,CDI,Emploi Durable,JAIPUR TRAVELS,,1.0,2025-08-08 00:00:00,,,,pointe-noire,"Chef d'Agence Tourisme, Loisirs & Voyages"
JOB250001906,Auditeur Financier,"Finance, Banque, Assurance, Comptabilité & Fiscalité",POINTE-NOIRE,CDI,Emploi Durable,JAIPUR TRAVELS,,1.0,2025-08-08 00:00:00,,,,pointe-noire,"Auditeur Financier Finance, Banque, Assurance, Comptabilité & Fiscalité"
JOB250001907,AUDITEUR INTERNE,"Finance, Banque, Assurance, Comptabilité & Fiscalité",POINTE-NOIRE,CDI,Emploi Durable,JAIPUR TRAVELS,,1.0,2025-08-08 00:00:00,,,,pointe-noire,"AUDITEUR INTERNE Finance, Banque, Assurance, Comptabilité & Fiscalité"
JOB250000845,Manœuvre,"Conseil, Stratégie & Gestion des Ressources Humaines",POINTE-NOIRE,CDD,Emploi Temporaire,JOB CREATION,,4.0,2025-03-13 00:00:00,,,,pointe-noire,"Manœuvre Conseil, Stratégie & Gestion des Ressources Humaines"
NONREF000015,Aide comptable,"Commerce, Vente, Marketing & Distribution",POINTE-NOIRE,CDD,Emploi Temporaire,JOB CREATION,,1.0,2025-03-18 00:00:00,,,,pointe-noire,"Aide comptable Commerce, Vente, Marketing & Distribution"
NONREF000072,Chauffeurs poids lègers,"Commerce, Vente, Marketing & Distribution",POINTE-NOIRE,CDD,Emploi Temporaire,JOB CREATION,,1.0,2025-01-07 00:00:00,,,,pointe-noire,"Chauffeurs poids lègers Commerce, Vente, Marketing & Distribution"
NONREF000086,Commercial,"Commerce, Vente, Marketing & Distribution",POINTE-NOIRE,CDD,Emploi Temporaire,JOB CREATION,,1.0,2025-01-07 00:00:00,,,,pointe-noire,"Commercial Commerce, Vente, Marketing & Distribution"
NONREF000088,Commercial,"Commerce, Vente, Marketing & Distribution",POINTE-NOIRE,CDD,Emploi Temporaire,JOB CREATION,,1.0,2025-01-08 00:00:00,,,,pointe-noire,"Commercial Commerce, Vente, Marketing & Distribution"
NONREF000168,Manoeuvres,"Commerce, Vente, Marketing & Distribution",POINTE-NOIRE,CDD,Emploi Temporaire,JOB CREATION,,1.0,2025-01-13 00:00:00,,,,pointe-noire,"Manoeuvres Commerce, Vente, Marketing & Distribution"
NONREF000169,Manoeuvres,"Commerce, Vente, Marketing & Distribution",POINTE-NOIRE,CDD,Emploi Temporaire,JOB CREATION,,6.0,2025-01-27 00:00:00,,,,pointe-noire,"Manoeuvres Commerce, Vente, Marketing & Distribution"
JOB250002433,Manœuvre,Divers,POINTE-NOIRE,CDD,Emploi Temporaire,JOB CREATION,,1.0,2025-10-16 00:00:00,,,,pointe-noire,Manœuvre Divers
NONREF000006,Agent de comptoir livraison,"Commerce, Vente, Marketing & Distribution",POINTE-NOIRE,CDD,Emploi Temporaire,KACC,,1.0,2025-01-03 00:00:00,,,,pointe-noire,"Agent de comptoir livraison Commerce, Vente, Marketing & Distribution"
NONREF000012,Agent gate PCC,"Commerce, Vente, Marketing & Distribution",POINTE-NOIRE,CDD,Emploi Temporaire,KACC,,1.0,2025-01-03 00:00:00,,,,pointe-noire,"Agent gate PCC Commerce, Vente, Marketing & Distribution"
NONREF000191,Pompiste,"Commerce, Vente, Marketing & Distribution",POINTE-NOIRE,CDD,Emploi Temporaire,KACC,,1.0,2025-01-03 00:00:00,,,,pointe-noire,"Pompiste Commerce, Vente, Marketing & Distribution"
NONREF000250,Usineur,"Commerce, Vente, Marketing & Distribution",POINTE-NOIRE,CDD,Emploi Temporaire,KACC,,1.0,2025-01-03 00:00:00,,,,pointe-noire,"Usineur Commerce, Vente, Marketing & Distribution"
JOB250001945,SALES AND DISTRIBUTION SUPERVISOR COORDINATION-DISTRIBUTION TELECOM,"Informatique, Data, Télécommunications & Digital",BRAZZAVILLE,CDD,Emploi Temporaire,KAIROS,,1.0,2025-08-13 00:00:00,,,,brazzaville,"SALES AND DISTRIBUTION SUPERVISOR COORDINATION-DISTRIBUTION TELECOM Informatique, Data, Télécommunications & Digital"
JOB250002110,Responsable des Opérations,"Industrie, Production & Maintenance",POINTE-NOIRE,CDD,Emploi Temporaire,K-CHIMIE,,1.0,2025-09-02 00:00:00,,,,pointe-noire,"Responsable des Opérations Industrie, Production & Maintenance"
JOB250001534,MAGASINIER,"Pétrole, Gaz & Hydrocarbures",POINTE-NOIRE,CDD,Emploi Temporaire,KIMI &  CO,,1.0,2025-06-27 00:00:00,,,,pointe-noire,"MAGASINIER Pétrole, Gaz & Hydrocarbures"
JOB250002744,Chargé D'affaires,"Finance, Banque, Assurance, Comptabilité & Fiscalité",Kouilou,CDI,Emploi Durable,KJ PREFAB,,1.0,2025-11-27 00:00:00,,,,kouilou,"Chargé D'affaires Finance, Banque, Assurance, Comptabilité & Fiscalité"
JOB250002208,Assistant de Direction,"Transport, Logistique & Supply Chain",POINTE-NOIRE,CDD,Emploi Temporaire,KLN PROJECT LOGISTICS CONGO,,1.0,2025-09-10 00:00:00,,,,pointe-noire,"Assistant de Direction Transport, Logistique & Supply Chain"
JOB250002209,RESPONSABLE RESSOURCES HUMAINES,"Transport, Logistique & Supply Chain",POINTE-NOIRE,CDD,Emploi Temporaire,KLN PROJECT LOGISTICS CONGO,,1.0,2025-09-10 00:00:00,,,,pointe-noire,"RESPONSABLE RESSOURCES HUMAINES Transport, Logistique & Supply Chain"
JOB250002326,Agent d'expédition,"Transport, Logistique & Supply Chain",POINTE-NOIRE,CDD,Emploi Temporaire,KLN PROJECT LOGISTICS CONGO,,1.0,2025-10-01 00:00:00,,,,pointe-noire,"Agent d'expédition Transport, Logistique & Supply Chain"
JOB250002328,Agent Transit Maritime,"Transport, Logistique & Supply Chain",POINTE-NOIRE,CDD,Emploi Temporaire,KLN PROJECT LOGISTICS CONGO,,1.0,2025-10-01 00:00:00,,,,pointe-noire,"Agent Transit Maritime Transport, Logistique & Supply Chain"
JOB250002430,Agent relation client Chinois,"Transport, Logistique & Supply Chain",POINTE-NOIRE,CDD,Emploi Temporaire,KLN PROJECT LOGISTICS CONGO,,1.0,2025-10-14 00:00:00,,,,pointe-noire,"Agent relation client Chinois Transport, Logistique & Supply Chain"
JOB250002175,Assistant de Direction,"Conseil, Stratégie & Gestion des Ressources Humaines",BRAZZAVILLE,CDD,Emploi Temporaire,KONTINENT CONGO,,1.0,2025-09-09 00:00:00,,,,brazzaville,"Assistant de Direction Conseil, Stratégie & Gestion des Ressources Humaines"
JOB250001729,TECHNICIEN ISP,"Commerce, Vente, Marketing & Distribution",BRAZZAVILLE,CDD,Emploi Temporaire,KOUILOU ASSISTANCE CONSEIL CONGO ( KACC),,1.0,2025-07-22 00:00:00,,,,brazzaville,"TECHNICIEN ISP Commerce, Vente, Marketing & Distribution"
JOB250001730,AGENT NOC,"Commerce, Vente, Marketing & Distribution",BRAZZAVILLE,CDD,Emploi Temporaire,KOUILOU ASSISTANCE CONSEIL CONGO ( KACC),,1.0,2025-07-22 00:00:00,,,,brazzaville,"AGENT NOC Commerce, Vente, Marketing & Distribution"
JOB250001732,AGENT NOC,"Commerce, Vente, Marketing & Distribution",BRAZZAVILLE,CDD,Emploi Temporaire,KOUILOU ASSISTANCE CONSEIL CONGO ( KACC),,1.0,2025-07-22 00:00:00,,,,brazzaville,"AGENT NOC Commerce, Vente, Marketing & Distribution"
JOB250001733,SUPERVISEUR OSP,"Commerce, Vente, Marketing & Distribution",BRAZZAVILLE,CDD,Emploi Temporaire,KOUILOU ASSISTANCE CONSEIL CONGO ( KACC),,1.0,2025-07-22 00:00:00,,,,brazzaville,"SUPERVISEUR OSP Commerce, Vente, Marketing & Distribution"
JOB250001735,AGENT OSP,"Commerce, Vente, Marketing & Distribution",BRAZZAVILLE,CDD,Emploi Temporaire,KOUILOU ASSISTANCE CONSEIL CONGO ( KACC),,1.0,2025-07-22 00:00:00,,,,brazzaville,"AGENT OSP Commerce, Vente, Marketing & Distribution"
JOB250001858,AGENT OSP,"Informatique, Data, Télécommunications & Digital",POINTE-NOIRE,CDD,Emploi Temporaire,KOUILOU ASSISTANCE CONSEIL CONGO ( KACC),,1.0,2025-08-04 00:00:00,,,,pointe-noire,"AGENT OSP Informatique, Data, Télécommunications & Digital"
JOB250001891,Aide Technicien de Maintenance FFE,"Pétrole, Gaz & Hydrocarbures",POINTE-NOIRE,CDD,Emploi Temporaire,KOUILOU ASSISTANCE CONSEIL CONGO ( KACC),,1.0,2025-08-07 00:00:00,,,,pointe-noire,"Aide Technicien de Maintenance FFE Pétrole, Gaz & Hydrocarbures"
JOB250001892,Technicien de Maintenance FFE,"Pétrole, Gaz & Hydrocarbures",POINTE-NOIRE,CDD,Emploi Temporaire,KOUILOU ASSISTANCE CONSEIL CONGO ( KACC),,1.0,2025-08-07 00:00:00,,,,pointe-noire,"Technicien de Maintenance FFE Pétrole, Gaz & Hydrocarbures"
JOB250001893,Superviseur Maintenance FFE,"Pétrole, Gaz & Hydrocarbures",POINTE-NOIRE,CDD,Emploi Temporaire,KOUILOU ASSISTANCE CONSEIL CONGO ( KACC),,1.0,2025-08-07 00:00:00,,,,pointe-noire,"Superviseur Maintenance FFE Pétrole, Gaz & Hydrocarbures"
JOB250001897,AGENT GEOMARKETING,"Commerce, Vente, Marketing & Distribution",BRAZZAVILLE,CDD,Emploi Temporaire,KOUILOU ASSISTANCE CONSEIL CONGO ( KACC),,1.0,2025-08-08 00:00:00,,,,brazzaville,"AGENT GEOMARKETING Commerce, Vente, Marketing & Distribution"
JOB250001898,EQUIPIER FIBRE,"Informatique, Data, Télécommunications & Digital",BRAZZAVILLE,CDD,Emploi Temporaire,KOUILOU ASSISTANCE CONSEIL CONGO ( KACC),,1.0,2025-08-08 00:00:00,,,,brazzaville,"EQUIPIER FIBRE Informatique, Data, Télécommunications & Digital"
JOB250001900,CHEF DE PROJET,"Conseil, Stratégie & Gestion des Ressources Humaines",BRAZZAVILLE,CDD,Emploi Temporaire,KOUILOU ASSISTANCE CONSEIL CONGO ( KACC),,1.0,2025-08-08 00:00:00,,,,brazzaville,"CHEF DE PROJET Conseil, Stratégie & Gestion des Ressources Humaines"
JOB250002274,Responsable Asset Intégrité,"Pétrole, Gaz & Hydrocarbures",POINTE-NOIRE,CDD,Emploi Temporaire,KOUILOU ASSISTANCE CONSEIL CONGO ( KACC),,1.0,2025-09-19 00:00:00,,,,pointe-noire,"Responsable Asset Intégrité Pétrole, Gaz & Hydrocarbures"
JOB250002275,Superviseur Electriciens Puits,"Pétrole, Gaz & Hydrocarbures",POINTE-NOIRE,CDD,Emploi Temporaire,KOUILOU ASSISTANCE CONSEIL CONGO ( KACC),,1.0,2025-09-19 00:00:00,,,,pointe-noire,"Superviseur Electriciens Puits Pétrole, Gaz & Hydrocarbures"
JOB250002282,Ingénieur Bilan Matière et Allocation,"Pétrole, Gaz & Hydrocarbures",POINTE-NOIRE,CDD,Emploi Temporaire,KOUILOU ASSISTANCE CONSEIL CONGO ( KACC),,1.0,2025-09-23 00:00:00,,,,pointe-noire,"Ingénieur Bilan Matière et Allocation Pétrole, Gaz & Hydrocarbures"
JOB250002283,RESPONSABLE RESSOURCES HUMAINES,"Conseil, Stratégie & Gestion des Ressources Humaines",POINTE-NOIRE,CDD,Emploi Temporaire,KOUILOU ASSISTANCE CONSEIL CONGO ( KACC),,1.0,2025-09-23 00:00:00,,,,pointe-noire,"RESPONSABLE RESSOURCES HUMAINES Conseil, Stratégie & Gestion des Ressources Humaines"
JOB250002360,Coordonnateur HSE,"Assurance Qualité, Contrôle, Testing (QHSE)",POINTE-NOIRE,CDD,Emploi Temporaire,KOUILOU ASSISTANCE CONSEIL CONGO ( KACC),,1.0,2025-10-07 00:00:00,,,,pointe-noire,"Coordonnateur HSE Assurance Qualité, Contrôle, Testing (QHSE)"
JOB250002477,TECHNICIEN ISP,"Informatique, Data, Télécommunications & Digital",POINTE-NOIRE,CDD,Emploi Temporaire,KOUILOU ASSISTANCE CONSEIL CONGO ( KACC),,1.0,2025-10-22 00:00:00,,,,pointe-noire,"TECHNICIEN ISP Informatique, Data, Télécommunications & Digital"
JOB250002478,Aide Vendeur à Domicile,"Informatique, Data, Télécommunications & Digital",POINTE-NOIRE,CDD,Emploi Temporaire,KOUILOU ASSISTANCE CONSEIL CONGO ( KACC),,1.0,2025-10-22 00:00:00,,,,pointe-noire,"Aide Vendeur à Domicile Informatique, Data, Télécommunications & Digital"
JOB250002567,Assistant Sécurité Environnement ( ASE),"Industrie, Production & Maintenance",POINTE-NOIRE,CDD,Emploi Temporaire,KOUILOU ASSISTANCE CONSEIL CONGO ( KACC),,1.0,2025-11-04 00:00:00,,,,pointe-noire,"Assistant Sécurité Environnement ( ASE) Industrie, Production & Maintenance"
JOB250002570,Chargé de Recrutement,"Conseil, Stratégie & Gestion des Ressources Humaines",POINTE-NOIRE,CDD,Emploi Temporaire,KOUILOU ASSISTANCE CONSEIL CONGO ( KACC),,1.0,2025-11-04 00:00:00,,,,pointe-noire,"Chargé de Recrutement Conseil, Stratégie & Gestion des Ressources Humaines"
JOB250002575,Chef d'Equipe Monteur,"Industrie, Production & Maintenance",POINTE-NOIRE,CDD,Emploi Temporaire,KOUILOU ASSISTANCE CONSEIL CONGO ( KACC),,1.0,2025-11-04 00:00:00,,,,pointe-noire,"Chef d'Equipe Monteur Industrie, Production & Maintenance"
JOB250002578,Monteur,"Industrie, Production & Maintenance",POINTE-NOIRE,CDD,Emploi Temporaire,KOUILOU ASSISTANCE CONSEIL CONGO ( KACC),,1.0,2025-11-04 00:00:00,,,,pointe-noire,"Monteur Industrie, Production & Maintenance"
JOB250002701,Responsable magasin,"Commerce, Vente, Marketing & Distribution",POINTE-NOIRE,CDD,Emploi Temporaire,KOUILOU ASSISTANCE CONSEIL CONGO ( KACC),,1.0,2025-11-24 00:00:00,,,,pointe-noire,"Responsable magasin Commerce, Vente, Marketing & Distribution"
JOB250002702,AssistantBureau d'Etude et Chargé d'Affaires,"Industrie, Production & Maintenance",POINTE-NOIRE,CDD,Emploi Temporaire,KOUILOU ASSISTANCE CONSEIL CONGO ( KACC),,1.0,2025-11-24 00:00:00,,,,pointe-noire,"AssistantBureau d'Etude et Chargé d'Affaires Industrie, Production & Maintenance"
JOB250002705,Chef de Section Mécanique,"Énergie, Environnement & Eau",POINTE-NOIRE,CDD,Emploi Temporaire,KOUILOU ASSISTANCE CONSEIL CONGO ( KACC),,1.0,2025-11-24 00:00:00,,,,pointe-noire,"Chef de Section Mécanique Énergie, Environnement & Eau"
JOB250002755,Chauffeur,"Transport, Logistique & Supply Chain",POINTE-NOIRE,CDD,Emploi Temporaire,KOUILOU ASSISTANCE CONSEIL CONGO ( KACC),,1.0,2025-12-02 00:00:00,,,,pointe-noire,"Chauffeur Transport, Logistique & Supply Chain"
JOB250002756,MAGASINIER,"Transport, Logistique & Supply Chain",POINTE-NOIRE,CDD,Emploi Temporaire,KOUILOU ASSISTANCE CONSEIL CONGO ( KACC),,1.0,2025-12-02 00:00:00,,,,pointe-noire,"MAGASINIER Transport, Logistique & Supply Chain"
JOB250002757,Technicien de Maintenance,"Transport, Logistique & Supply Chain",POINTE-NOIRE,CDD,Emploi Temporaire,KOUILOU ASSISTANCE CONSEIL CONGO ( KACC),,5.0,2025-12-02 00:00:00,,,,pointe-noire,"Technicien de Maintenance Transport, Logistique & Supply Chain"
JOB250002758,Technicien de surface,"Énergie, Environnement & Eau",POINTE-NOIRE,CDD,Emploi Temporaire,KOUILOU ASSISTANCE CONSEIL CONGO ( KACC),,1.0,2025-12-02 00:00:00,,,,pointe-noire,"Technicien de surface Énergie, Environnement & Eau"
JOB250002775,Coordinateur Maintenance Offshore,"Pétrole, Gaz & Hydrocarbures",POINTE-NOIRE,CDD,Emploi Temporaire,KOUILOU ASSISTANCE CONSEIL CONGO ( KACC),,1.0,2025-12-05 00:00:00,,,,pointe-noire,"Coordinateur Maintenance Offshore Pétrole, Gaz & Hydrocarbures"
JOB250002776,Manager QHSE,"Assurance Qualité, Contrôle, Testing (QHSE)",POINTE-NOIRE,CDD,Emploi Temporaire,KOUILOU ASSISTANCE CONSEIL CONGO ( KACC),,1.0,2025-12-08 00:00:00,,,,pointe-noire,"Manager QHSE Assurance Qualité, Contrôle, Testing (QHSE)"
JOB250002777,Chef de Site,"Pétrole, Gaz & Hydrocarbures",POINTE-NOIRE,CDD,Emploi Temporaire,KOUILOU ASSISTANCE CONSEIL CONGO ( KACC),,1.0,2025-12-08 00:00:00,,,,pointe-noire,"Chef de Site Pétrole, Gaz & Hydrocarbures"
JOB250002778,Compagny Man Workover,"Pétrole, Gaz & Hydrocarbures",POINTE-NOIRE,CDD,Emploi Temporaire,KOUILOU ASSISTANCE CONSEIL CONGO ( KACC),,1.0,2025-12-08 00:00:00,,,,pointe-noire,"Compagny Man Workover Pétrole, Gaz & Hydrocarbures"
JOB250002779,Responsable Logistique Oil and Gas,"Pétrole, Gaz & Hydrocarbures",POINTE-NOIRE,CDD,Emploi Temporaire,KOUILOU ASSISTANCE CONSEIL CONGO ( KACC),,1.0,2025-12-08 00:00:00,,,,pointe-noire,"Responsable Logistique Oil and Gas Pétrole, Gaz & Hydrocarbures"
JOB250002780,Ingénieur Workover,"Pétrole, Gaz & Hydrocarbures",POINTE-NOIRE,CDD,Emploi Temporaire,KOUILOU ASSISTANCE CONSEIL CONGO ( KACC),,1.0,2025-12-08 00:00:00,,,,pointe-noire,"Ingénieur Workover Pétrole, Gaz & Hydrocarbures"
JOB250002781,Ingénieur Electrique,"Pétrole, Gaz & Hydrocarbures",POINTE-NOIRE,CDD,Emploi Temporaire,KOUILOU ASSISTANCE CONSEIL CONGO ( KACC),,1.0,2025-12-08 00:00:00,,,,pointe-noire,"Ingénieur Electrique Pétrole, Gaz & Hydrocarbures"
JOB250002782,INGENIEUR INSTRUMENTATION,"Pétrole, Gaz & Hydrocarbures",POINTE-NOIRE,CDD,Emploi Temporaire,KOUILOU ASSISTANCE CONSEIL CONGO ( KACC),,1.0,2025-12-08 00:00:00,,,,pointe-noire,"INGENIEUR INSTRUMENTATION Pétrole, Gaz & Hydrocarbures"
JOB250002783,Technicien Cable Moyenne,"Pétrole, Gaz & Hydrocarbures",POINTE-NOIRE,CDD,Emploi Temporaire,KOUILOU ASSISTANCE CONSEIL CONGO ( KACC),,1.0,2025-12-08 00:00:00,,,,pointe-noire,"Technicien Cable Moyenne Pétrole, Gaz & Hydrocarbures"
JOB250002784,Technicien Fibre Optique- Cables Sous-Marins,"Pétrole, Gaz & Hydrocarbures",POINTE-NOIRE,CDD,Emploi Temporaire,KOUILOU ASSISTANCE CONSEIL CONGO ( KACC),,1.0,2025-12-08 00:00:00,,,,pointe-noire,"Technicien Fibre Optique- Cables Sous-Marins Pétrole, Gaz & Hydrocarbures"
JOB250001214,Technicien en RH,"Conseil, Stratégie & Gestion des Ressources Humaines",POINTE-NOIRE,CDD,Emploi Temporaire,KOUILOU ASSISTANCE CONSEILS CONGO,,1.0,2025-05-22 00:00:00,,,,pointe-noire,"Technicien en RH Conseil, Stratégie & Gestion des Ressources Humaines"
JOB250002569,RESPONSABLE RESSOURCES HUMAINES,"Conseil, Stratégie & Gestion des Ressources Humaines",POINTE-NOIRE,CDI,Emploi Durable,KRONOS,,1.0,2025-11-04 00:00:00,,,,pointe-noire,"RESPONSABLE RESSOURCES HUMAINES Conseil, Stratégie & Gestion des Ressources Humaines"
JOB250002574,AUDITEUR INTERNE,"Finance, Banque, Assurance, Comptabilité & Fiscalité",POINTE-NOIRE,CDI,Emploi Durable,KRONOS,,1.0,2025-11-04 00:00:00,,,,pointe-noire,"AUDITEUR INTERNE Finance, Banque, Assurance, Comptabilité & Fiscalité"
JOB250002596,COMPTABLE,"Finance, Banque, Assurance, Comptabilité & Fiscalité",POINTE-NOIRE,CDI,Emploi Durable,KRONOS,,1.0,2025-11-05 00:00:00,,,,pointe-noire,"COMPTABLE Finance, Banque, Assurance, Comptabilité & Fiscalité"
JOB250001419,Directeur des Activités,"Bâtiment, Travaux Publics & Aménagement du Territoire",BRAZZAVILLE,CDD,Emploi Temporaire,LA CONGOLAISE DES ROUTES,,1.0,2025-06-16 00:00:00,,,,brazzaville,"Directeur des Activités Bâtiment, Travaux Publics & Aménagement du Territoire"
JOB250002426,Responsable contenu,"Communication, Médias & Événementiel",BRAZZAVILLE,CDD,Emploi Temporaire,LA CONGOLAISE DES ROUTES,,1.0,2025-10-13 00:00:00,,,,brazzaville,"Responsable contenu Communication, Médias & Événementiel"
JOB250002613,Analyst Data,"Informatique, Data, Télécommunications & Digital",BRAZZAVILLE,CDI,Emploi Durable,LA CONGOLAISE DES ROUTES,,1.0,2025-11-07 00:00:00,,,,brazzaville,"Analyst Data Informatique, Data, Télécommunications & Digital"
JOB250002616,Administrateur des Ventes et Relations clients,Divers,BRAZZAVILLE,CDI,Emploi Durable,LA CONGOLAISE DES ROUTES,,1.0,2025-11-07 00:00:00,,,,brazzaville,Administrateur des Ventes et Relations clients Divers
JOB250002813,Assistant d'Opération,Divers,BRAZZAVILLE,CDI,Emploi Durable,LA CONGOLAISE DES ROUTES,,1.0,2025-12-12 00:00:00,,,,brazzaville,Assistant d'Opération Divers
JOB250002416,Chef du projet,"Pétrole, Gaz & Hydrocarbures",POINTE-NOIRE,CDI,Emploi Durable,LA POINTE,,1.0,2025-10-11 00:00:00,,,,pointe-noire,"Chef du projet Pétrole, Gaz & Hydrocarbures"
JOB250002450,Personnel de direction et d'encadrement,Hôtellerie - Restauration,BRAZZAVILLE,CDD,Emploi Temporaire,LA POINTE,,1.0,2025-10-20 00:00:00,,,,brazzaville,Personnel de direction et d'encadrement Hôtellerie - Restauration
JOB250002451,Directeurde magasin,"Conseil, Stratégie & Gestion des Ressources Humaines",BRAZZAVILLE,CDD,Emploi Temporaire,LA POINTE,,1.0,2025-10-20 00:00:00,,,,brazzaville,"Directeurde magasin Conseil, Stratégie & Gestion des Ressources Humaines"
JOB250002452,Directeur adjoint ou adjointe,"Conseil, Stratégie & Gestion des Ressources Humaines",BRAZZAVILLE,CDD,Emploi Temporaire,LA POINTE,,1.0,2025-10-20 00:00:00,,,,brazzaville,"Directeur adjoint ou adjointe Conseil, Stratégie & Gestion des Ressources Humaines"
JOB250002453,Responsable de secteur,"Commerce, Vente, Marketing & Distribution",BRAZZAVILLE,CDD,Emploi Temporaire,LA POINTE,,1.0,2025-10-20 00:00:00,,,,brazzaville,"Responsable de secteur Commerce, Vente, Marketing & Distribution"
JOB250002454,Chef de caisse,"Finance, Banque, Assurance, Comptabilité & Fiscalité",BRAZZAVILLE,CDD,Emploi Temporaire,LA POINTE,,1.0,2025-10-20 00:00:00,,,,brazzaville,"Chef de caisse Finance, Banque, Assurance, Comptabilité & Fiscalité"
JOB250002455,Personnel de vente et de service client,"Commerce, Vente, Marketing & Distribution",BRAZZAVILLE,CDD,Emploi Temporaire,LA POINTE,,1.0,2025-10-20 00:00:00,,,,brazzaville,"Personnel de vente et de service client Commerce, Vente, Marketing & Distribution"
JOB250002456,Chef de rayon,"Commerce, Vente, Marketing & Distribution",BRAZZAVILLE,CDD,Emploi Temporaire,LA POINTE,,1.0,2025-10-20 00:00:00,,,,brazzaville,"Chef de rayon Commerce, Vente, Marketing & Distribution"
JOB250002457,"Employéde libre-service (ou employé de rayon, vendeur, mise en rayon)","Commerce, Vente, Marketing & Distribution",BRAZZAVILLE,CDD,Emploi Temporaire,LA POINTE,,1.0,2025-10-20 00:00:00,,,,brazzaville,"Employéde libre-service (ou employé de rayon, vendeur, mise en rayon) Commerce, Vente, Marketing & Distribution"
JOB250002458,Hôtede caisse,"Commerce, Vente, Marketing & Distribution",BRAZZAVILLE,CDD,Emploi Temporaire,LA POINTE,,1.0,2025-10-20 00:00:00,,,,brazzaville,"Hôtede caisse Commerce, Vente, Marketing & Distribution"
JOB250002459,Employé Drive,"Commerce, Vente, Marketing & Distribution",BRAZZAVILLE,CDD,Emploi Temporaire,LA POINTE,,1.0,2025-10-20 00:00:00,,,,brazzaville,"Employé Drive Commerce, Vente, Marketing & Distribution"
JOB250002460,Vendeur conseil,"Commerce, Vente, Marketing & Distribution",BRAZZAVILLE,CDD,Emploi Temporaire,LA POINTE,,1.0,2025-10-20 00:00:00,,,,brazzaville,"Vendeur conseil Commerce, Vente, Marketing & Distribution"
JOB250002461,Préparateur de commandes drive,"Commerce, Vente, Marketing & Distribution",BRAZZAVILLE,CDD,Emploi Temporaire,LA POINTE,,1.0,2025-10-20 00:00:00,,,,brazzaville,"Préparateur de commandes drive Commerce, Vente, Marketing & Distribution"
JOB250002462,Personnel spécialisé,"Commerce, Vente, Marketing & Distribution",BRAZZAVILLE,CDD,Emploi Temporaire,LA POINTE,,1.0,2025-10-20 00:00:00,,,,brazzaville,"Personnel spécialisé Commerce, Vente, Marketing & Distribution"
JOB250002463,"Artisan en rayon traditionnel (Boulanger, Boucher, Poissonnier, Pâtissier, etc.)",Hôtellerie - Restauration,BRAZZAVILLE,CDD,Emploi Temporaire,LA POINTE,,1.0,2025-10-20 00:00:00,,,,brazzaville,"Artisan en rayon traditionnel (Boulanger, Boucher, Poissonnier, Pâtissier, etc.) Hôtellerie - Restauration"
JOB250002464,Employéen rayon produits frais (fruits et légumes),"Commerce, Vente, Marketing & Distribution",BRAZZAVILLE,CDD,Emploi Temporaire,LA POINTE,,1.0,2025-10-20 00:00:00,,,,brazzaville,"Employéen rayon produits frais (fruits et légumes) Commerce, Vente, Marketing & Distribution"
JOB250002465,Conseiller vente rayon traditionnel,"Commerce, Vente, Marketing & Distribution",BRAZZAVILLE,CDD,Emploi Temporaire,LA POINTE,,1.0,2025-10-20 00:00:00,,,,brazzaville,"Conseiller vente rayon traditionnel Commerce, Vente, Marketing & Distribution"
JOB250002466,Personnel de logistique et d’arrière-boutique,"Transport, Logistique & Supply Chain",BRAZZAVILLE,CDD,Emploi Temporaire,LA POINTE,,1.0,2025-10-20 00:00:00,,,,brazzaville,"Personnel de logistique et d’arrière-boutique Transport, Logistique & Supply Chain"
JOB250002467,MAGASINIER,"Transport, Logistique & Supply Chain",BRAZZAVILLE,CDD,Emploi Temporaire,LA POINTE,,1.0,2025-10-20 00:00:00,,,,brazzaville,"MAGASINIER Transport, Logistique & Supply Chain"
JOB250002468,Responsable de l'inventaire,"Commerce, Vente, Marketing & Distribution",BRAZZAVILLE,CDD,Emploi Temporaire,LA POINTE,,1.0,2025-10-20 00:00:00,,,,brazzaville,"Responsable de l'inventaire Commerce, Vente, Marketing & Distribution"
JOB250002469,Manager des stocks,"Transport, Logistique & Supply Chain",BRAZZAVILLE,CDD,Emploi Temporaire,LA POINTE,,1.0,2025-10-20 00:00:00,,,,brazzaville,"Manager des stocks Transport, Logistique & Supply Chain"
JOB250002470,Technicien comptable,"Finance, Banque, Assurance, Comptabilité & Fiscalité",BRAZZAVILLE,CDD,Emploi Temporaire,LA POINTE,,1.0,2025-10-20 00:00:00,,,,brazzaville,"Technicien comptable Finance, Banque, Assurance, Comptabilité & Fiscalité"
JOB250002493,Acheteur,"Transport, Logistique & Supply Chain",BRAZZAVILLE,CDD,Emploi Temporaire,LA POINTE,,1.0,2025-10-23 00:00:00,,,,brazzaville,"Acheteur Transport, Logistique & Supply Chain"
JOB250002494,Livreur,"Transport, Logistique & Supply Chain",BRAZZAVILLE,CDD,Emploi Temporaire,LA POINTE,,1.0,2025-10-23 00:00:00,,,,brazzaville,"Livreur Transport, Logistique & Supply Chain"
JOB250002495,Préposé à l’entretien,Nettoyage & Blanchisserie,BRAZZAVILLE,CDD,Emploi Temporaire,LA POINTE,,1.0,2025-10-23 00:00:00,,,,brazzaville,Préposé à l’entretien Nettoyage & Blanchisserie
JOB250002496,Personnel support,"Transport, Logistique & Supply Chain",BRAZZAVILLE,CDD,Emploi Temporaire,LA POINTE,,1.0,2025-10-23 00:00:00,,,,brazzaville,"Personnel support Transport, Logistique & Supply Chain"
JOB250002497,AGENT DE SECURITE,"Sécurité, Sûreté & Défense",BRAZZAVILLE,CDD,Emploi Temporaire,LA POINTE,,1.0,2025-10-23 00:00:00,,,,brazzaville,"AGENT DE SECURITE Sécurité, Sûreté & Défense"
JOB250002498,Employé commercial,"Commerce, Vente, Marketing & Distribution",BRAZZAVILLE,CDD,Emploi Temporaire,LA POINTE,,1.0,2025-10-23 00:00:00,,,,brazzaville,"Employé commercial Commerce, Vente, Marketing & Distribution"
JOB250002499,ANIMATEUR,Sports - Coaching sportif - Gestion d’activités sportives,BRAZZAVILLE,CDD,Emploi Temporaire,LA POINTE,,1.0,2025-10-23 00:00:00,,,,brazzaville,ANIMATEUR Sports - Coaching sportif - Gestion d’activités sportives
JOB250001433,Agent polyvalent,Hôtellerie - Restauration,POINTE-NOIRE,CDD,Emploi Temporaire,LABEL HOTELIER,,1.0,2025-06-18 00:00:00,,,,pointe-noire,Agent polyvalent Hôtellerie - Restauration
JOB250001550,DIRECTEUR GENERAL ET TECHNIQUE,"Industrie, Production & Maintenance",POINTE-NOIRE,CDI,Emploi Durable,LABORATOIRE DE METROLOGIE ET DE MAINTENANCE,,1.0,2025-06-30 00:00:00,,,,pointe-noire,"DIRECTEUR GENERAL ET TECHNIQUE Industrie, Production & Maintenance"
JOB250001551,COMPTABLE,"Industrie, Production & Maintenance",POINTE-NOIRE,CDD,Emploi Temporaire,LABORATOIRE DE METROLOGIE ET DE MAINTENANCE,,1.0,2025-06-30 00:00:00,,,,pointe-noire,"COMPTABLE Industrie, Production & Maintenance"
JOB250001520,Responsable Transit et Archivage,"Finance, Banque, Assurance, Comptabilité & Fiscalité",BRAZZAVILLE,CDD,Emploi Temporaire,L'ARCHER CAPITAL ,,1.0,2025-06-25 00:00:00,,,,brazzaville,"Responsable Transit et Archivage Finance, Banque, Assurance, Comptabilité & Fiscalité"
JOB250001745,"Directeur Général Adjoint , projet transformation","Finance, Banque, Assurance, Comptabilité & Fiscalité",BRAZZAVILLE,CDD,Emploi Temporaire,L'ARCHER CAPITAL ,,1.0,2025-07-23 00:00:00,,,,brazzaville,"Directeur Général Adjoint , projet transformation Finance, Banque, Assurance, Comptabilité & Fiscalité"
JOB250001956,Administrateurbase de données,"Informatique, Data, Télécommunications & Digital",BRAZZAVILLE,CDD,Emploi Temporaire,L'ARCHER CAPITAL ,,1.0,2025-08-14 00:00:00,,,,brazzaville,"Administrateurbase de données Informatique, Data, Télécommunications & Digital"
JOB250001957,DIRECTEUR DE LA BANQUE DIGITALE,"Finance, Banque, Assurance, Comptabilité & Fiscalité",BRAZZAVILLE,CDD,Emploi Temporaire,L'ARCHER CAPITAL ,,1.0,2025-08-14 00:00:00,,,,brazzaville,"DIRECTEUR DE LA BANQUE DIGITALE Finance, Banque, Assurance, Comptabilité & Fiscalité"
JOB250001958,DIRECTEUR DES FINANCES,"Finance, Banque, Assurance, Comptabilité & Fiscalité",BRAZZAVILLE,CDD,Emploi Temporaire,L'ARCHER CAPITAL ,,1.0,2025-08-14 00:00:00,,,,brazzaville,"DIRECTEUR DES FINANCES Finance, Banque, Assurance, Comptabilité & Fiscalité"
JOB250002005,Directeur des systèmes d'information,"Informatique, Data, Télécommunications & Digital",BRAZZAVILLE,CDD,Emploi Temporaire,L'ARCHER CAPITAL ,,1.0,2025-08-20 00:00:00,,,,brazzaville,"Directeur des systèmes d'information Informatique, Data, Télécommunications & Digital"
JOB250002006,Directeur des systèmes d'information,"Informatique, Data, Télécommunications & Digital",BRAZZAVILLE,CDD,Emploi Temporaire,L'ARCHER CAPITAL ,,1.0,2025-08-20 00:00:00,,,,brazzaville,"Directeur des systèmes d'information Informatique, Data, Télécommunications & Digital"
JOB250002009,Développeur Programmeur,"Informatique, Data, Télécommunications & Digital",BRAZZAVILLE,CDD,Emploi Temporaire,L'ARCHER CAPITAL ,,1.0,2025-08-20 00:00:00,,,,brazzaville,"Développeur Programmeur Informatique, Data, Télécommunications & Digital"
JOB250002010,Responsable infrastructure,"Informatique, Data, Télécommunications & Digital",BRAZZAVILLE,CDI,Emploi Durable,L'ARCHER CAPITAL ,,1.0,2025-08-20 00:00:00,,,,brazzaville,"Responsable infrastructure Informatique, Data, Télécommunications & Digital"
JOB250002145,DIRECTEUR DE LA BANQUE DIGITALE,"Finance, Banque, Assurance, Comptabilité & Fiscalité",BRAZZAVILLE,CDD,Emploi Temporaire,L'ARCHER CAPITAL ,,1.0,2025-09-05 00:00:00,,,,brazzaville,"DIRECTEUR DE LA BANQUE DIGITALE Finance, Banque, Assurance, Comptabilité & Fiscalité"
JOB250002147,DIRECTEUR DES FINANCES,"Finance, Banque, Assurance, Comptabilité & Fiscalité",BRAZZAVILLE,CDD,Emploi Temporaire,L'ARCHER CAPITAL ,,1.0,2025-09-05 00:00:00,,,,brazzaville,"DIRECTEUR DES FINANCES Finance, Banque, Assurance, Comptabilité & Fiscalité"
JOB250002149,RESPONSABLE COMMERCIAL ET OPERATIONS,"Commerce, Vente, Marketing & Distribution",BRAZZAVILLE,CDI,Emploi Durable,L'ARCHER CAPITAL ,,1.0,2025-09-05 00:00:00,,,,brazzaville,"RESPONSABLE COMMERCIAL ET OPERATIONS Commerce, Vente, Marketing & Distribution"
JOB250002156,CHEF DE SERVICE MONETIQUE ET OPERATION EN LIGNE,"Finance, Banque, Assurance, Comptabilité & Fiscalité",BRAZZAVILLE,CDI,Emploi Durable,L'ARCHER CAPITAL ,,1.0,2025-09-08 00:00:00,,,,brazzaville,"CHEF DE SERVICE MONETIQUE ET OPERATION EN LIGNE Finance, Banque, Assurance, Comptabilité & Fiscalité"
JOB250002160,Chef Der Service Administration de credit,"Finance, Banque, Assurance, Comptabilité & Fiscalité",BRAZZAVILLE,CDI,Emploi Durable,L'ARCHER CAPITAL ,,1.0,2025-09-08 00:00:00,,,,brazzaville,"Chef Der Service Administration de credit Finance, Banque, Assurance, Comptabilité & Fiscalité"
JOB250002163,COMPTABLE,"Finance, Banque, Assurance, Comptabilité & Fiscalité",BRAZZAVILLE,CDI,Emploi Durable,L'ARCHER CAPITAL ,,1.0,2025-09-08 00:00:00,,,,brazzaville,"COMPTABLE Finance, Banque, Assurance, Comptabilité & Fiscalité"
JOB250002164,Chef de service transferts domestiques et opérations locales,"Finance, Banque, Assurance, Comptabilité & Fiscalité",BRAZZAVILLE,CDI,Emploi Durable,L'ARCHER CAPITAL ,,1.0,2025-09-08 00:00:00,,,,brazzaville,"Chef de service transferts domestiques et opérations locales Finance, Banque, Assurance, Comptabilité & Fiscalité"
JOB250002166,CHARGE DE LA GESTION DE LA TRESORERIE,"Finance, Banque, Assurance, Comptabilité & Fiscalité",BRAZZAVILLE,CDI,Emploi Durable,L'ARCHER CAPITAL ,,1.0,2025-09-08 00:00:00,,,,brazzaville,"CHARGE DE LA GESTION DE LA TRESORERIE Finance, Banque, Assurance, Comptabilité & Fiscalité"
JOB250002176,Performance et Product manager,"Finance, Banque, Assurance, Comptabilité & Fiscalité",BRAZZAVILLE,CDI,Emploi Durable,L'ARCHER CAPITAL ,,1.0,2025-09-09 00:00:00,,,,brazzaville,"Performance et Product manager Finance, Banque, Assurance, Comptabilité & Fiscalité"
JOB250002177,Responsable du commerce international,"Commerce, Vente, Marketing & Distribution",BRAZZAVILLE,CDI,Emploi Durable,L'ARCHER CAPITAL ,,1.0,2025-09-09 00:00:00,,,,brazzaville,"Responsable du commerce international Commerce, Vente, Marketing & Distribution"
JOB250002178,RESPONSABLE DES OPERATIONS EN AGENCES,"Finance, Banque, Assurance, Comptabilité & Fiscalité",BRAZZAVILLE,CDI,Emploi Durable,L'ARCHER CAPITAL ,,1.0,2025-09-09 00:00:00,,,,brazzaville,"RESPONSABLE DES OPERATIONS EN AGENCES Finance, Banque, Assurance, Comptabilité & Fiscalité"
JOB250002278,CONTROLEUR INTERNE INFORMATIQUE,"Finance, Banque, Assurance, Comptabilité & Fiscalité",BRAZZAVILLE,CDD,Emploi Temporaire,L'ARCHER CAPITAL ,,1.0,2025-09-22 00:00:00,,,,brazzaville,"CONTROLEUR INTERNE INFORMATIQUE Finance, Banque, Assurance, Comptabilité & Fiscalité"
JOB250002285,GRAPHISTE,"Communication, Médias & Événementiel",BRAZZAVILLE,CDD,Emploi Temporaire,L'ARCHER CAPITAL ,,1.0,2025-09-23 00:00:00,,,,brazzaville,"GRAPHISTE Communication, Médias & Événementiel"
JOB250002393,Stagiaire SALES,"Commerce, Vente, Marketing & Distribution",BRAZZAVILLE,CDD,Emploi Temporaire,L'ARCHER CAPITAL ,,1.0,2025-10-09 00:00:00,,,,brazzaville,"Stagiaire SALES Commerce, Vente, Marketing & Distribution"
JOB250002492,SALES,"Finance, Banque, Assurance, Comptabilité & Fiscalité",BRAZZAVILLE,CDD,Emploi Temporaire,L'ARCHER CAPITAL ,,1.0,2025-10-23 00:00:00,,,,brazzaville,"SALES Finance, Banque, Assurance, Comptabilité & Fiscalité"
JOB250002391,Assistant veille règlementaire et déontologie,Droit et Justice,BRAZZAVILLE,CDD,Emploi Temporaire,LCB Bank,,1.0,2025-10-09 00:00:00,,,,brazzaville,Assistant veille règlementaire et déontologie Droit et Justice
JOB250002405,ASSISTANTRESSOURCES HUMAINES,"Conseil, Stratégie & Gestion des Ressources Humaines",BRAZZAVILLE,CDD,Emploi Temporaire,LCB Bank,,1.0,2025-10-10 00:00:00,,,,brazzaville,"ASSISTANTRESSOURCES HUMAINES Conseil, Stratégie & Gestion des Ressources Humaines"
JOB250002406,CONSEILLER CLIENTELE,"Commerce, Vente, Marketing & Distribution",BRAZZAVILLE,CDD,Emploi Temporaire,LCB Bank,,1.0,2025-10-10 00:00:00,,,,brazzaville,"CONSEILLER CLIENTELE Commerce, Vente, Marketing & Distribution"
JOB250002408,INSPECTEUR ET AUDITEUR JUNIOR,"Finance, Banque, Assurance, Comptabilité & Fiscalité",BRAZZAVILLE,CDD,Emploi Temporaire,LCB Bank,,1.0,2025-10-10 00:00:00,,,,brazzaville,"INSPECTEUR ET AUDITEUR JUNIOR Finance, Banque, Assurance, Comptabilité & Fiscalité"
JOB250002409,Chauffeur,"Finance, Banque, Assurance, Comptabilité & Fiscalité",BRAZZAVILLE,CDD,Emploi Temporaire,LCB Bank,,1.0,2025-10-10 00:00:00,,,,brazzaville,"Chauffeur Finance, Banque, Assurance, Comptabilité & Fiscalité"
JOB250002625,COORDONATEUR LOCAL DE LA FONDATION BOA CONGO,"Finance, Banque, Assurance, Comptabilité & Fiscalité",BRAZZAVILLE,CDI,Emploi Durable,LCB Bank,,1.0,2025-11-10 00:00:00,,,,brazzaville,"COORDONATEUR LOCAL DE LA FONDATION BOA CONGO Finance, Banque, Assurance, Comptabilité & Fiscalité"
JOB250002699,Planificateur de projet,"Pétrole, Gaz & Hydrocarbures",POINTE-NOIRE,CDD,Emploi Temporaire,LE GERMOIR SA,,1.0,2025-11-21 00:00:00,,,,pointe-noire,"Planificateur de projet Pétrole, Gaz & Hydrocarbures"
JOB250002712,Superviseur en isolation,"Pétrole, Gaz & Hydrocarbures",POINTE-NOIRE,CDD,Emploi Temporaire,LE GERMOIR SA,,1.0,2025-11-24 00:00:00,,,,pointe-noire,"Superviseur en isolation Pétrole, Gaz & Hydrocarbures"
JOB250002713,Travailleur en isolation,"Pétrole, Gaz & Hydrocarbures",POINTE-NOIRE,CDD,Emploi Temporaire,LE GERMOIR SA,,1.0,2025-11-24 00:00:00,,,,pointe-noire,"Travailleur en isolation Pétrole, Gaz & Hydrocarbures"
JOB250002714,Travailleur en isolation,"Pétrole, Gaz & Hydrocarbures",POINTE-NOIRE,CDD,Emploi Temporaire,LE GERMOIR SA,,1.0,2025-11-24 00:00:00,,,,pointe-noire,"Travailleur en isolation Pétrole, Gaz & Hydrocarbures"
JOB250002715,Superviseur de tuyauterie,"Pétrole, Gaz & Hydrocarbures",POINTE-NOIRE,CDD,Emploi Temporaire,LE GERMOIR SA,,1.0,2025-11-24 00:00:00,,,,pointe-noire,"Superviseur de tuyauterie Pétrole, Gaz & Hydrocarbures"
JOB250002716,Ouvrier d'atelier,"Pétrole, Gaz & Hydrocarbures",POINTE-NOIRE,CDD,Emploi Temporaire,LE GERMOIR SA,,1.0,2025-11-24 00:00:00,,,,pointe-noire,"Ouvrier d'atelier Pétrole, Gaz & Hydrocarbures"
JOB250002729,Spécialiste du fret,"Pétrole, Gaz & Hydrocarbures",POINTE-NOIRE,CDD,Emploi Temporaire,LE GERMOIR SA,,1.0,2025-11-25 00:00:00,,,,pointe-noire,"Spécialiste du fret Pétrole, Gaz & Hydrocarbures"
JOB250002730,Manager,Hôtellerie - Restauration,POINTE-NOIRE,CDD,Emploi Temporaire,LE GERMOIR SA,,1.0,2025-11-25 00:00:00,,,,pointe-noire,Manager Hôtellerie - Restauration
JOB250002731,Tuyauteur,"Pétrole, Gaz & Hydrocarbures",POINTE-NOIRE,CDD,Emploi Temporaire,LE GERMOIR SA,,1.0,2025-11-25 00:00:00,,,,pointe-noire,"Tuyauteur Pétrole, Gaz & Hydrocarbures"
JOB250002732,Echafaudeur,"Bâtiment, Travaux Publics & Aménagement du Territoire",POINTE-NOIRE,CDD,Emploi Temporaire,LE GERMOIR SA,,1.0,2025-11-25 00:00:00,,,,pointe-noire,"Echafaudeur Bâtiment, Travaux Publics & Aménagement du Territoire"
JOB250002733,Soudeur,"Bâtiment, Travaux Publics & Aménagement du Territoire",POINTE-NOIRE,CDD,Emploi Temporaire,LE GERMOIR SA,,1.0,2025-11-25 00:00:00,,,,pointe-noire,"Soudeur Bâtiment, Travaux Publics & Aménagement du Territoire"
JOB250002739,Responsable de production,Agriculture & Industrie Agroalimentaire,POINTE-NOIRE,CDD,Emploi Temporaire,LE GERMOIR SA,,1.0,2025-11-26 00:00:00,,,,pointe-noire,Responsable de production Agriculture & Industrie Agroalimentaire
JOB250002808,Superviseur Maintenance FLNG,"Pétrole, Gaz & Hydrocarbures",POINTE-NOIRE,CDD,Emploi Temporaire,LE GERMOIR SA,,1.0,2025-12-11 00:00:00,,,,pointe-noire,"Superviseur Maintenance FLNG Pétrole, Gaz & Hydrocarbures"
JOB250001701,Chef de base,"Industrie, Production & Maintenance",POINTE-NOIRE,CDI,Emploi Durable,L'ENTREPRENEUR  CONSTRUCTION,,1.0,2025-07-17 00:00:00,,,,pointe-noire,"Chef de base Industrie, Production & Maintenance"
JOB250001702,CHEF DE CHANTIER,"Bâtiment, Travaux Publics & Aménagement du Territoire",POINTE-NOIRE,CDI,Emploi Durable,L'ENTREPRENEUR  CONSTRUCTION,,1.0,2025-07-17 00:00:00,,,,pointe-noire,"CHEF DE CHANTIER Bâtiment, Travaux Publics & Aménagement du Territoire"
JOB250001703,CARRELEUR,"Bâtiment, Travaux Publics & Aménagement du Territoire",POINTE-NOIRE,CDI,Emploi Durable,L'ENTREPRENEUR  CONSTRUCTION,,1.0,2025-07-17 00:00:00,,,,pointe-noire,"CARRELEUR Bâtiment, Travaux Publics & Aménagement du Territoire"
JOB250001016,Responsable Achat Transit & Stock,"Transport, Logistique & Supply Chain",POINTE-NOIRE,CDD,Emploi Temporaire,LIFTCO CONGO,,1.0,2025-04-30 00:00:00,,,,pointe-noire,"Responsable Achat Transit & Stock Transport, Logistique & Supply Chain"
JOB250001665,"Comptable Fournisseur, Achats et Stocks","Finance, Banque, Assurance, Comptabilité & Fiscalité",POINTE-NOIRE,CDD,Emploi Temporaire,LIFTCO CONGO,,1.0,2025-07-11 00:00:00,,,,pointe-noire,"Comptable Fournisseur, Achats et Stocks Finance, Banque, Assurance, Comptabilité & Fiscalité"
JOB250002154,Technico Commercial,"Industrie, Production & Maintenance",POINTE-NOIRE,CDD,Emploi Temporaire,LIFTCO CONGO,,1.0,2025-09-08 00:00:00,,,,pointe-noire,"Technico Commercial Industrie, Production & Maintenance"
JOB250001414,CHARGE D'AFFAIRE,"Énergie, Environnement & Eau",Kouilou,CDI,Emploi Durable,LOANGO ENVIRONNEMENT SLE,,1.0,2025-06-13 00:00:00,,,,kouilou,"CHARGE D'AFFAIRE Énergie, Environnement & Eau"
JOB250001490,Chef d'Agence,"Énergie, Environnement & Eau",Kouilou,CDI,Emploi Durable,LOANGO ENVIRONNEMENT SLE,,1.0,2025-06-23 00:00:00,,,,kouilou,"Chef d'Agence Énergie, Environnement & Eau"
JOB250001657,Chargéd'Affaire,"Énergie, Environnement & Eau",Kouilou,CDI,Emploi Durable,LOANGO ENVIRONNEMENT SLE,,1.0,2025-07-10 00:00:00,,,,kouilou,"Chargéd'Affaire Énergie, Environnement & Eau"
NONREF000065,Chauffeur,"Commerce, Vente, Marketing & Distribution",POINTE-NOIRE,CDD,Emploi Temporaire,LOXEA,,1.0,2025-01-22 00:00:00,,,,pointe-noire,"Chauffeur Commerce, Vente, Marketing & Distribution"
NONREF000094,Commerciale,"Conseil, Stratégie & Gestion des Ressources Humaines",POINTE-NOIRE,CDI,Emploi Durable,LOXEA CONGO,,1.0,2025-02-11 00:00:00,,,,pointe-noire,"Commerciale Conseil, Stratégie & Gestion des Ressources Humaines"
JOB250000963,GESTIONNAIRE PARC,"Commerce, Vente, Marketing & Distribution",POINTE-NOIRE,CDI,Emploi Durable,LOXEA NEW MOBILITY SOLUTIONS,,1.0,2025-04-23 00:00:00,,,,pointe-noire,"GESTIONNAIRE PARC Commerce, Vente, Marketing & Distribution"
JOB250002740,Gestionnaire Parc Automobile,"Commerce, Vente, Marketing & Distribution",POINTE-NOIRE,CDI,Emploi Durable,LOXEA NEW MOBILITY SOLUTIONS,,1.0,2025-11-26 00:00:00,,,,pointe-noire,"Gestionnaire Parc Automobile Commerce, Vente, Marketing & Distribution"
JOB250000825,FISCALISTE,"Pétrole, Gaz & Hydrocarbures",POINTE-NOIRE,CDD,Emploi Temporaire,LUKOIL UPSTREAM CONGO,,1.0,2025-02-26 00:00:00,,,,pointe-noire,"FISCALISTE Pétrole, Gaz & Hydrocarbures"
NONREF000133,Fiscaliste,"Pétrole, Gaz & Hydrocarbures",POINTE-NOIRE,CDD,Emploi Temporaire,LUKOIL UPSTREAM CONGO,,1.0,2025-03-12 00:00:00,,,,pointe-noire,"Fiscaliste Pétrole, Gaz & Hydrocarbures"
JOB250001049,DIRECTEUR GÉOLOGIE ET EXPLOITATION,"Pétrole, Gaz & Hydrocarbures",POINTE-NOIRE,CDD,Emploi Temporaire,LUKOIL UPSTREAM CONGO,,1.0,2025-05-07 00:00:00,,,,pointe-noire,"DIRECTEUR GÉOLOGIE ET EXPLOITATION Pétrole, Gaz & Hydrocarbures"
JOB250001085,Ingénieur specialisé en economie et finances,"Pétrole, Gaz & Hydrocarbures",POINTE-NOIRE,CDI,Emploi Durable,LUKOIL UPSTREAM CONGO,,1.0,2025-05-08 00:00:00,,,,pointe-noire,"Ingénieur specialisé en economie et finances Pétrole, Gaz & Hydrocarbures"
NONREF000395,Directeur Adjoint du Département HSE,"Assurance Qualité, Contrôle, Testing (QHSE)",POINTE-NOIRE,CDD,Emploi Temporaire,LUYUAN DES MINES CONGO,,1.0,2025-12-31,,,,pointe-noire,"Directeur Adjoint du Département HSE Assurance Qualité, Contrôle, Testing (QHSE)"
NONREF000397,Spécialiste en Logistique,"Transport, Logistique & Supply Chain",POINTE-NOIRE,CDD,Emploi Temporaire,LUYUAN DES MINES CONGO,,1.0,2025-12-30,,,,pointe-noire,"Spécialiste en Logistique Transport, Logistique & Supply Chain"
NONREF000398,Assistant du Directeur Financier,"Conseil, Stratégie & Gestion des Ressources Humaines",POINTE-NOIRE,CDD,Emploi Temporaire,LUYUAN DES MINES CONGO,,1.0,2025-12-30,,,,pointe-noire,"Assistant du Directeur Financier Conseil, Stratégie & Gestion des Ressources Humaines"
JOB250001690,CHEF DE PROJET,"Commerce, Vente, Marketing & Distribution",POINTE-NOIRE,CDI,Emploi Durable,MAISON AFRICAINE DU COMMERCE (MAFRICOM),,2.0,2025-07-15 00:00:00,,,,pointe-noire,"CHEF DE PROJET Commerce, Vente, Marketing & Distribution"
JOB250001691,MANAGERS FINANCIERS,"Commerce, Vente, Marketing & Distribution",POINTE-NOIRE,CDI,Emploi Durable,MAISON AFRICAINE DU COMMERCE (MAFRICOM),,2.0,2025-07-15 00:00:00,,,,pointe-noire,"MANAGERS FINANCIERS Commerce, Vente, Marketing & Distribution"
NONREF000001,Agent Adm du personnel,"Pétrole, Gaz & Hydrocarbures",POINTE-NOIRE,CDD,Emploi Temporaire,MANAGEMENT ORGANIS,,1.0,2025-02-11 00:00:00,,,,pointe-noire,"Agent Adm du personnel Pétrole, Gaz & Hydrocarbures"
NONREF000034,Assistant technique,"Pétrole, Gaz & Hydrocarbures",POINTE-NOIRE,CDD,Emploi Temporaire,MANAGEMENT ORGANIS,,1.0,2025-02-11 00:00:00,,,,pointe-noire,"Assistant technique Pétrole, Gaz & Hydrocarbures"
NONREF000101,Comptable,"Pétrole, Gaz & Hydrocarbures",POINTE-NOIRE,CDD,Emploi Temporaire,MANAGEMENT ORGANIS,,1.0,2025-02-11 00:00:00,,,,pointe-noire,"Comptable Pétrole, Gaz & Hydrocarbures"
NONREF000195,Réceptionniste,"Pétrole, Gaz & Hydrocarbures",POINTE-NOIRE,CDD,Emploi Temporaire,MANAGEMENT ORGANIS,,1.0,2025-02-11 00:00:00,,,,pointe-noire,"Réceptionniste Pétrole, Gaz & Hydrocarbures"
NONREF000216,Responsable maintenance,"Pétrole, Gaz & Hydrocarbures",POINTE-NOIRE,CDD,Emploi Temporaire,MANAGEMENT ORGANIS,,1.0,2025-02-11 00:00:00,,,,pointe-noire,"Responsable maintenance Pétrole, Gaz & Hydrocarbures"
NONREF000219,Responsable QHSE,"Assurance Qualité, Contrôle, Testing (QHSE)",POINTE-NOIRE,CDD,Emploi Temporaire,MANAGEMENT ORGANIS,,1.0,2025-02-11 00:00:00,,,,pointe-noire,"Responsable QHSE Assurance Qualité, Contrôle, Testing (QHSE)"
NONREF000226,Secrétaire de direction,"Pétrole, Gaz & Hydrocarbures",POINTE-NOIRE,CDD,Emploi Temporaire,MANAGEMENT ORGANIS,,1.0,2025-02-11 00:00:00,,,,pointe-noire,"Secrétaire de direction Pétrole, Gaz & Hydrocarbures"
NONREF000076,Chef comptable,"Pétrole, Gaz & Hydrocarbures",POINTE-NOIRE,CDI,Emploi Durable,MANAGEMENT ORGANISA,,1.0,2025-03-18 00:00:00,,,,pointe-noire,"Chef comptable Pétrole, Gaz & Hydrocarbures"
JOB250000869,AGENT ADMINISTRATIF DU PERSONNEL,"Pétrole, Gaz & Hydrocarbures",POINTE-NOIRE,CDI,Emploi Durable,MANAGEMENT ORGANISATIONNEL,,1.0,2025-03-18 00:00:00,,,,pointe-noire,"AGENT ADMINISTRATIF DU PERSONNEL Pétrole, Gaz & Hydrocarbures"
JOB250000870,SUPERVISEUR ACHAT et CONTRAT,"Pétrole, Gaz & Hydrocarbures",POINTE-NOIRE,CDI,Emploi Durable,MANAGEMENT ORGANISATIONNEL,,1.0,2025-03-18 00:00:00,,,,pointe-noire,"SUPERVISEUR ACHAT et CONTRAT Pétrole, Gaz & Hydrocarbures"
JOB250001240,Directeur Financier et Controle,"Pétrole, Gaz & Hydrocarbures",POINTE-NOIRE,CDI,Emploi Durable,MANAGEMENT ORGANISATIONNEL,,1.0,2025-05-26 00:00:00,,,,pointe-noire,"Directeur Financier et Controle Pétrole, Gaz & Hydrocarbures"
JOB250001250,Responsable Surété,"Sécurité, Sûreté & Défense",POINTE-NOIRE,CDD,Emploi Temporaire,MANAGEMENT ORGANISATIONNEL,,1.0,2025-05-27 00:00:00,,,,pointe-noire,"Responsable Surété Sécurité, Sûreté & Défense"
JOB250001251,"Responsable local centent, Relations Sociale et Térritoriales","Pétrole, Gaz & Hydrocarbures",POINTE-NOIRE,CDI,Emploi Durable,MANAGEMENT ORGANISATIONNEL,,1.0,2025-05-27 00:00:00,,,,pointe-noire,"Responsable local centent, Relations Sociale et Térritoriales Pétrole, Gaz & Hydrocarbures"
JOB250001252,Comptable Fournisseur,"Pétrole, Gaz & Hydrocarbures",POINTE-NOIRE,CDD,Emploi Temporaire,MANAGEMENT ORGANISATIONNEL,,1.0,2025-05-27 00:00:00,,,,pointe-noire,"Comptable Fournisseur Pétrole, Gaz & Hydrocarbures"
JOB250001253,Technicien Achats Matériels et Services Exploitation,"Commerce, Vente, Marketing & Distribution",POINTE-NOIRE,CDD,Emploi Temporaire,MANAGEMENT ORGANISATIONNEL,,1.0,2025-05-27 00:00:00,,,,pointe-noire,"Technicien Achats Matériels et Services Exploitation Commerce, Vente, Marketing & Distribution"
JOB250001255,Technicien Qualification et gestion des Fournisseurs,"Pétrole, Gaz & Hydrocarbures",POINTE-NOIRE,CDD,Emploi Temporaire,MANAGEMENT ORGANISATIONNEL,,1.0,2025-05-27 00:00:00,,,,pointe-noire,"Technicien Qualification et gestion des Fournisseurs Pétrole, Gaz & Hydrocarbures"
JOB250001256,Trésorier,"Pétrole, Gaz & Hydrocarbures",POINTE-NOIRE,CDD,Emploi Temporaire,MANAGEMENT ORGANISATIONNEL,,1.0,2025-05-27 00:00:00,,,,pointe-noire,"Trésorier Pétrole, Gaz & Hydrocarbures"
JOB250001257,CAISSIER,"Pétrole, Gaz & Hydrocarbures",POINTE-NOIRE,CDD,Emploi Temporaire,MANAGEMENT ORGANISATIONNEL,,1.0,2025-05-27 00:00:00,,,,pointe-noire,"CAISSIER Pétrole, Gaz & Hydrocarbures"
JOB250001258,COMPTABLE,"Pétrole, Gaz & Hydrocarbures",POINTE-NOIRE,CDD,Emploi Temporaire,MANAGEMENT ORGANISATIONNEL,,1.0,2025-05-27 00:00:00,,,,pointe-noire,"COMPTABLE Pétrole, Gaz & Hydrocarbures"
JOB250001259,Assistant de Direction,"Pétrole, Gaz & Hydrocarbures",POINTE-NOIRE,CDD,Emploi Temporaire,MANAGEMENT ORGANISATIONNEL,,1.0,2025-05-27 00:00:00,,,,pointe-noire,"Assistant de Direction Pétrole, Gaz & Hydrocarbures"
JOB250001260,Controleur de Gestion Junior et Senior,"Pétrole, Gaz & Hydrocarbures",POINTE-NOIRE,CDD,Emploi Temporaire,MANAGEMENT ORGANISATIONNEL,,1.0,2025-05-27 00:00:00,,,,pointe-noire,"Controleur de Gestion Junior et Senior Pétrole, Gaz & Hydrocarbures"
JOB250001261,Controleur de Gestion Junior,Gestion Administrative,POINTE-NOIRE,CDD,Emploi Temporaire,MANAGEMENT ORGANISATIONNEL,,1.0,2025-05-27 00:00:00,,,,pointe-noire,Controleur de Gestion Junior Gestion Administrative
JOB250001262,SECRETAIRE DE DIRECTION,"Pétrole, Gaz & Hydrocarbures",POINTE-NOIRE,CDD,Emploi Temporaire,MANAGEMENT ORGANISATIONNEL,,1.0,2025-05-27 00:00:00,,,,pointe-noire,"SECRETAIRE DE DIRECTION Pétrole, Gaz & Hydrocarbures"
JOB250001499,LABORANTIN EXPERIMENTE,"Conseil, Stratégie & Gestion des Ressources Humaines",POINTE-NOIRE,CDD,Emploi Temporaire,MANAGEMENT ORGANISATIONNEL,,1.0,2025-06-23 00:00:00,,,,pointe-noire,"LABORANTIN EXPERIMENTE Conseil, Stratégie & Gestion des Ressources Humaines"
JOB250001500,ASSISTANT RESEAU,"Conseil, Stratégie & Gestion des Ressources Humaines",POINTE-NOIRE,CDD,Emploi Temporaire,MANAGEMENT ORGANISATIONNEL,,1.0,2025-06-23 00:00:00,,,,pointe-noire,"ASSISTANT RESEAU Conseil, Stratégie & Gestion des Ressources Humaines"
JOB250001501,AssistantComptable,"Conseil, Stratégie & Gestion des Ressources Humaines",POINTE-NOIRE,CDD,Emploi Temporaire,MANAGEMENT ORGANISATIONNEL,,1.0,2025-06-23 00:00:00,,,,pointe-noire,"AssistantComptable Conseil, Stratégie & Gestion des Ressources Humaines"
JOB250001504,"Assistant Administrative, Comptable et Affaires juridiques","Conseil, Stratégie & Gestion des Ressources Humaines",POINTE-NOIRE,CDD,Emploi Temporaire,MANAGEMENT ORGANISATIONNEL,,1.0,2025-06-23 00:00:00,,,,pointe-noire,"Assistant Administrative, Comptable et Affaires juridiques Conseil, Stratégie & Gestion des Ressources Humaines"
JOB250001518,OPERATEUR D'EXCAVATION,"Industrie, Production & Maintenance",POINTE-NOIRE,CDD,Emploi Temporaire,MANAGEMENT ORGANISATIONNEL,,1.0,2025-06-25 00:00:00,,,,pointe-noire,"OPERATEUR D'EXCAVATION Industrie, Production & Maintenance"
JOB250001519,Trieur de Production,"Industrie, Production & Maintenance",POINTE-NOIRE,CDD,Emploi Temporaire,MANAGEMENT ORGANISATIONNEL,,1.0,2025-06-25 00:00:00,,,,pointe-noire,"Trieur de Production Industrie, Production & Maintenance"
JOB250001522,OPERATEUR CONCASSEUR,"Industrie, Production & Maintenance",POINTE-NOIRE,CDD,Emploi Temporaire,MANAGEMENT ORGANISATIONNEL,,1.0,2025-06-25 00:00:00,,,,pointe-noire,"OPERATEUR CONCASSEUR Industrie, Production & Maintenance"
JOB250001588,DIRECTEUR TECHNIQUE,"Pétrole, Gaz & Hydrocarbures",POINTE-NOIRE,CDD,Emploi Temporaire,MANAGEMENT ORGANISATIONNEL,,1.0,2025-07-03 00:00:00,,,,pointe-noire,"DIRECTEUR TECHNIQUE Pétrole, Gaz & Hydrocarbures"
JOB250001602,DIRECTEUR DES RESSOURCES HUMAINES,"Conseil, Stratégie & Gestion des Ressources Humaines",POINTE-NOIRE,CDD,Emploi Temporaire,MANAGEMENT ORGANISATIONNEL,,1.0,2025-07-04 00:00:00,,,,pointe-noire,"DIRECTEUR DES RESSOURCES HUMAINES Conseil, Stratégie & Gestion des Ressources Humaines"
JOB250001655,ASSISTANT TECHNIQUE,"Pétrole, Gaz & Hydrocarbures",POINTE-NOIRE,CDD,Emploi Temporaire,MANAGEMENT ORGANISATIONNEL,,1.0,2025-07-09 00:00:00,,,,pointe-noire,"ASSISTANT TECHNIQUE Pétrole, Gaz & Hydrocarbures"
JOB250001677,Technicien Achats Matériel et Services Exploitations,"Pétrole, Gaz & Hydrocarbures",POINTE-NOIRE,CDD,Emploi Temporaire,MANAGEMENT ORGANISATIONNEL,,1.0,2025-07-11 00:00:00,,,,pointe-noire,"Technicien Achats Matériel et Services Exploitations Pétrole, Gaz & Hydrocarbures"
JOB250001680,Tecnicien Qualification et Gestion des Fournisseurs,"Pétrole, Gaz & Hydrocarbures",POINTE-NOIRE,CDD,Emploi Temporaire,MANAGEMENT ORGANISATIONNEL,,1.0,2025-07-14 00:00:00,,,,pointe-noire,"Tecnicien Qualification et Gestion des Fournisseurs Pétrole, Gaz & Hydrocarbures"
JOB250001681,Responsable Administrative Opérationnelle Contrats et Qualification,"Pétrole, Gaz & Hydrocarbures",POINTE-NOIRE,CDD,Emploi Temporaire,MANAGEMENT ORGANISATIONNEL,,1.0,2025-07-14 00:00:00,,,,pointe-noire,"Responsable Administrative Opérationnelle Contrats et Qualification Pétrole, Gaz & Hydrocarbures"
JOB250001682,ResponsableAchats et Contrats Exploitation,"Pétrole, Gaz & Hydrocarbures",POINTE-NOIRE,CDD,Emploi Temporaire,MANAGEMENT ORGANISATIONNEL,,1.0,2025-07-14 00:00:00,,,,pointe-noire,"ResponsableAchats et Contrats Exploitation Pétrole, Gaz & Hydrocarbures"
JOB250001683,Responsable Achats et ContratsSupports,"Pétrole, Gaz & Hydrocarbures",POINTE-NOIRE,CDD,Emploi Temporaire,MANAGEMENT ORGANISATIONNEL,,1.0,2025-07-14 00:00:00,,,,pointe-noire,"Responsable Achats et ContratsSupports Pétrole, Gaz & Hydrocarbures"
JOB250001685,Directeur DivisionApprovisionnement et Contrats,"Pétrole, Gaz & Hydrocarbures",POINTE-NOIRE,CDD,Emploi Temporaire,MANAGEMENT ORGANISATIONNEL,,1.0,2025-07-14 00:00:00,,,,pointe-noire,"Directeur DivisionApprovisionnement et Contrats Pétrole, Gaz & Hydrocarbures"
JOB250001721,Manager Supply Chain,"Pétrole, Gaz & Hydrocarbures",POINTE-NOIRE,CDI,Emploi Durable,MANAGEMENT ORGANISATIONNEL,,1.0,2025-07-21 00:00:00,,,,pointe-noire,"Manager Supply Chain Pétrole, Gaz & Hydrocarbures"
JOB250001722,Manager Conformité et Sécurité (QHSE/RSE),"Assurance Qualité, Contrôle, Testing (QHSE)",POINTE-NOIRE,CDI,Emploi Durable,MANAGEMENT ORGANISATIONNEL,,1.0,2025-07-22 00:00:00,,,,pointe-noire,"Manager Conformité et Sécurité (QHSE/RSE) Assurance Qualité, Contrôle, Testing (QHSE)"
JOB250001723,Directeur des Opérations,"Pétrole, Gaz & Hydrocarbures",POINTE-NOIRE,CDI,Emploi Durable,MANAGEMENT ORGANISATIONNEL,,1.0,2025-07-22 00:00:00,,,,pointe-noire,"Directeur des Opérations Pétrole, Gaz & Hydrocarbures"
JOB250001724,Directeur Administratif et Financier,"Pétrole, Gaz & Hydrocarbures",POINTE-NOIRE,CDI,Emploi Durable,MANAGEMENT ORGANISATIONNEL,,1.0,2025-07-22 00:00:00,,,,pointe-noire,"Directeur Administratif et Financier Pétrole, Gaz & Hydrocarbures"
JOB250001875,DIRECTEUR GÉNÉRAL ADJOINT,Gestion Administrative,POINTE-NOIRE,CDI,Emploi Durable,MANAGEMENT ORGANISATIONNEL,,1.0,2025-08-05 00:00:00,,,,pointe-noire,DIRECTEUR GÉNÉRAL ADJOINT Gestion Administrative
JOB250001876,Business Développeur Stratégie et Performance,"Pétrole, Gaz & Hydrocarbures",POINTE-NOIRE,CDI,Emploi Durable,MANAGEMENT ORGANISATIONNEL,,1.0,2025-08-05 00:00:00,,,,pointe-noire,"Business Développeur Stratégie et Performance Pétrole, Gaz & Hydrocarbures"
JOB250001877,Responsable Négociation et Commerciale,"Commerce, Vente, Marketing & Distribution",POINTE-NOIRE,CDI,Emploi Durable,MANAGEMENT ORGANISATIONNEL,,1.0,2025-08-06 00:00:00,,,,pointe-noire,"Responsable Négociation et Commerciale Commerce, Vente, Marketing & Distribution"
JOB250001880,Responsable Juridique Gouvernance et Conformité,"Conseil, Stratégie & Gestion des Ressources Humaines",POINTE-NOIRE,CDI,Emploi Durable,MANAGEMENT ORGANISATIONNEL,,1.0,2025-08-06 00:00:00,,,,pointe-noire,"Responsable Juridique Gouvernance et Conformité Conseil, Stratégie & Gestion des Ressources Humaines"
JOB250001881,RESPONSABLE HSE,"Assurance Qualité, Contrôle, Testing (QHSE)",POINTE-NOIRE,CDI,Emploi Durable,MANAGEMENT ORGANISATIONNEL,,1.0,2025-08-06 00:00:00,,,,pointe-noire,"RESPONSABLE HSE Assurance Qualité, Contrôle, Testing (QHSE)"
JOB250001883,Responsable Approvisionnement et Contrat,"Transport, Logistique & Supply Chain",POINTE-NOIRE,CDI,Emploi Durable,MANAGEMENT ORGANISATIONNEL,,1.0,2025-08-07 00:00:00,,,,pointe-noire,"Responsable Approvisionnement et Contrat Transport, Logistique & Supply Chain"
JOB250001884,Directeur Financier et Controle,"Finance, Banque, Assurance, Comptabilité & Fiscalité",POINTE-NOIRE,CDI,Emploi Durable,MANAGEMENT ORGANISATIONNEL,,1.0,2025-08-07 00:00:00,,,,pointe-noire,"Directeur Financier et Controle Finance, Banque, Assurance, Comptabilité & Fiscalité"
JOB250001885,Directeurdes Ressources Humaines,"Conseil, Stratégie & Gestion des Ressources Humaines",POINTE-NOIRE,CDI,Emploi Durable,MANAGEMENT ORGANISATIONNEL,,1.0,2025-08-07 00:00:00,,,,pointe-noire,"Directeurdes Ressources Humaines Conseil, Stratégie & Gestion des Ressources Humaines"
JOB250001886,Responsable Comptable et Trésorerie,"Pétrole, Gaz & Hydrocarbures",POINTE-NOIRE,CDI,Emploi Durable,MANAGEMENT ORGANISATIONNEL,,1.0,2025-08-07 00:00:00,,,,pointe-noire,"Responsable Comptable et Trésorerie Pétrole, Gaz & Hydrocarbures"
JOB250001887,Responsable Coste Controleur,"Pétrole, Gaz & Hydrocarbures",POINTE-NOIRE,CDI,Emploi Durable,MANAGEMENT ORGANISATIONNEL,,1.0,2025-08-07 00:00:00,,,,pointe-noire,"Responsable Coste Controleur Pétrole, Gaz & Hydrocarbures"
JOB250001888,ResponsableGestion Budget et Reporting,"Finance, Banque, Assurance, Comptabilité & Fiscalité",POINTE-NOIRE,CDI,Emploi Durable,MANAGEMENT ORGANISATIONNEL,,1.0,2025-08-07 00:00:00,,,,pointe-noire,"ResponsableGestion Budget et Reporting Finance, Banque, Assurance, Comptabilité & Fiscalité"
JOB250001889,Responsable Administration Ressources Humaines et Paie,"Conseil, Stratégie & Gestion des Ressources Humaines",POINTE-NOIRE,CDI,Emploi Durable,MANAGEMENT ORGANISATIONNEL,,1.0,2025-08-07 00:00:00,,,,pointe-noire,"Responsable Administration Ressources Humaines et Paie Conseil, Stratégie & Gestion des Ressources Humaines"
JOB250001890,Responsable Sécurité au Travail et Gestion des Urgences,"Énergie, Environnement & Eau",POINTE-NOIRE,CDI,Emploi Durable,MANAGEMENT ORGANISATIONNEL,,1.0,2025-08-07 00:00:00,,,,pointe-noire,"Responsable Sécurité au Travail et Gestion des Urgences Énergie, Environnement & Eau"
JOB250002299,Assistant Ressources Humaines,"Conseil, Stratégie & Gestion des Ressources Humaines",POINTE-NOIRE,CDD,Emploi Temporaire,MANAGEMENT ORGANISATIONNEL,,1.0,2025-09-24 00:00:00,,,,pointe-noire,"Assistant Ressources Humaines Conseil, Stratégie & Gestion des Ressources Humaines"
JOB250002300,Chauffeur de Liaison VL,"Transport, Logistique & Supply Chain",POINTE-NOIRE,CDI,Emploi Durable,MANAGEMENT ORGANISATIONNEL,,1.0,2025-09-24 00:00:00,,,,pointe-noire,"Chauffeur de Liaison VL Transport, Logistique & Supply Chain"
JOB250002301,CAISSIER,"Finance, Banque, Assurance, Comptabilité & Fiscalité",POINTE-NOIRE,CDD,Emploi Temporaire,MANAGEMENT ORGANISATIONNEL,,1.0,2025-09-24 00:00:00,,,,pointe-noire,"CAISSIER Finance, Banque, Assurance, Comptabilité & Fiscalité"
JOB250002410,Chauffeur VL,"Transport, Logistique & Supply Chain",POINTE-NOIRE,CDI,Emploi Durable,MANAGEMENT ORGANISATIONNEL,,1.0,2025-10-10 00:00:00,,,,pointe-noire,"Chauffeur VL Transport, Logistique & Supply Chain"
JOB250002439,Responsable Réseau,"Finance, Banque, Assurance, Comptabilité & Fiscalité",POINTE-NOIRE,CDD,Emploi Temporaire,MANAGEMENT ORGANISATIONNEL,,1.0,2025-10-16 00:00:00,,,,pointe-noire,"Responsable Réseau Finance, Banque, Assurance, Comptabilité & Fiscalité"
JOB250002441,Responsable négociation et opérations -OXIS OIL,"Pétrole, Gaz & Hydrocarbures",POINTE-NOIRE,CDD,Emploi Temporaire,MANAGEMENT ORGANISATIONNEL,,1.0,2025-10-16 00:00:00,,,,pointe-noire,"Responsable négociation et opérations -OXIS OIL Pétrole, Gaz & Hydrocarbures"
JOB250002489,Comptable Fournisseur,"Finance, Banque, Assurance, Comptabilité & Fiscalité",POINTE-NOIRE,CDI,Emploi Durable,MANAGEMENT ORGANISATIONNEL,,1.0,2025-10-23 00:00:00,,,,pointe-noire,"Comptable Fournisseur Finance, Banque, Assurance, Comptabilité & Fiscalité"
JOB250000921,DIRECTEURADMINISTRATIF ET FINANCIER,"Finance, Banque, Assurance, Comptabilité & Fiscalité",POINTE-NOIRE,CDI,Emploi Durable,MANAGEO CONSEILS,,1.0,2025-04-02 00:00:00,,,,pointe-noire,"DIRECTEURADMINISTRATIF ET FINANCIER Finance, Banque, Assurance, Comptabilité & Fiscalité"
JOB250001011,Responsable commercial & marketing,"Commerce, Vente, Marketing & Distribution",BRAZZAVILLE,CDD,Emploi Temporaire,MANERS CLEAN SECURITY,,1.0,2025-04-29 00:00:00,,,,brazzaville,"Responsable commercial & marketing Commerce, Vente, Marketing & Distribution"
JOB250001022,RESPONSABLE COMMERCIAL ET MARKETING EXPERIMENTEDANS LE DOMAINE DE LA SECURITE,"Commerce, Vente, Marketing & Distribution",BRAZZAVILLE,CDI,Emploi Durable,MANERS CLEAN SECURITY,,1.0,2025-05-03 00:00:00,,,,brazzaville,"RESPONSABLE COMMERCIAL ET MARKETING EXPERIMENTEDANS LE DOMAINE DE LA SECURITE Commerce, Vente, Marketing & Distribution"
JOB250001326,RESPONSABLE COMMERCIAL ET MARKETING EXPERIMENTEDANS LE DOMAINE DE LA SECURITE,"Sécurité, Sûreté & Défense",BRAZZAVILLE,CDI,Emploi Durable,MANERS CLEAN SECURITY,,1.0,2025-06-04 00:00:00,,,,brazzaville,"RESPONSABLE COMMERCIAL ET MARKETING EXPERIMENTEDANS LE DOMAINE DE LA SECURITE Sécurité, Sûreté & Défense"
JOB250001327,RESPONSABLE COMMERCIAL ET MARKETING EXPERIMENTEDANS LE DOMAINE DE LA SECURITE,"Sécurité, Sûreté & Défense",BRAZZAVILLE,CDI,Emploi Durable,MANERS CLEAN SECURITY,,1.0,2025-06-04 00:00:00,,,,brazzaville,"RESPONSABLE COMMERCIAL ET MARKETING EXPERIMENTEDANS LE DOMAINE DE LA SECURITE Sécurité, Sûreté & Défense"
JOB250001712,COMPTABLE,"Sécurité, Sûreté & Défense",POINTE-NOIRE,Contrat d'intérim,Emploi Temporaire,MANERS CLEAN SECURITY,,1.0,2025-07-19 00:00:00,,,,pointe-noire,"COMPTABLE Sécurité, Sûreté & Défense"
JOB250002077,Technicien – Pose de Caméras & GPS,"Sécurité, Sûreté & Défense",POINTE-NOIRE,Contrat d'intérim,Emploi Temporaire,MANERS CLEAN SECURITY,,1.0,2025-08-31 00:00:00,,,,pointe-noire,"Technicien – Pose de Caméras & GPS Sécurité, Sûreté & Défense"
JOB250002580,responsable technicocommercial grand compte,"Sécurité, Sûreté & Défense",BRAZZAVILLE,CDI,Emploi Durable,MANERS CLEAN SECURITY,,1.0,2025-11-04 00:00:00,,,,brazzaville,"responsable technicocommercial grand compte Sécurité, Sûreté & Défense"
JOB250002640,Responsable Commercial,"Transport, Logistique & Supply Chain",BRAZZAVILLE,CDI,Emploi Durable,MANERS CLEAN SECURITY,,1.0,2025-11-11 00:00:00,,,,brazzaville,"Responsable Commercial Transport, Logistique & Supply Chain"
JOB250002807,Community Manager,"Commerce, Vente, Marketing & Distribution",BRAZZAVILLE,CDI,Emploi Durable,MANERS CLEAN SECURITY,,1.0,2025-12-11 00:00:00,,,,brazzaville,"Community Manager Commerce, Vente, Marketing & Distribution"
NONREF000402,Agent Commercial,"Commerce, Vente, Marketing & Distribution",POINTE-NOIRE,CDD,Emploi Temporaire,MANERS CLEAN SECURITY,,1.0,2025-12-26,,,,pointe-noire,"Agent Commercial Commerce, Vente, Marketing & Distribution"
NONREF000144,Gestionnaire commerciale,"Bâtiment, Travaux Publics & Aménagement du Territoire",POINTE-NOIRE,CDD,Emploi Temporaire,MBTP,,1.0,2025-02-05 00:00:00,,,,pointe-noire,"Gestionnaire commerciale Bâtiment, Travaux Publics & Aménagement du Territoire"
JOB250002276,INGENIEUR DU SITE,"Bâtiment, Travaux Publics & Aménagement du Territoire",BRAZZAVILLE,CDD,Emploi Temporaire,MBTP,,1.0,2025-09-22 00:00:00,,,,brazzaville,"INGENIEUR DU SITE Bâtiment, Travaux Publics & Aménagement du Territoire"
JOB250002277,CHEF DE PROJET,"Bâtiment, Travaux Publics & Aménagement du Territoire",BRAZZAVILLE,CDD,Emploi Temporaire,MBTP,,1.0,2025-09-22 00:00:00,,,,brazzaville,"CHEF DE PROJET Bâtiment, Travaux Publics & Aménagement du Territoire"
JOB250002038,RESPONSABLE HSE,"Assurance Qualité, Contrôle, Testing (QHSE)",POINTE-NOIRE,CDI,Emploi Durable,MEDIOR ITALIA s.r.l,,1.0,2025-08-26 00:00:00,,,,pointe-noire,"RESPONSABLE HSE Assurance Qualité, Contrôle, Testing (QHSE)"
JOB250002429,Soudeur Certifié,"Industrie, Production & Maintenance",POINTE-NOIRE,CDI,Emploi Durable,MEDIOR ITALIA s.r.l,,1.0,2025-10-14 00:00:00,,,,pointe-noire,"Soudeur Certifié Industrie, Production & Maintenance"
JOB250000990,Operateur Western Union,"Finance, Banque, Assurance, Comptabilité & Fiscalité",BRAZZAVILLE,Contrat d'apprentissage,Alternance,MEGA SERVICES,,1.0,2025-04-24 00:00:00,,,,brazzaville,"Operateur Western Union Finance, Banque, Assurance, Comptabilité & Fiscalité"
JOB250002687,Cuisinier,Hôtellerie - Restauration,BRAZZAVILLE,CDD,Emploi Temporaire,MIKHAEL'S HOTEL & RESIDENCE,,1.0,2025-11-20 00:00:00,,,,brazzaville,Cuisinier Hôtellerie - Restauration
JOB250002690,SERVEUR,Hôtellerie - Restauration,BRAZZAVILLE,CDD,Emploi Temporaire,MIKHAEL'S HOTEL & RESIDENCE,,1.0,2025-11-20 00:00:00,,,,brazzaville,SERVEUR Hôtellerie - Restauration
JOB250002696,EQUIPIER,Hôtellerie - Restauration,BRAZZAVILLE,CDD,Emploi Temporaire,MIKHAEL'S HOTEL & RESIDENCE,,1.0,2025-11-21 00:00:00,,,,brazzaville,EQUIPIER Hôtellerie - Restauration
JOB250002698,CAISSIER,"Finance, Banque, Assurance, Comptabilité & Fiscalité",BRAZZAVILLE,CDD,Emploi Temporaire,MIKHAEL'S HOTEL & RESIDENCE,,1.0,2025-11-21 00:00:00,,,,brazzaville,"CAISSIER Finance, Banque, Assurance, Comptabilité & Fiscalité"
JOB250001218,Agent commercial,"Commerce, Vente, Marketing & Distribution",POINTE-NOIRE,CDD,Emploi Temporaire,MILLENNIUM MOTORS,,1.0,2025-05-23 00:00:00,,,,pointe-noire,"Agent commercial Commerce, Vente, Marketing & Distribution"
JOB250002562,SECRETAIRE,"Conseil, Stratégie & Gestion des Ressources Humaines",POINTE-NOIRE,CDD,Emploi Temporaire,MIRAGE SARL,,1.0,2025-11-04 00:00:00,,,,pointe-noire,"SECRETAIRE Conseil, Stratégie & Gestion des Ressources Humaines"
JOB250001417,spécialiste recrutement et intégration,"Finance, Banque, Assurance, Comptabilité & Fiscalité",BRAZZAVILLE,CDD,Emploi Temporaire,MOBILE MONEY CONGO S.A (MOMO) ,,1.0,2025-06-13 00:00:00,,,,brazzaville,"spécialiste recrutement et intégration Finance, Banque, Assurance, Comptabilité & Fiscalité"
JOB250002081,MANAGER COMPLIANCE & AML,"Finance, Banque, Assurance, Comptabilité & Fiscalité",BRAZZAVILLE,CDD,Emploi Temporaire,MOBILE MONEY CONGO S.A (MOMO) ,,1.0,2025-09-01 00:00:00,,,,brazzaville,"MANAGER COMPLIANCE & AML Finance, Banque, Assurance, Comptabilité & Fiscalité"
JOB250002555,Spécialiste Trésorerie,"Finance, Banque, Assurance, Comptabilité & Fiscalité",BRAZZAVILLE,CDD,Emploi Temporaire,MOBILE MONEY CONGO S.A (MOMO) ,,1.0,2025-11-03 00:00:00,,,,brazzaville,"Spécialiste Trésorerie Finance, Banque, Assurance, Comptabilité & Fiscalité"
JOB250002697,SPECIALISTE JURIDIQUE,"Informatique, Data, Télécommunications & Digital",BRAZZAVILLE,CDI,Emploi Durable,MOBILE MONEY CONGO S.A (MOMO) ,,1.0,2025-11-21 00:00:00,,,,brazzaville,"SPECIALISTE JURIDIQUE Informatique, Data, Télécommunications & Digital"
JOB250001268,Responsable Monitoring & Certification,"Finance, Banque, Assurance, Comptabilité & Fiscalité",BRAZZAVILLE,CDD,Emploi Temporaire,MOKABI SAU,,1.0,2025-05-28 00:00:00,,,,brazzaville,"Responsable Monitoring & Certification Finance, Banque, Assurance, Comptabilité & Fiscalité"
JOB250001495,Ecogarde :,Exploitation Forestière & Bois,BRAZZAVILLE,CDD,Emploi Temporaire,MOKABI SAU,,3.0,2025-06-23 00:00:00,,,,brazzaville,Ecogarde : Exploitation Forestière & Bois
JOB250001529,ASSISTANT SOCIAL,Exploitation Forestière & Bois,BRAZZAVILLE,CDD,Emploi Temporaire,MOKABI SAU,,1.0,2025-06-26 00:00:00,,,,brazzaville,ASSISTANT SOCIAL Exploitation Forestière & Bois
JOB250001878,Chargé logistique,"Transport, Logistique & Supply Chain",BRAZZAVILLE,CDD,Emploi Temporaire,MOKABI SAU,,1.0,2025-08-06 00:00:00,,,,brazzaville,"Chargé logistique Transport, Logistique & Supply Chain"
JOB250002062,COMPTABLE SENIOR,Exploitation Forestière & Bois,BRAZZAVILLE,CDD,Emploi Temporaire,MOKABI SAU,,1.0,2025-08-29 00:00:00,,,,brazzaville,COMPTABLE SENIOR Exploitation Forestière & Bois
JOB250002257,OPERATEUR DE SAISIE-ORDONNANCEMENT,Exploitation Forestière & Bois,BRAZZAVILLE,CDD,Emploi Temporaire,MOKABI SAU,,1.0,2025-09-17 00:00:00,,,,brazzaville,OPERATEUR DE SAISIE-ORDONNANCEMENT Exploitation Forestière & Bois
JOB250002258,OPERATEUR DE SAISIECARTOGRAPHIE,"Bâtiment, Travaux Publics & Aménagement du Territoire",BRAZZAVILLE,CDD,Emploi Temporaire,MOKABI SAU,,1.0,2025-09-17 00:00:00,,,,brazzaville,"OPERATEUR DE SAISIECARTOGRAPHIE Bâtiment, Travaux Publics & Aménagement du Territoire"
JOB250002259,VENDEUR EN PHARMACIE,"Santé, Pharmacie & Recherche Scientifique",BRAZZAVILLE,CDD,Emploi Temporaire,MOKABI SAU,,1.0,2025-09-17 00:00:00,,,,brazzaville,"VENDEUR EN PHARMACIE Santé, Pharmacie & Recherche Scientifique"
JOB250002260,Infirmier diplômé d'état,"Santé, Pharmacie & Recherche Scientifique",BRAZZAVILLE,CDD,Emploi Temporaire,MOKABI SAU,,1.0,2025-09-18 00:00:00,,,,brazzaville,"Infirmier diplômé d'état Santé, Pharmacie & Recherche Scientifique"
JOB250002263,POMPISTE,"Transport, Logistique & Supply Chain",BRAZZAVILLE,CDD,Emploi Temporaire,MOKABI SAU,,1.0,2025-09-19 00:00:00,,,,brazzaville,"POMPISTE Transport, Logistique & Supply Chain"
JOB250002264,ASSISTANT SOCIAL,ONG & Social,BRAZZAVILLE,CDD,Emploi Temporaire,MOKABI SAU,,1.0,2025-09-19 00:00:00,,,,brazzaville,ASSISTANT SOCIAL ONG & Social
JOB250002333,LABORANTIN,Exploitation Forestière & Bois,BRAZZAVILLE,CDD,Emploi Temporaire,MOKABI SAU,,1.0,2025-10-02 00:00:00,,,,brazzaville,LABORANTIN Exploitation Forestière & Bois
JOB250002375,ADJOINT CHEF DE SERVICE SCIERIE,Exploitation Forestière & Bois,BRAZZAVILLE,CDD,Emploi Temporaire,MOKABI SAU,,1.0,2025-10-08 00:00:00,,,,brazzaville,ADJOINT CHEF DE SERVICE SCIERIE Exploitation Forestière & Bois
JOB250002376,Responsable Logistique,"Transport, Logistique & Supply Chain",BRAZZAVILLE,CDD,Emploi Temporaire,MOKABI SAU,,1.0,2025-10-08 00:00:00,,,,brazzaville,"Responsable Logistique Transport, Logistique & Supply Chain"
JOB250002377,RESPONSABLE DE GESTION DES PROCEDURES,"Conseil, Stratégie & Gestion des Ressources Humaines",BRAZZAVILLE,CDD,Emploi Temporaire,MOKABI SAU,,1.0,2025-10-08 00:00:00,,,,brazzaville,"RESPONSABLE DE GESTION DES PROCEDURES Conseil, Stratégie & Gestion des Ressources Humaines"
JOB250002378,Assistant Ressources Humaines,"Conseil, Stratégie & Gestion des Ressources Humaines",BRAZZAVILLE,CDD,Emploi Temporaire,MOKABI SAU,,1.0,2025-10-08 00:00:00,,,,brazzaville,"Assistant Ressources Humaines Conseil, Stratégie & Gestion des Ressources Humaines"
JOB250002379,AGENT ADMINISTRATIF ET CAISSE,"Finance, Banque, Assurance, Comptabilité & Fiscalité",BRAZZAVILLE,CDD,Emploi Temporaire,MOKABI SAU,,1.0,2025-10-08 00:00:00,,,,brazzaville,"AGENT ADMINISTRATIF ET CAISSE Finance, Banque, Assurance, Comptabilité & Fiscalité"
JOB250002609,Directeur des Opérations,ONG & Social,IMPFONDO,CDD,Emploi Temporaire,MOKABI SAU,,1.0,2025-11-07 00:00:00,,,,impfondo,Directeur des Opérations ONG & Social
JOB250002619,Responsable Relation Employés,"Conseil, Stratégie & Gestion des Ressources Humaines",IMPFONDO,CDD,Emploi Temporaire,MOKABI SAU,,1.0,2025-11-07 00:00:00,,,,impfondo,"Responsable Relation Employés Conseil, Stratégie & Gestion des Ressources Humaines"
JOB250002707,Conducteur de Pelle Hydraulique,"Pétrole, Gaz & Hydrocarbures",BRAZZAVILLE,CDD,Emploi Temporaire,MOKABI SAU,,1.0,2025-11-24 00:00:00,,,,brazzaville,"Conducteur de Pelle Hydraulique Pétrole, Gaz & Hydrocarbures"
JOB250002711,MECANICIEN POIDS LOURD,Exploitation Forestière & Bois,BRAZZAVILLE,CDD,Emploi Temporaire,MOKABI SAU,,1.0,2025-11-24 00:00:00,,,,brazzaville,MECANICIEN POIDS LOURD Exploitation Forestière & Bois
JOB250002803,Assistant voyage et déplacement,Exploitation Forestière & Bois,IMPFONDO,CDD,Emploi Temporaire,MOKABI SAU,,1.0,2025-12-11 00:00:00,,,,impfondo,Assistant voyage et déplacement Exploitation Forestière & Bois
JOB250000903,ASSISTANT ADMINISTRATIF,"Conseil, Stratégie & Gestion des Ressources Humaines",POINTE-NOIRE,Contrat de professionnalisation,Alternance,MOONLIGHT VISION,,1.0,2025-03-28 00:00:00,,,,pointe-noire,"ASSISTANT ADMINISTRATIF Conseil, Stratégie & Gestion des Ressources Humaines"
JOB250001844,Chauffeur poids lourds semi remorque,"Transport, Logistique & Supply Chain",POINTE-NOIRE,CDD,Emploi Temporaire,MOONLIGHT VISION,,1.0,2025-08-01 00:00:00,,,,pointe-noire,"Chauffeur poids lourds semi remorque Transport, Logistique & Supply Chain"
JOB250001845,Conducteur d'Engin,"Transport, Logistique & Supply Chain",POINTE-NOIRE,CDD,Emploi Temporaire,MOONLIGHT VISION,,1.0,2025-08-01 00:00:00,,,,pointe-noire,"Conducteur d'Engin Transport, Logistique & Supply Chain"
JOB250002073,Conducteur de grue à tubes,"Transport, Logistique & Supply Chain",POINTE-NOIRE,CDD,Emploi Temporaire,MOONLIGHT VISION,,1.0,2025-08-29 00:00:00,,,,pointe-noire,"Conducteur de grue à tubes Transport, Logistique & Supply Chain"
JOB250002074,Chauffeur poids lourds semi remorque,"Commerce, Vente, Marketing & Distribution",POINTE-NOIRE,CDD,Emploi Temporaire,MOONLIGHT VISION,,1.0,2025-08-29 00:00:00,,,,pointe-noire,"Chauffeur poids lourds semi remorque Commerce, Vente, Marketing & Distribution"
JOB250002193,Soudeur,"Bâtiment, Travaux Publics & Aménagement du Territoire",POINTE-NOIRE,CDD,Emploi Temporaire,MOONLIGHT VISION,,1.0,2025-09-10 00:00:00,,,,pointe-noire,"Soudeur Bâtiment, Travaux Publics & Aménagement du Territoire"
JOB250002302,Aide Opérateur,"Pétrole, Gaz & Hydrocarbures",POINTE-NOIRE,CDD,Emploi Temporaire,MOONLIGHT VISION,,1.0,2025-09-24 00:00:00,,,,pointe-noire,"Aide Opérateur Pétrole, Gaz & Hydrocarbures"
STG250001842,Aide employé de bureau Administratif,"Conseil, Stratégie & Gestion des Ressources Humaines",MAYOKO,Stage en alternance,Alternance,MOONLIGHT VISION,,1.0,2025-08-01 00:00:00,,,,mayoko,"Aide employé de bureau Administratif Conseil, Stratégie & Gestion des Ressources Humaines"
JOB250002424,Conducteur d'Engin,"Commerce, Vente, Marketing & Distribution",POINTE-NOIRE,CDD,Emploi Temporaire,MOONLIGHT VISION,,1.0,2025-10-13 00:00:00,,,,pointe-noire,"Conducteur d'Engin Commerce, Vente, Marketing & Distribution"
JOB250002425,MAGASINIER,"Transport, Logistique & Supply Chain",POINTE-NOIRE,CDD,Emploi Temporaire,MOONLIGHT VISION,,1.0,2025-10-13 00:00:00,,,,pointe-noire,"MAGASINIER Transport, Logistique & Supply Chain"
JOB250002678,Conducteur d'Engin,"Commerce, Vente, Marketing & Distribution",POINTE-NOIRE,CDD,Emploi Temporaire,MOONLIGHT VISION,,1.0,2025-11-19 00:00:00,,,,pointe-noire,"Conducteur d'Engin Commerce, Vente, Marketing & Distribution"
NONREF000039,Assistante comptable,"Conseil, Stratégie & Gestion des Ressources Humaines",POINTE-NOIRE,CDD,Emploi Temporaire,MSA,,1.0,2025-01-14 00:00:00,,,,pointe-noire,"Assistante comptable Conseil, Stratégie & Gestion des Ressources Humaines"
JOB250001009,COMMERCIAL,"Communication, Médias & Événementiel",BRAZZAVILLE,CDI,Emploi Durable,MTN CONGO ,,1.0,2025-04-29 00:00:00,,,,brazzaville,"COMMERCIAL Communication, Médias & Événementiel"
JOB250002127,COORDINATEUR ITINERAIRE ET INTERCONNEXION,"Informatique, Data, Télécommunications & Digital",BRAZZAVILLE,CDD,Emploi Temporaire,MTN CONGO ,,1.0,2025-09-04 00:00:00,,,,brazzaville,"COORDINATEUR ITINERAIRE ET INTERCONNEXION Informatique, Data, Télécommunications & Digital"
JOB250002363,DIRECTEUR COMMERCIAL (VENTE & DISTRIBUTION),"Commerce, Vente, Marketing & Distribution",BRAZZAVILLE,CDD,Emploi Temporaire,MTN CONGO ,,1.0,2025-10-07 00:00:00,,,,brazzaville,"DIRECTEUR COMMERCIAL (VENTE & DISTRIBUTION) Commerce, Vente, Marketing & Distribution"
JOB250002520,Coordinateur large Entreprise,"Communication, Médias & Événementiel",BRAZZAVILLE,CDD,Emploi Temporaire,MTN CONGO ,,1.0,2025-10-27 00:00:00,,,,brazzaville,"Coordinateur large Entreprise Communication, Médias & Événementiel"
JOB250002521,MANAGER BRAND & ADVERTISING,"Informatique, Data, Télécommunications & Digital",BRAZZAVILLE,CDD,Emploi Temporaire,MTN CONGO ,,1.0,2025-10-27 00:00:00,,,,brazzaville,"MANAGER BRAND & ADVERTISING Informatique, Data, Télécommunications & Digital"
JOB250002554,Responsable communication et marketing,"Informatique, Data, Télécommunications & Digital",BRAZZAVILLE,CDD,Emploi Temporaire,MTN CONGO ,,1.0,2025-11-03 00:00:00,,,,brazzaville,"Responsable communication et marketing Informatique, Data, Télécommunications & Digital"
JOB250000940,Chef d'Agence,Immobilier,BRAZZAVILLE,CDD,Emploi Temporaire,NBY IMMOBILIER CONSEILS,,1.0,2025-04-16 00:00:00,,,,brazzaville,Chef d'Agence Immobilier
JOB250001576,OFFICE MANAGER,"Énergie, Environnement & Eau",BRAZZAVILLE,CDD,Emploi Temporaire,Néa Imboulou,,1.0,2025-07-02 00:00:00,,,,brazzaville,"OFFICE MANAGER Énergie, Environnement & Eau"
JOB250002487,Assistant Comptable et Financière,"Finance, Banque, Assurance, Comptabilité & Fiscalité",POINTE-NOIRE,CDI,Emploi Durable,NEEDLEWORK AND BUSINESS CORPORATION,,1.0,2025-10-23 00:00:00,,,,pointe-noire,"Assistant Comptable et Financière Finance, Banque, Assurance, Comptabilité & Fiscalité"
JOB250002832,Chargé d'Affaires,"Bâtiment, Travaux Publics & Aménagement du Territoire",POINTE-NOIRE,CDI,Emploi Durable,NEEDLEWORK AND BUSINESS CORPORATION,,1.0,2025-12-15 00:00:00,,,,pointe-noire,"Chargé d'Affaires Bâtiment, Travaux Publics & Aménagement du Territoire"
JOB250000893,INFIRMIER D'ETAT GENERALISTE BILINGUE,"Santé, Pharmacie & Recherche Scientifique",POINTE-NOIRE,CDI,Emploi Durable,NETCO CONGO,,1.0,2025-03-24 00:00:00,,,,pointe-noire,"INFIRMIER D'ETAT GENERALISTE BILINGUE Santé, Pharmacie & Recherche Scientifique"
JOB250001631,COMMERCIAL SENIOR,"Conseil, Stratégie & Gestion des Ressources Humaines",POINTE-NOIRE,CDD,Emploi Temporaire,NMJ  ALLOWANCE,,1.0,2025-07-07 00:00:00,,,,pointe-noire,"COMMERCIAL SENIOR Conseil, Stratégie & Gestion des Ressources Humaines"
NONREF000106,Assistant RAF,"Tourisme, Loisirs & Voyages",POINTE-NOIRE,CDD,Emploi Temporaire,NOE PARC NATIONAL,,1.0,2025-02-10 00:00:00,,,,pointe-noire,"Assistant RAF Tourisme, Loisirs & Voyages"
NONREF000205,Resp du départelent dpt cnautaire,"Tourisme, Loisirs & Voyages",POINTE-NOIRE,CDD,Emploi Temporaire,NOE PARC NATIONAL,,1.0,2025-02-10 00:00:00,,,,pointe-noire,"Resp du départelent dpt cnautaire Tourisme, Loisirs & Voyages"
NONREF000217,Responsable P M Logistique,"Tourisme, Loisirs & Voyages",POINTE-NOIRE,CDD,Emploi Temporaire,NOE PARC NATIONAL,,1.0,2025-02-10 00:00:00,,,,pointe-noire,"Responsable P M Logistique Tourisme, Loisirs & Voyages"
JOB250001940,Country manager,"Commerce, Vente, Marketing & Distribution",BRAZZAVILLE,CDD,Emploi Temporaire,NOKI NOKI SERVICES SARL,,1.0,2025-08-13 00:00:00,,,,brazzaville,"Country manager Commerce, Vente, Marketing & Distribution"
JOB250001942,Directeur des Opérations,"Commerce, Vente, Marketing & Distribution",BRAZZAVILLE,CDD,Emploi Temporaire,NOKI NOKI SERVICES SARL,,1.0,2025-08-13 00:00:00,,,,brazzaville,"Directeur des Opérations Commerce, Vente, Marketing & Distribution"
JOB250001949,Responsable Logistique,"Transport, Logistique & Supply Chain",BRAZZAVILLE,CDD,Emploi Temporaire,NOKI NOKI SERVICES SARL,,1.0,2025-08-13 00:00:00,,,,brazzaville,"Responsable Logistique Transport, Logistique & Supply Chain"
JOB250002029,Agent Call Center (Compte client),"Transport, Logistique & Supply Chain",POINTE-NOIRE,CDD,Emploi Temporaire,NOKI NOKI SERVICES SARL,,2.0,2025-08-22 00:00:00,,,,pointe-noire,"Agent Call Center (Compte client) Transport, Logistique & Supply Chain"
JOB250002030,Agent Call Center ( Particulier),"Transport, Logistique & Supply Chain",POINTE-NOIRE,CDD,Emploi Temporaire,NOKI NOKI SERVICES SARL,,1.0,2025-08-22 00:00:00,,,,pointe-noire,"Agent Call Center ( Particulier) Transport, Logistique & Supply Chain"
JOB250002031,Assistant Logistique Support,"Transport, Logistique & Supply Chain",POINTE-NOIRE,CDD,Emploi Temporaire,NOKI NOKI SERVICES SARL,,1.0,2025-08-22 00:00:00,,,,pointe-noire,"Assistant Logistique Support Transport, Logistique & Supply Chain"
JOB250002045,Assistant Logistique ( Stockage),"Transport, Logistique & Supply Chain",POINTE-NOIRE,CDD,Emploi Temporaire,NOKI NOKI SERVICES SARL,,1.0,2025-08-26 00:00:00,,,,pointe-noire,"Assistant Logistique ( Stockage) Transport, Logistique & Supply Chain"
JOB250002048,CAISSIER,"Transport, Logistique & Supply Chain",POINTE-NOIRE,CDD,Emploi Temporaire,NOKI NOKI SERVICES SARL,,1.0,2025-08-26 00:00:00,,,,pointe-noire,"CAISSIER Transport, Logistique & Supply Chain"
JOB250002051,ChargéE-Commerce,"Transport, Logistique & Supply Chain",POINTE-NOIRE,CDD,Emploi Temporaire,NOKI NOKI SERVICES SARL,,1.0,2025-08-26 00:00:00,,,,pointe-noire,"ChargéE-Commerce Transport, Logistique & Supply Chain"
JOB250002191,RESPONSABLECONTROLE DE GESTION,"Finance, Banque, Assurance, Comptabilité & Fiscalité",BRAZZAVILLE,CDD,Emploi Temporaire,NSIA ASSURANCES,,1.0,2025-09-09 00:00:00,,,,brazzaville,"RESPONSABLECONTROLE DE GESTION Finance, Banque, Assurance, Comptabilité & Fiscalité"
JOB250002192,PRODUCTEUR,"Finance, Banque, Assurance, Comptabilité & Fiscalité",BRAZZAVILLE,CDD,Emploi Temporaire,NSIA ASSURANCES,,1.0,2025-09-09 00:00:00,,,,brazzaville,"PRODUCTEUR Finance, Banque, Assurance, Comptabilité & Fiscalité"
JOB250002194,RESPONSABLE TECHNIQUE,"Finance, Banque, Assurance, Comptabilité & Fiscalité",BRAZZAVILLE,CDD,Emploi Temporaire,NSIA ASSURANCES,,1.0,2025-09-10 00:00:00,,,,brazzaville,"RESPONSABLE TECHNIQUE Finance, Banque, Assurance, Comptabilité & Fiscalité"
JOB250002565,Commercial B2B- Plateforme de Fidélité,"Commerce, Vente, Marketing & Distribution",POINTE-NOIRE,CDI,Emploi Durable,NYOTA,,1.0,2025-11-04 00:00:00,,,,pointe-noire,"Commercial B2B- Plateforme de Fidélité Commerce, Vente, Marketing & Distribution"
JOB250002320,ASSISTANT COMPTABLE,"Finance, Banque, Assurance, Comptabilité & Fiscalité",POINTE-NOIRE,CDD,Emploi Temporaire,OCEAN CREWING CONGO,,1.0,2025-09-30 00:00:00,,,,pointe-noire,"ASSISTANT COMPTABLE Finance, Banque, Assurance, Comptabilité & Fiscalité"
JOB250001269,Chauffeur,"Commerce, Vente, Marketing & Distribution",BRAZZAVILLE,CDD,Emploi Temporaire,OCEAN DU NORD,,40.0,2025-05-28 00:00:00,,,,brazzaville,"Chauffeur Commerce, Vente, Marketing & Distribution"
JOB250001182,DIRECTEUR TECHNIQUE ADJOINTE,"Finance, Banque, Assurance, Comptabilité & Fiscalité",POINTE-NOIRE,CDD,Emploi Temporaire,OLEA CONGO,,1.0,2025-05-20 00:00:00,,,,pointe-noire,"DIRECTEUR TECHNIQUE ADJOINTE Finance, Banque, Assurance, Comptabilité & Fiscalité"
JOB250000880,Coordonnateur Filières Vertes et conflits Homme Faune,"Énergie, Environnement & Eau",Kouilou,CDD,Emploi Temporaire,ONG NOE,,1.0,2025-03-19 00:00:00,,,,kouilou,"Coordonnateur Filières Vertes et conflits Homme Faune Énergie, Environnement & Eau"
JOB250001629,ASSISTANT ACHATS ET LOGISTIQUE,"Conseil, Stratégie & Gestion des Ressources Humaines",Kouilou,CDD,Emploi Temporaire,ONG NOE,,1.0,2025-07-07 00:00:00,,,,kouilou,"ASSISTANT ACHATS ET LOGISTIQUE Conseil, Stratégie & Gestion des Ressources Humaines"
JOB250001925,Agent d'entretien,Nettoyage & Blanchisserie,POINTE-NOIRE,CDD,Emploi Temporaire,ONG NOE,,1.0,2025-08-12 00:00:00,,,,pointe-noire,Agent d'entretien Nettoyage & Blanchisserie
JOB250002745,Technicien Filières Vertes,"Énergie, Environnement & Eau",POINTE-NOIRE,CDD,Emploi Temporaire,ONG NOE,,1.0,2025-11-27 00:00:00,,,,pointe-noire,"Technicien Filières Vertes Énergie, Environnement & Eau"
NONREF000033,Assistant technique,"Tourisme, Loisirs & Voyages",POINTE-NOIRE,CDD,Emploi Temporaire,PARC NATIONAL,,1.0,2025-01-23 00:00:00,,,,pointe-noire,"Assistant technique Tourisme, Loisirs & Voyages"
NONREF000164,Logisticienne,"Tourisme, Loisirs & Voyages",POINTE-NOIRE,CDD,Emploi Temporaire,PARC NATIONAL,,1.0,2025-01-23 00:00:00,,,,pointe-noire,"Logisticienne Tourisme, Loisirs & Voyages"
JOB250001656,Business Development Manager,"Conseil, Stratégie & Gestion des Ressources Humaines",POINTE-NOIRE,CDI,Emploi Durable,PARLYM INTERNATIONAL CONGO SAU,,1.0,2025-07-10 00:00:00,,,,pointe-noire,"Business Development Manager Conseil, Stratégie & Gestion des Ressources Humaines"
JOB250001658,Assistant QC Peinture,"Bâtiment, Travaux Publics & Aménagement du Territoire",POINTE-NOIRE,CDD,Emploi Temporaire,PARLYM INTERNATIONAL CONGO SAU,,1.0,2025-07-10 00:00:00,,,,pointe-noire,"Assistant QC Peinture Bâtiment, Travaux Publics & Aménagement du Territoire"
JOB250001659,Responsable Administratif et Financier,"Conseil, Stratégie & Gestion des Ressources Humaines",POINTE-NOIRE,CDI,Emploi Durable,PARLYM INTERNATIONAL CONGO SAU,,1.0,2025-07-11 00:00:00,,,,pointe-noire,"Responsable Administratif et Financier Conseil, Stratégie & Gestion des Ressources Humaines"
JOB250002197,CSO-Country Security Officer ( Responsable Sureté),"Sécurité, Sûreté & Défense",POINTE-NOIRE,CDD,Emploi Temporaire,PARLYM INTERNATIONAL CONGO SAU,,1.0,2025-09-10 00:00:00,,,,pointe-noire,"CSO-Country Security Officer ( Responsable Sureté) Sécurité, Sûreté & Défense"
JOB250002353,Chef de Projet Marine,"Pétrole, Gaz & Hydrocarbures",POINTE-NOIRE,CDD,Emploi Temporaire,PARLYM INTERNATIONAL CONGO SAU,,1.0,2025-10-06 00:00:00,,,,pointe-noire,"Chef de Projet Marine Pétrole, Gaz & Hydrocarbures"
JOB250002354,Assistant Technique Marine,"Pétrole, Gaz & Hydrocarbures",POINTE-NOIRE,CDD,Emploi Temporaire,PARLYM INTERNATIONAL CONGO SAU,,1.0,2025-10-06 00:00:00,,,,pointe-noire,"Assistant Technique Marine Pétrole, Gaz & Hydrocarbures"
JOB250000994,DIRECTEUR ADMINISTRATIF ET FINANCIER,"Conseil, Stratégie & Gestion des Ressources Humaines",POINTE-NOIRE,CDI,Emploi Durable,PETROCONGO,,1.0,2025-04-25 00:00:00,,,,pointe-noire,"DIRECTEUR ADMINISTRATIF ET FINANCIER Conseil, Stratégie & Gestion des Ressources Humaines"
JOB250000995,Réceptionniste,"Conseil, Stratégie & Gestion des Ressources Humaines",POINTE-NOIRE,CDI,Emploi Durable,PETROCONGO,,1.0,2025-04-25 00:00:00,,,,pointe-noire,"Réceptionniste Conseil, Stratégie & Gestion des Ressources Humaines"
JOB250000996,Assistant de Direction,"Conseil, Stratégie & Gestion des Ressources Humaines",POINTE-NOIRE,CDI,Emploi Durable,PETROCONGO,,1.0,2025-04-25 00:00:00,,,,pointe-noire,"Assistant de Direction Conseil, Stratégie & Gestion des Ressources Humaines"
JOB250000997,INGENIEUR GEOLOGUE,"Pétrole, Gaz & Hydrocarbures",POINTE-NOIRE,CDI,Emploi Durable,PETROCONGO,,1.0,2025-04-25 00:00:00,,,,pointe-noire,"INGENIEUR GEOLOGUE Pétrole, Gaz & Hydrocarbures"
JOB250000998,Chef comptable,"Finance, Banque, Assurance, Comptabilité & Fiscalité",POINTE-NOIRE,CDI,Emploi Durable,PETROCONGO,,1.0,2025-04-25 00:00:00,,,,pointe-noire,"Chef comptable Finance, Banque, Assurance, Comptabilité & Fiscalité"
JOB250000999,Assistant Ressources Humaines,"Conseil, Stratégie & Gestion des Ressources Humaines",POINTE-NOIRE,CDI,Emploi Durable,PETROCONGO,,1.0,2025-04-25 00:00:00,,,,pointe-noire,"Assistant Ressources Humaines Conseil, Stratégie & Gestion des Ressources Humaines"
JOB250001000,Chauffeur,"Transport, Logistique & Supply Chain",POINTE-NOIRE,CDI,Emploi Durable,PETROCONGO,,1.0,2025-04-25 00:00:00,,,,pointe-noire,"Chauffeur Transport, Logistique & Supply Chain"
JOB250001001,INGENIEUR INFORMATICIEN,"Informatique, Data, Télécommunications & Digital",POINTE-NOIRE,CDI,Emploi Durable,PETROCONGO,,1.0,2025-04-25 00:00:00,,,,pointe-noire,"INGENIEUR INFORMATICIEN Informatique, Data, Télécommunications & Digital"
JOB250001438,RESPONSABLE MARKETING ET COMMERCIAL,"Commerce, Vente, Marketing & Distribution",POINTE-NOIRE,CDD,Emploi Temporaire,PETROPIPE CONGO,,1.0,2025-06-19 00:00:00,,,,pointe-noire,"RESPONSABLE MARKETING ET COMMERCIAL Commerce, Vente, Marketing & Distribution"
JOB250002151,VENDEUR EN PHARMACIE,"Santé, Pharmacie & Recherche Scientifique",POINTE-NOIRE,CDD,Emploi Temporaire,Pharmacie Banque de Vie,,1.0,2025-09-05 00:00:00,,,,pointe-noire,"VENDEUR EN PHARMACIE Santé, Pharmacie & Recherche Scientifique"
NONREF000035,Assistante,"Santé, Pharmacie & Recherche Scientifique",POINTE-NOIRE,CDD,Emploi Temporaire,PHARMACIE CROIX DU SUD,,1.0,2025-01-29 00:00:00,,,,pointe-noire,"Assistante Santé, Pharmacie & Recherche Scientifique"
NONREF000053,Auxiliaires en pharmacie,"Santé, Pharmacie & Recherche Scientifique",POINTE-NOIRE,CDD,Emploi Temporaire,PHARMACIE CROIX DU SUD,,5.0,2025-01-29 00:00:00,,,,pointe-noire,"Auxiliaires en pharmacie Santé, Pharmacie & Recherche Scientifique"
JOB250002020,Auxiliaire en Pharmacie,"Santé, Pharmacie & Recherche Scientifique",POINTE-NOIRE,CDD,Emploi Temporaire,Pharmacie Croix du Sud ,,1.0,2025-08-20 00:00:00,,,,pointe-noire,"Auxiliaire en Pharmacie Santé, Pharmacie & Recherche Scientifique"
JOB250002473,Auxiliaire en Pharmacie,"Santé, Pharmacie & Recherche Scientifique",POINTE-NOIRE,CDD,Emploi Temporaire,Pharmacie Croix du Sud ,,1.0,2025-10-22 00:00:00,,,,pointe-noire,"Auxiliaire en Pharmacie Santé, Pharmacie & Recherche Scientifique"
JOB250001113,Preparateur en pharmacie,"Santé, Pharmacie & Recherche Scientifique",BRAZZAVILLE,CDD,Emploi Temporaire,Pharmacie DAFFE,,1.0,2025-05-12 00:00:00,,,,brazzaville,"Preparateur en pharmacie Santé, Pharmacie & Recherche Scientifique"
JOB250001120,Vendeur en Pharmacie,"Santé, Pharmacie & Recherche Scientifique",BRAZZAVILLE,CDD,Emploi Temporaire,Pharmacie DAFFE,,1.0,2025-05-12 00:00:00,,,,brazzaville,"Vendeur en Pharmacie Santé, Pharmacie & Recherche Scientifique"
JOB250001012,Vendeur en Pharmacie,"Santé, Pharmacie & Recherche Scientifique",BRAZZAVILLE,CDI,Emploi Durable,pharmacie Galien,,1.0,2025-04-29 00:00:00,,,,brazzaville,"Vendeur en Pharmacie Santé, Pharmacie & Recherche Scientifique"
JOB250002510,TRADUCTEUR-COORDINATEUR,"Bâtiment, Travaux Publics & Aménagement du Territoire",BRAZZAVILLE,CDD,Emploi Temporaire,PIPELINE DU CONGO,,1.0,2025-10-24 00:00:00,,,,brazzaville,"TRADUCTEUR-COORDINATEUR Bâtiment, Travaux Publics & Aménagement du Territoire"
JOB250002512,Directeur des Opérations,ONG & Social,BRAZZAVILLE,CDI,Emploi Durable,PIPELINE DU CONGO,,1.0,2025-10-24 00:00:00,,,,brazzaville,Directeur des Opérations ONG & Social
JOB250002513,CONSEILLER DU DIRECTEUR GENERAL,"Bâtiment, Travaux Publics & Aménagement du Territoire",BRAZZAVILLE,CDI,Emploi Durable,PIPELINE DU CONGO,,1.0,2025-10-24 00:00:00,,,,brazzaville,"CONSEILLER DU DIRECTEUR GENERAL Bâtiment, Travaux Publics & Aménagement du Territoire"
JOB250002517,Directeur des Opérations,ONG & Social,BRAZZAVILLE,CDI,Emploi Durable,PIPELINE DU CONGO,,1.0,2025-10-27 00:00:00,,,,brazzaville,Directeur des Opérations ONG & Social
JOB250002518,CONSEILLER DU DIRECTEUR GENERAL,"Bâtiment, Travaux Publics & Aménagement du Territoire",BRAZZAVILLE,CDI,Emploi Durable,PIPELINE DU CONGO,,1.0,2025-10-27 00:00:00,,,,brazzaville,"CONSEILLER DU DIRECTEUR GENERAL Bâtiment, Travaux Publics & Aménagement du Territoire"
JOB250002519,TRADUCTEUR-COORDINATEUR,"Bâtiment, Travaux Publics & Aménagement du Territoire",BRAZZAVILLE,CDI,Emploi Durable,PIPELINE DU CONGO,,1.0,2025-10-27 00:00:00,,,,brazzaville,"TRADUCTEUR-COORDINATEUR Bâtiment, Travaux Publics & Aménagement du Territoire"
JOB250000895,Directeur Général,"Industrie, Production & Maintenance",POINTE-NOIRE,CDD,Emploi Temporaire,PLATEFORMES INDUSTRIELLES DU CONGO PIC,,1.0,2025-03-25 00:00:00,,,,pointe-noire,"Directeur Général Industrie, Production & Maintenance"
JOB250000896,RESPONSABLE DE L'ENVIRONNEMENT DU SOCIAL ET DE LA GOUVERNANCE,"Industrie, Production & Maintenance",POINTE-NOIRE,CDD,Emploi Temporaire,PLATEFORMES INDUSTRIELLES DU CONGO PIC,,1.0,2025-03-26 00:00:00,,,,pointe-noire,"RESPONSABLE DE L'ENVIRONNEMENT DU SOCIAL ET DE LA GOUVERNANCE Industrie, Production & Maintenance"
JOB250001695,Superviseur Projet,"Commerce, Vente, Marketing & Distribution",POINTE-NOIRE,CDD,Emploi Temporaire,PLATEFORMES INDUSTRIELLES DU CONGO PIC,,1.0,2025-07-15 00:00:00,,,,pointe-noire,"Superviseur Projet Commerce, Vente, Marketing & Distribution"
JOB250001711,RESPONSABLE FINANCIER,"Finance, Banque, Assurance, Comptabilité & Fiscalité",POINTE-NOIRE,CDD,Emploi Temporaire,PLATEFORMES INDUSTRIELLES DU CONGO PIC,,1.0,2025-07-18 00:00:00,,,,pointe-noire,"RESPONSABLE FINANCIER Finance, Banque, Assurance, Comptabilité & Fiscalité"
JOB250001772,RESPONSABLE FINANCIER,"Industrie, Production & Maintenance",Kouilou,CDD,Emploi Temporaire,PLATEFORMES INDUSTRIELLES DU CONGO PIC,,1.0,2025-07-25 00:00:00,,,,kouilou,"RESPONSABLE FINANCIER Industrie, Production & Maintenance"
JOB250002511,Assistant Corporate,"Commerce, Vente, Marketing & Distribution",BRAZZAVILLE,CDD,Emploi Temporaire,PLATEFORMES INDUSTRIELLES DU CONGO PIC,,1.0,2025-10-24 00:00:00,,,,brazzaville,"Assistant Corporate Commerce, Vente, Marketing & Distribution"
JOB250002514,Assistant Ressources Humaines,"Conseil, Stratégie & Gestion des Ressources Humaines",LOANGO,CDD,Emploi Temporaire,PLATEFORMES INDUSTRIELLES DU CONGO PIC,,1.0,2025-10-24 00:00:00,,,,loango,"Assistant Ressources Humaines Conseil, Stratégie & Gestion des Ressources Humaines"
JOB250002525,Architecte,"Informatique, Data, Télécommunications & Digital",POINTE-NOIRE,CDD,Emploi Temporaire,PLATEFORMES INDUSTRIELLES DU CONGO PIC,,1.0,2025-10-27 00:00:00,,,,pointe-noire,"Architecte Informatique, Data, Télécommunications & Digital"
JOB250000872,SUPERVISEUR YARD,"Finance, Banque, Assurance, Comptabilité & Fiscalité",POINTE-NOIRE,CDD,Emploi Temporaire,PLP (PROSPER LESTER & PARTNERS ),,1.0,2025-03-19 00:00:00,,,,pointe-noire,"SUPERVISEUR YARD Finance, Banque, Assurance, Comptabilité & Fiscalité"
JOB250000875,AGENT ADMINISTRATIF,"Conseil, Stratégie & Gestion des Ressources Humaines",POINTE-NOIRE,CDD,Emploi Temporaire,PLP (PROSPER LESTER & PARTNERS ),,1.0,2025-03-19 00:00:00,,,,pointe-noire,"AGENT ADMINISTRATIF Conseil, Stratégie & Gestion des Ressources Humaines"
JOB250001530,COMPTABLE FISCALISTE,"Finance, Banque, Assurance, Comptabilité & Fiscalité",POINTE-NOIRE,CDI,Emploi Durable,PLP (PROSPER LESTER & PARTNERS ),,1.0,2025-06-26 00:00:00,,,,pointe-noire,"COMPTABLE FISCALISTE Finance, Banque, Assurance, Comptabilité & Fiscalité"
JOB250002103,Consultant Juridique et Fiscal,"Finance, Banque, Assurance, Comptabilité & Fiscalité",POINTE-NOIRE,CDI,Emploi Durable,PLP (PROSPER LESTER & PARTNERS ),,1.0,2025-09-02 00:00:00,,,,pointe-noire,"Consultant Juridique et Fiscal Finance, Banque, Assurance, Comptabilité & Fiscalité"
JOB250002748,Consultant Juridique et Fiscal,"Finance, Banque, Assurance, Comptabilité & Fiscalité",POINTE-NOIRE,CDI,Emploi Durable,PLP (PROSPER LESTER & PARTNERS ),,1.0,2025-12-01 00:00:00,,,,pointe-noire,"Consultant Juridique et Fiscal Finance, Banque, Assurance, Comptabilité & Fiscalité"
JOB250001571,TECHNICIEN DE LABORATOIRE BIOMEDICAL,"Santé, Pharmacie & Recherche Scientifique",BRAZZAVILLE,CDD,Emploi Temporaire,POLYCLINIQUE PRODIGE,,1.0,2025-07-02 00:00:00,,,,brazzaville,"TECHNICIEN DE LABORATOIRE BIOMEDICAL Santé, Pharmacie & Recherche Scientifique"
JOB250000881,Grutiers,"Transport, Logistique & Supply Chain",POINTE-NOIRE,CDD,Emploi Temporaire,PONTICELLI CONGO,,1.0,2025-03-19 00:00:00,,,,pointe-noire,"Grutiers Transport, Logistique & Supply Chain"
JOB250000882,OPERATEUR,"Industrie, Production & Maintenance",POINTE-NOIRE,CDD,Emploi Temporaire,PONTICELLI CONGO,,1.0,2025-03-19 00:00:00,,,,pointe-noire,"OPERATEUR Industrie, Production & Maintenance"
JOB250001018,RESPONSABLE DE RESOURCE HUMAINES,"Industrie, Production & Maintenance",POINTE-NOIRE,CDI,Emploi Durable,PONTICELLI CONGO,,1.0,2025-04-30 00:00:00,,,,pointe-noire,"RESPONSABLE DE RESOURCE HUMAINES Industrie, Production & Maintenance"
JOB250001381,Chargé d'Affaire,"Industrie, Production & Maintenance",POINTE-NOIRE,CDD,Emploi Temporaire,PONTICELLI CONGO,,1.0,2025-06-11 00:00:00,,,,pointe-noire,"Chargé d'Affaire Industrie, Production & Maintenance"
JOB250001538,SUPERVISEUR MGO,"Industrie, Production & Maintenance",POINTE-NOIRE,CDD,Emploi Temporaire,PONTICELLI CONGO,,1.0,2025-06-27 00:00:00,,,,pointe-noire,"SUPERVISEUR MGO Industrie, Production & Maintenance"
JOB250001539,SUPERVISEURSTRUCTURE,"Industrie, Production & Maintenance",POINTE-NOIRE,CDD,Emploi Temporaire,PONTICELLI CONGO,,1.0,2025-06-27 00:00:00,,,,pointe-noire,"SUPERVISEURSTRUCTURE Industrie, Production & Maintenance"
JOB250001540,SUPERVISEUR,"Industrie, Production & Maintenance",POINTE-NOIRE,CDD,Emploi Temporaire,PONTICELLI CONGO,,1.0,2025-06-27 00:00:00,,,,pointe-noire,"SUPERVISEUR Industrie, Production & Maintenance"
JOB250002682,Chef d'equipe,"Industrie, Production & Maintenance",POINTE-NOIRE,CDD,Emploi Temporaire,PONTICELLI CONGO,,1.0,2025-11-19 00:00:00,,,,pointe-noire,"Chef d'equipe Industrie, Production & Maintenance"
JOB250002140,Planificateur,"Bâtiment, Travaux Publics & Aménagement du Territoire",POINTE-NOIRE,CDD,Emploi Temporaire,POWERMAN,,1.0,2025-09-05 00:00:00,,,,pointe-noire,"Planificateur Bâtiment, Travaux Publics & Aménagement du Territoire"
JOB250002142,Conducteur de Travaux Génie Civil,"Bâtiment, Travaux Publics & Aménagement du Territoire",POINTE-NOIRE,CDD,Emploi Temporaire,POWERMAN,,1.0,2025-09-05 00:00:00,,,,pointe-noire,"Conducteur de Travaux Génie Civil Bâtiment, Travaux Publics & Aménagement du Territoire"
JOB250002143,Directeur de Site,"Bâtiment, Travaux Publics & Aménagement du Territoire",POINTE-NOIRE,CDD,Emploi Temporaire,POWERMAN,,1.0,2025-09-05 00:00:00,,,,pointe-noire,"Directeur de Site Bâtiment, Travaux Publics & Aménagement du Territoire"
JOB250002144,Responsable Logistique,"Transport, Logistique & Supply Chain",POINTE-NOIRE,CDD,Emploi Temporaire,POWERMAN,,1.0,2025-09-05 00:00:00,,,,pointe-noire,"Responsable Logistique Transport, Logistique & Supply Chain"
JOB250002146,ResponsableMécanique,"Industrie, Production & Maintenance",POINTE-NOIRE,CDD,Emploi Temporaire,POWERMAN,,1.0,2025-09-05 00:00:00,,,,pointe-noire,"ResponsableMécanique Industrie, Production & Maintenance"
JOB250002148,"ResponsableHSSE (Hygiène, Santé, Sécurité et Environnement)","Assurance Qualité, Contrôle, Testing (QHSE)",POINTE-NOIRE,CDD,Emploi Temporaire,POWERMAN,,1.0,2025-09-05 00:00:00,,,,pointe-noire,"ResponsableHSSE (Hygiène, Santé, Sécurité et Environnement) Assurance Qualité, Contrôle, Testing (QHSE)"
JOB250002312,LOGISTICIEN,"Informatique, Data, Télécommunications & Digital",BRAZZAVILLE,CDD,Emploi Temporaire,PRESTIGE CONCEPT,,1.0,2025-09-26 00:00:00,,,,brazzaville,"LOGISTICIEN Informatique, Data, Télécommunications & Digital"
JOB250001323,Directeur Général,"Industrie, Production & Maintenance",POINTE-NOIRE,CDI,Emploi Durable,PREZIOSO CONGO,,1.0,2025-06-04 00:00:00,,,,pointe-noire,"Directeur Général Industrie, Production & Maintenance"
JOB250002246,PEINTRE INDUSTRIEL,"Bâtiment, Travaux Publics & Aménagement du Territoire",POINTE-NOIRE,CDD,Emploi Temporaire,PREZIOSO CONGO,,1.0,2025-09-16 00:00:00,,,,pointe-noire,"PEINTRE INDUSTRIEL Bâtiment, Travaux Publics & Aménagement du Territoire"
NONREF000105,Comptable transitaire,Agriculture & Industrie Agroalimentaire,POINTE-NOIRE,CDD,Emploi Temporaire,PRIMA MARKET CONGO,,1.0,2025-01-06 00:00:00,,,,pointe-noire,Comptable transitaire Agriculture & Industrie Agroalimentaire
JOB250001239,Fiscaliste,"Finance, Banque, Assurance, Comptabilité & Fiscalité",BRAZZAVILLE,CDD,Emploi Temporaire,PRIMA-MARKET CONGO ,,1.0,2025-05-26 00:00:00,,,,brazzaville,"Fiscaliste Finance, Banque, Assurance, Comptabilité & Fiscalité"
JOB250002804,COMPTABLE SPECIALISTE DES RAPPROCHEMENTS,Divers,BRAZZAVILLE,CDD,Emploi Temporaire,PRIMA-MARKET CONGO ,,1.0,2025-12-11 00:00:00,,,,brazzaville,COMPTABLE SPECIALISTE DES RAPPROCHEMENTS Divers
JOB250002805,Assistant de Direction,"Conseil, Stratégie & Gestion des Ressources Humaines",BRAZZAVILLE,CDD,Emploi Temporaire,PRIMA-MARKET CONGO ,,1.0,2025-12-11 00:00:00,,,,brazzaville,"Assistant de Direction Conseil, Stratégie & Gestion des Ressources Humaines"
JOB250002806,Archiviste,"Pétrole, Gaz & Hydrocarbures",BRAZZAVILLE,CDD,Emploi Temporaire,PRIMA-MARKET CONGO ,,1.0,2025-12-11 00:00:00,,,,brazzaville,"Archiviste Pétrole, Gaz & Hydrocarbures"
JOB250001275,Directeur Général,"Commerce, Vente, Marketing & Distribution",BRAZZAVILLE,CDD,Emploi Temporaire,PROGLASS,,1.0,2025-05-30 00:00:00,,,,brazzaville,"Directeur Général Commerce, Vente, Marketing & Distribution"
JOB250001298,SECRETAIRE DE DIRECTION,"Commerce, Vente, Marketing & Distribution",BRAZZAVILLE,CDD,Emploi Temporaire,PROGLASS,,1.0,2025-06-03 00:00:00,,,,brazzaville,"SECRETAIRE DE DIRECTION Commerce, Vente, Marketing & Distribution"
JOB250001299,COMPTABLE FISCALISTE,"Finance, Banque, Assurance, Comptabilité & Fiscalité",BRAZZAVILLE,CDD,Emploi Temporaire,PROGLASS,,1.0,2025-06-03 00:00:00,,,,brazzaville,"COMPTABLE FISCALISTE Finance, Banque, Assurance, Comptabilité & Fiscalité"
JOB250001375,VITRIER,"Commerce, Vente, Marketing & Distribution",BRAZZAVILLE,CDD,Emploi Temporaire,PROGLASS,,1.0,2025-06-11 00:00:00,,,,brazzaville,"VITRIER Commerce, Vente, Marketing & Distribution"
JOB250002665,Coordinateur Commissionning,"Pétrole, Gaz & Hydrocarbures",POINTE-NOIRE,CDD,Emploi Temporaire,PROJETS TECHNIQUES CONGO (PROTECO),,1.0,2025-11-18 00:00:00,,,,pointe-noire,"Coordinateur Commissionning Pétrole, Gaz & Hydrocarbures"
NONREF000112,Country manager,"Industrie, Production & Maintenance",POINTE-NOIRE,CDI,Emploi Durable,PROMAR,,1.0,2025-01-02 00:00:00,,,,pointe-noire,"Country manager Industrie, Production & Maintenance"
JOB250001297,COMPTABLE FISCALISTE,"Finance, Banque, Assurance, Comptabilité & Fiscalité",BRAZZAVILLE,CDD,Emploi Temporaire,PROPHARMA,,1.0,2025-06-02 00:00:00,,,,brazzaville,"COMPTABLE FISCALISTE Finance, Banque, Assurance, Comptabilité & Fiscalité"
JOB250001413,SECRETAIRE DE DIRECTION,"Santé, Pharmacie & Recherche Scientifique",BRAZZAVILLE,CDD,Emploi Temporaire,PROPHARMA,,1.0,2025-06-13 00:00:00,,,,brazzaville,"SECRETAIRE DE DIRECTION Santé, Pharmacie & Recherche Scientifique"
JOB250001714,DELEGUE MEDICAL,"Commerce, Vente, Marketing & Distribution",BRAZZAVILLE,CDD,Emploi Temporaire,PROPHARMA,,1.0,2025-07-21 00:00:00,,,,brazzaville,"DELEGUE MEDICAL Commerce, Vente, Marketing & Distribution"
JOB250002506,Chauffeur,"Transport, Logistique & Supply Chain",BRAZZAVILLE,CDD,Emploi Temporaire,PROPHARMA,,1.0,2025-10-24 00:00:00,,,,brazzaville,"Chauffeur Transport, Logistique & Supply Chain"
JOB250000987,Assistant déclarant en douane,"Transport, Logistique & Supply Chain",POINTE-NOIRE,Contrat d'apprentissage,Alternance,PROSAAC,,1.0,2025-04-24 00:00:00,,,,pointe-noire,"Assistant déclarant en douane Transport, Logistique & Supply Chain"
STG250000989,Assistant déclarant en douane,"Transport, Logistique & Supply Chain",MAYOKO,Stage professionnel,Stages Classiques,PROSAAC,,1.0,2025-04-24 00:00:00,,,,mayoko,"Assistant déclarant en douane Transport, Logistique & Supply Chain"
STG250000988,Assistante de direction,"Conseil, Stratégie & Gestion des Ressources Humaines",MAYOKO,Stage professionnel,Stages Classiques,PROSAAC,,1.0,2025-04-24 00:00:00,,,,mayoko,"Assistante de direction Conseil, Stratégie & Gestion des Ressources Humaines"
STG250002322,Commercial,"Commerce, Vente, Marketing & Distribution",MAYOKO,Stage professionnel,Stages Classiques,PROSAAC,,1.0,2025-09-30 00:00:00,,,,mayoko,"Commercial Commerce, Vente, Marketing & Distribution"
STG250002321,Assistante de Direction,"Conseil, Stratégie & Gestion des Ressources Humaines",POINTE-NOIRE,Stage professionnel,Stages Classiques,PROSAAC,,1.0,2025-09-30 00:00:00,,,,pointe-noire,"Assistante de Direction Conseil, Stratégie & Gestion des Ressources Humaines"
NONREF000029,Assistant du manager de projet,"Conseil, Stratégie & Gestion des Ressources Humaines",POINTE-NOIRE,CDD,Emploi Temporaire,PROTECO DFC,,1.0,2025-02-14 00:00:00,,,,pointe-noire,"Assistant du manager de projet Conseil, Stratégie & Gestion des Ressources Humaines"
JOB250000897,Directeur Commercial,"Commerce, Vente, Marketing & Distribution",BRAZZAVILLE,CDI,Emploi Durable,Puma International Congo,,1.0,2025-03-26 00:00:00,,,,brazzaville,"Directeur Commercial Commerce, Vente, Marketing & Distribution"
JOB250000898,Représentant du service à la clientèle,Gestion Administrative,BRAZZAVILLE,CDI,Emploi Durable,Puma International Congo,,1.0,2025-03-26 00:00:00,,,,brazzaville,Représentant du service à la clientèle Gestion Administrative
JOB250000913,Tax Manager,"Finance, Banque, Assurance, Comptabilité & Fiscalité",BRAZZAVILLE,CDI,Emploi Durable,Puma International Congo,,1.0,2025-04-01 00:00:00,,,,brazzaville,"Tax Manager Finance, Banque, Assurance, Comptabilité & Fiscalité"
JOB250002646,SALES REPRESENTATIVE,"Commerce, Vente, Marketing & Distribution",BRAZZAVILLE,CDD,Emploi Temporaire,Puma International Congo,,1.0,2025-11-14 00:00:00,,,,brazzaville,"SALES REPRESENTATIVE Commerce, Vente, Marketing & Distribution"
JOB250001122,Conseiller Relation clientèle Entreprise Senior -pour la Direction Trading,"Finance, Banque, Assurance, Comptabilité & Fiscalité",BRAZZAVILLE,CDD,Emploi Temporaire,QUANTICO RH,,1.0,2025-05-12 00:00:00,,,,brazzaville,"Conseiller Relation clientèle Entreprise Senior -pour la Direction Trading Finance, Banque, Assurance, Comptabilité & Fiscalité"
JOB250001123,Conseiller clientèle Particulier -pour la Direction Trading,"Finance, Banque, Assurance, Comptabilité & Fiscalité",BRAZZAVILLE,CDD,Emploi Temporaire,QUANTICO RH,,1.0,2025-05-12 00:00:00,,,,brazzaville,"Conseiller clientèle Particulier -pour la Direction Trading Finance, Banque, Assurance, Comptabilité & Fiscalité"
JOB250001135,Animateur Formateur -pour la Direction Trading,"Finance, Banque, Assurance, Comptabilité & Fiscalité",BRAZZAVILLE,CDD,Emploi Temporaire,QUANTICO RH,,1.0,2025-05-12 00:00:00,,,,brazzaville,"Animateur Formateur -pour la Direction Trading Finance, Banque, Assurance, Comptabilité & Fiscalité"
JOB250001736,Directeur Général,"Commerce, Vente, Marketing & Distribution",BRAZZAVILLE,CDD,Emploi Temporaire,QUANTICO RH,,1.0,2025-07-23 00:00:00,,,,brazzaville,"Directeur Général Commerce, Vente, Marketing & Distribution"
JOB250001742,SUPERVISEUR DE L'EQUIPE DE NETTOYAGE,"Conseil, Stratégie & Gestion des Ressources Humaines",BRAZZAVILLE,CDD,Emploi Temporaire,QUANTICO RH,,1.0,2025-07-23 00:00:00,,,,brazzaville,"SUPERVISEUR DE L'EQUIPE DE NETTOYAGE Conseil, Stratégie & Gestion des Ressources Humaines"
JOB250001743,SUPERVISEUR DE L'EQUIPE DE NETTOYAGE,"Conseil, Stratégie & Gestion des Ressources Humaines",BRAZZAVILLE,CDD,Emploi Temporaire,QUANTICO RH,,1.0,2025-07-23 00:00:00,,,,brazzaville,"SUPERVISEUR DE L'EQUIPE DE NETTOYAGE Conseil, Stratégie & Gestion des Ressources Humaines"
JOB250001744,SUPERVISEUR DE L'EQUIPE DE NETTOYAGE,"Conseil, Stratégie & Gestion des Ressources Humaines",BRAZZAVILLE,CDD,Emploi Temporaire,QUANTICO RH,,1.0,2025-07-23 00:00:00,,,,brazzaville,"SUPERVISEUR DE L'EQUIPE DE NETTOYAGE Conseil, Stratégie & Gestion des Ressources Humaines"
JOB250001746,SUPERVISEUR DE L'EQUIPE DE NETTOYAGE,"Conseil, Stratégie & Gestion des Ressources Humaines",BRAZZAVILLE,CDD,Emploi Temporaire,QUANTICO RH,,1.0,2025-07-23 00:00:00,,,,brazzaville,"SUPERVISEUR DE L'EQUIPE DE NETTOYAGE Conseil, Stratégie & Gestion des Ressources Humaines"
JOB250001752,RESPONSABLE DELA SECURITE,"Conseil, Stratégie & Gestion des Ressources Humaines",BRAZZAVILLE,CDD,Emploi Temporaire,QUANTICO RH,,1.0,2025-07-23 00:00:00,,,,brazzaville,"RESPONSABLE DELA SECURITE Conseil, Stratégie & Gestion des Ressources Humaines"
JOB250001757,Directeur Général,"Informatique, Data, Télécommunications & Digital",BRAZZAVILLE,CDD,Emploi Temporaire,QUANTICO RH,,1.0,2025-07-24 00:00:00,,,,brazzaville,"Directeur Général Informatique, Data, Télécommunications & Digital"
JOB250001976,DIRECTEUR DE LA FISCALITE,"Finance, Banque, Assurance, Comptabilité & Fiscalité",BRAZZAVILLE,CDI,Emploi Durable,QUANTICO RH,,1.0,2025-08-18 00:00:00,,,,brazzaville,"DIRECTEUR DE LA FISCALITE Finance, Banque, Assurance, Comptabilité & Fiscalité"
JOB250001977,DIRECTEUR GENERAL DE LA SOCIETE DE BOURSE,"Finance, Banque, Assurance, Comptabilité & Fiscalité",BRAZZAVILLE,CDD,Emploi Temporaire,QUANTICO RH,,1.0,2025-08-18 00:00:00,,,,brazzaville,"DIRECTEUR GENERAL DE LA SOCIETE DE BOURSE Finance, Banque, Assurance, Comptabilité & Fiscalité"
JOB250002693,Chef de service protocole et relations publiques,"Commerce, Vente, Marketing & Distribution",BRAZZAVILLE,CDD,Emploi Temporaire,QUANTICO RH,,1.0,2025-11-21 00:00:00,,,,brazzaville,"Chef de service protocole et relations publiques Commerce, Vente, Marketing & Distribution"
JOB250002694,Chef de service fiscalité,"Finance, Banque, Assurance, Comptabilité & Fiscalité",BRAZZAVILLE,CDI,Emploi Durable,QUANTICO RH,,1.0,2025-11-21 00:00:00,,,,brazzaville,"Chef de service fiscalité Finance, Banque, Assurance, Comptabilité & Fiscalité"
JOB250002695,CHEF DE SERVICE PROTOCOLE ET RELATIONS PUBLIQUES,"Finance, Banque, Assurance, Comptabilité & Fiscalité",BRAZZAVILLE,CDI,Emploi Durable,QUANTICO RH,,1.0,2025-11-21 00:00:00,,,,brazzaville,"CHEF DE SERVICE PROTOCOLE ET RELATIONS PUBLIQUES Finance, Banque, Assurance, Comptabilité & Fiscalité"
JOB250002751,Responsable de la formation,Hôtellerie - Restauration,BRAZZAVILLE,CDD,Emploi Temporaire,QUANTICO RH,,1.0,2025-12-01 00:00:00,,,,brazzaville,Responsable de la formation Hôtellerie - Restauration
NONREF000403,Agent d'opération à la clientèle,"Conseil, Stratégie & Gestion des Ressources Humaines",BRAZZAVILLE,CDD,Emploi Temporaire,QUANTICO RH,,1.0,2025-12-26,,,,brazzaville,"Agent d'opération à la clientèle Conseil, Stratégie & Gestion des Ressources Humaines"
NONREF000406,Agent d'opération à la clientèle,"Conseil, Stratégie & Gestion des Ressources Humaines",BRAZZAVILLE,CDD,Emploi Temporaire,QUANTICO RH,,1.0,2025-12-24,,,,brazzaville,"Agent d'opération à la clientèle Conseil, Stratégie & Gestion des Ressources Humaines"
JOB250001010,CAISSIER,"Finance, Banque, Assurance, Comptabilité & Fiscalité",BRAZZAVILLE,CDD,Emploi Temporaire,RADISSON BLU,,1.0,2025-04-29 00:00:00,,,,brazzaville,"CAISSIER Finance, Banque, Assurance, Comptabilité & Fiscalité"
JOB250001111,TECHNICIENS DE MAITRISE,"Informatique, Data, Télécommunications & Digital",BRAZZAVILLE,CDD,Emploi Temporaire,RADISSON BLU,,1.0,2025-05-12 00:00:00,,,,brazzaville,"TECHNICIENS DE MAITRISE Informatique, Data, Télécommunications & Digital"
JOB250001170,COMMERCIAL DE TERRAIN D'INTERNET RESIDENTIEL,"Commerce, Vente, Marketing & Distribution",BRAZZAVILLE,CDD,Emploi Temporaire,RADISSON BLU,,1.0,2025-05-16 00:00:00,,,,brazzaville,"COMMERCIAL DE TERRAIN D'INTERNET RESIDENTIEL Commerce, Vente, Marketing & Distribution"
JOB250001236,DIRECTEUR DES RESSOURCES HUMAINES,"Conseil, Stratégie & Gestion des Ressources Humaines",BRAZZAVILLE,CDD,Emploi Temporaire,RADISSON BLU,,1.0,2025-05-25 00:00:00,,,,brazzaville,"DIRECTEUR DES RESSOURCES HUMAINES Conseil, Stratégie & Gestion des Ressources Humaines"
JOB250001333,Gouvernant Général,Hôtellerie - Restauration,BRAZZAVILLE,CDD,Emploi Temporaire,RADISSON BLU,,1.0,2025-06-06 00:00:00,,,,brazzaville,Gouvernant Général Hôtellerie - Restauration
JOB250001748,LE RADISSON M'BAMOU PALACE HOTEL RECRUTE:,"Commerce, Vente, Marketing & Distribution",BRAZZAVILLE,CDD,Emploi Temporaire,RADISSON BLU,,1.0,2025-07-23 00:00:00,,,,brazzaville,"LE RADISSON M'BAMOU PALACE HOTEL RECRUTE: Commerce, Vente, Marketing & Distribution"
JOB250002055,"ASSISTANT DE DIRECTION, CHARGE DE COMMUNICATION ET MARKETING","Communication, Médias & Événementiel",BRAZZAVILLE,CDD,Emploi Temporaire,RADISSON BLU,,1.0,2025-08-27 00:00:00,,,,brazzaville,"ASSISTANT DE DIRECTION, CHARGE DE COMMUNICATION ET MARKETING Communication, Médias & Événementiel"
JOB250002063,CHARGE DE RELATION CLIENT,"Commerce, Vente, Marketing & Distribution",BRAZZAVILLE,CDD,Emploi Temporaire,RADISSON BLU,,1.0,2025-08-29 00:00:00,,,,brazzaville,"CHARGE DE RELATION CLIENT Commerce, Vente, Marketing & Distribution"
JOB250002332,EXECUTIF CHEF,Hôtellerie - Restauration,BRAZZAVILLE,CDD,Emploi Temporaire,RADISSON BLU,,1.0,2025-10-01 00:00:00,,,,brazzaville,EXECUTIF CHEF Hôtellerie - Restauration
JOB250002643,Chef comptable,"Finance, Banque, Assurance, Comptabilité & Fiscalité",BRAZZAVILLE,CDD,Emploi Temporaire,RADISSON BLU,,1.0,2025-11-12 00:00:00,,,,brazzaville,"Chef comptable Finance, Banque, Assurance, Comptabilité & Fiscalité"
JOB250001153,RESPONSABLE DE RESOURCE HUMAINES,"Conseil, Stratégie & Gestion des Ressources Humaines",BRAZZAVILLE,CDD,Emploi Temporaire,Ragec,,1.0,2025-05-14 00:00:00,,,,brazzaville,"RESPONSABLE DE RESOURCE HUMAINES Conseil, Stratégie & Gestion des Ressources Humaines"
JOB250001155,COMPTABLE,"Finance, Banque, Assurance, Comptabilité & Fiscalité",BRAZZAVILLE,CDD,Emploi Temporaire,Ragec,,1.0,2025-05-14 00:00:00,,,,brazzaville,"COMPTABLE Finance, Banque, Assurance, Comptabilité & Fiscalité"
JOB250001161,Manœuvre,"Commerce, Vente, Marketing & Distribution",BRAZZAVILLE,CDD,Emploi Temporaire,Ragec,,1.0,2025-05-15 00:00:00,,,,brazzaville,"Manœuvre Commerce, Vente, Marketing & Distribution"
JOB250001162,Chauffeur,"Transport, Logistique & Supply Chain",BRAZZAVILLE,CDD,Emploi Temporaire,Ragec,,1.0,2025-05-15 00:00:00,,,,brazzaville,"Chauffeur Transport, Logistique & Supply Chain"
JOB250001166,TECHNICIENS ( Opérateur de machine),"Commerce, Vente, Marketing & Distribution",BRAZZAVILLE,CDD,Emploi Temporaire,Ragec,,1.0,2025-05-15 00:00:00,,,,brazzaville,"TECHNICIENS ( Opérateur de machine) Commerce, Vente, Marketing & Distribution"
JOB250001265,OPERATEUR,"Industrie, Production & Maintenance",BRAZZAVILLE,CDD,Emploi Temporaire,Ragec,,1.0,2025-05-28 00:00:00,,,,brazzaville,"OPERATEUR Industrie, Production & Maintenance"
JOB250001276,COMPTABLE,"Finance, Banque, Assurance, Comptabilité & Fiscalité",BRAZZAVILLE,CDD,Emploi Temporaire,Ragec,,1.0,2025-05-30 00:00:00,,,,brazzaville,"COMPTABLE Finance, Banque, Assurance, Comptabilité & Fiscalité"
JOB250001295,chef de vente,"Industrie, Production & Maintenance",BRAZZAVILLE,CDD,Emploi Temporaire,Ragec,,1.0,2025-06-02 00:00:00,,,,brazzaville,"chef de vente Industrie, Production & Maintenance"
JOB250001296,chauffeur voiture légère,"Transport, Logistique & Supply Chain",BRAZZAVILLE,CDD,Emploi Temporaire,Ragec,,1.0,2025-06-02 00:00:00,,,,brazzaville,"chauffeur voiture légère Transport, Logistique & Supply Chain"
JOB250001317,AGENT DE MARKETING,"Commerce, Vente, Marketing & Distribution",BRAZZAVILLE,CDD,Emploi Temporaire,Ragec,,1.0,2025-06-04 00:00:00,,,,brazzaville,"AGENT DE MARKETING Commerce, Vente, Marketing & Distribution"
JOB250001334,chef de secteur,"Commerce, Vente, Marketing & Distribution",BRAZZAVILLE,CDD,Emploi Temporaire,Ragec,,1.0,2025-06-06 00:00:00,,,,brazzaville,"chef de secteur Commerce, Vente, Marketing & Distribution"
JOB250001405,Technicien HSE,"Assurance Qualité, Contrôle, Testing (QHSE)",BRAZZAVILLE,CDD,Emploi Temporaire,Ragec,,1.0,2025-06-12 00:00:00,,,,brazzaville,"Technicien HSE Assurance Qualité, Contrôle, Testing (QHSE)"
JOB250001406,RESPONSABLE RESSOURCES HUMAINES,Agriculture & Industrie Agroalimentaire,BRAZZAVILLE,CDD,Emploi Temporaire,Ragec,,1.0,2025-06-12 00:00:00,,,,brazzaville,RESPONSABLE RESSOURCES HUMAINES Agriculture & Industrie Agroalimentaire
JOB250001407,SPECIALISTE DE CENTRES DE SUPERVISION DU RESEAU ET GESTION DE CENTRES DE DONNEES,"Commerce, Vente, Marketing & Distribution",BRAZZAVILLE,CDD,Emploi Temporaire,Ragec,,1.0,2025-06-12 00:00:00,,,,brazzaville,"SPECIALISTE DE CENTRES DE SUPERVISION DU RESEAU ET GESTION DE CENTRES DE DONNEES Commerce, Vente, Marketing & Distribution"
JOB250001432,RESPONSABLE RESSOURCES HUMAINES,"Industrie, Production & Maintenance",BRAZZAVILLE,CDD,Emploi Temporaire,Ragec,,1.0,2025-06-18 00:00:00,,,,brazzaville,"RESPONSABLE RESSOURCES HUMAINES Industrie, Production & Maintenance"
JOB250001513,HOTESSES,"Industrie, Production & Maintenance",BRAZZAVILLE,CDD,Emploi Temporaire,Ragec,,10.0,2025-06-24 00:00:00,,,,brazzaville,"HOTESSES Industrie, Production & Maintenance"
JOB250001963,POINTEURS DE STOCK,"Commerce, Vente, Marketing & Distribution",BRAZZAVILLE,CDD,Emploi Temporaire,Ragec,,4.0,2025-08-18 00:00:00,,,,brazzaville,"POINTEURS DE STOCK Commerce, Vente, Marketing & Distribution"
JOB250001965,Stage Assistant Fiscaliste,"Commerce, Vente, Marketing & Distribution",BRAZZAVILLE,CDD,Emploi Temporaire,Ragec,,1.0,2025-08-18 00:00:00,,,,brazzaville,"Stage Assistant Fiscaliste Commerce, Vente, Marketing & Distribution"
JOB250002649,Opérateur de saisie,"Informatique, Data, Télécommunications & Digital",BRAZZAVILLE,CDD,Emploi Temporaire,Ragec,,1.0,2025-11-17 00:00:00,,,,brazzaville,"Opérateur de saisie Informatique, Data, Télécommunications & Digital"
JOB250002651,Frigoriste,"Industrie, Production & Maintenance",BRAZZAVILLE,CDD,Emploi Temporaire,Ragec,,1.0,2025-11-17 00:00:00,,,,brazzaville,"Frigoriste Industrie, Production & Maintenance"
JOB250002657,GESTIONNAIRE RH,"Conseil, Stratégie & Gestion des Ressources Humaines",BRAZZAVILLE,CDD,Emploi Temporaire,Ragec,,1.0,2025-11-17 00:00:00,,,,brazzaville,"GESTIONNAIRE RH Conseil, Stratégie & Gestion des Ressources Humaines"
JOB250002658,Frigoriste,"Industrie, Production & Maintenance",BRAZZAVILLE,CDD,Emploi Temporaire,Ragec,,1.0,2025-11-17 00:00:00,,,,brazzaville,"Frigoriste Industrie, Production & Maintenance"
JOB250002661,Opérateur de saisie,"Informatique, Data, Télécommunications & Digital",BRAZZAVILLE,CDD,Emploi Temporaire,Ragec,,1.0,2025-11-17 00:00:00,,,,brazzaville,"Opérateur de saisie Informatique, Data, Télécommunications & Digital"
JOB250002662,ASSISTANT MARKETING,"Commerce, Vente, Marketing & Distribution",BRAZZAVILLE,CDD,Emploi Temporaire,Ragec,,1.0,2025-11-18 00:00:00,,,,brazzaville,"ASSISTANT MARKETING Commerce, Vente, Marketing & Distribution"
JOB250000941,vendeur,"Commerce, Vente, Marketing & Distribution",POINTE-NOIRE,CDD,Emploi Temporaire,RAGEC POINTE NOIRE,,1.0,2025-04-18 00:00:00,,,,pointe-noire,"vendeur Commerce, Vente, Marketing & Distribution"
JOB250001156,Animateur de Vente,"Commerce, Vente, Marketing & Distribution",BRAZZAVILLE,CDD,Emploi Temporaire,RAGEC POINTE NOIRE,,1.0,2025-05-14 00:00:00,,,,brazzaville,"Animateur de Vente Commerce, Vente, Marketing & Distribution"
JOB250001379,Technicien Laboratoire (usine injection),"Commerce, Vente, Marketing & Distribution",BRAZZAVILLE,CDD,Emploi Temporaire,RAGEC POINTE NOIRE,,1.0,2025-06-11 00:00:00,,,,brazzaville,"Technicien Laboratoire (usine injection) Commerce, Vente, Marketing & Distribution"
JOB250000831,SUPERVISEUR HSE,"Assurance Qualité, Contrôle, Testing (QHSE)",POINTE-NOIRE,CDD,Emploi Temporaire,RENCO CONGO,,1.0,2025-03-03 00:00:00,,,,pointe-noire,"SUPERVISEUR HSE Assurance Qualité, Contrôle, Testing (QHSE)"
JOB250000855,CHAUFFEUR COURSIER,"Industrie, Production & Maintenance",POINTE-NOIRE,CDD,Emploi Temporaire,RENCO CONGO,,1.0,2025-03-14 00:00:00,,,,pointe-noire,"CHAUFFEUR COURSIER Industrie, Production & Maintenance"
JOB250000856,CHEF DE PROJET,"Industrie, Production & Maintenance",POINTE-NOIRE,CDD,Emploi Temporaire,RENCO CONGO,,1.0,2025-03-14 00:00:00,,,,pointe-noire,"CHEF DE PROJET Industrie, Production & Maintenance"
JOB250000858,CHEFS D'EQUIPE MECANICIENS,"Industrie, Production & Maintenance",POINTE-NOIRE,CDD,Emploi Temporaire,RENCO CONGO,,2.0,2025-03-14 00:00:00,,,,pointe-noire,"CHEFS D'EQUIPE MECANICIENS Industrie, Production & Maintenance"
JOB250000859,CHEFS D'EQUIPE ELECTRICIENS,"Industrie, Production & Maintenance",POINTE-NOIRE,CDD,Emploi Temporaire,RENCO CONGO,,2.0,2025-03-14 00:00:00,,,,pointe-noire,"CHEFS D'EQUIPE ELECTRICIENS Industrie, Production & Maintenance"
JOB250000860,CHEFS D'EQUIPE INSTRUMENTATION,"Industrie, Production & Maintenance",POINTE-NOIRE,CDD,Emploi Temporaire,RENCO CONGO,,2.0,2025-03-14 00:00:00,,,,pointe-noire,"CHEFS D'EQUIPE INSTRUMENTATION Industrie, Production & Maintenance"
JOB250000871,SUPERVISEUR GENIE CIVIL,"Industrie, Production & Maintenance",POINTE-NOIRE,CDD,Emploi Temporaire,RENCO CONGO,,1.0,2025-03-19 00:00:00,,,,pointe-noire,"SUPERVISEUR GENIE CIVIL Industrie, Production & Maintenance"
JOB250001541,Assistant Ressources Humaines,"Conseil, Stratégie & Gestion des Ressources Humaines",POINTE-NOIRE,CDD,Emploi Temporaire,RENCO CONGO,,1.0,2025-06-27 00:00:00,,,,pointe-noire,"Assistant Ressources Humaines Conseil, Stratégie & Gestion des Ressources Humaines"
JOB250001686,Technicien HSE,"Assurance Qualité, Contrôle, Testing (QHSE)",POINTE-NOIRE,CDD,Emploi Temporaire,RENCO CONGO,,1.0,2025-07-14 00:00:00,,,,pointe-noire,"Technicien HSE Assurance Qualité, Contrôle, Testing (QHSE)"
JOB250001687,INFIRMIER,"Santé, Pharmacie & Recherche Scientifique",POINTE-NOIRE,CDD,Emploi Temporaire,RENCO CONGO,,1.0,2025-07-14 00:00:00,,,,pointe-noire,"INFIRMIER Santé, Pharmacie & Recherche Scientifique"
JOB250001705,COMPTABLE,"Finance, Banque, Assurance, Comptabilité & Fiscalité",POINTE-NOIRE,CDI,Emploi Durable,RENCO CONGO,,1.0,2025-07-17 00:00:00,,,,pointe-noire,"COMPTABLE Finance, Banque, Assurance, Comptabilité & Fiscalité"
JOB250001802,CHAUFFEUR COURSIER,"Transport, Logistique & Supply Chain",POINTE-NOIRE,CDD,Emploi Temporaire,RENCO CONGO,,1.0,2025-07-28 00:00:00,,,,pointe-noire,"CHAUFFEUR COURSIER Transport, Logistique & Supply Chain"
JOB250001979,Opérateurs de Surface,"Industrie, Production & Maintenance",POINTE-NOIRE,CDD,Emploi Temporaire,RENCO CONGO,,1.0,2025-08-19 00:00:00,,,,pointe-noire,"Opérateurs de Surface Industrie, Production & Maintenance"
JOB250001981,OpérateursPompe,"Pétrole, Gaz & Hydrocarbures",POINTE-NOIRE,CDD,Emploi Temporaire,RENCO CONGO,,1.0,2025-08-19 00:00:00,,,,pointe-noire,"OpérateursPompe Pétrole, Gaz & Hydrocarbures"
JOB250001982,Assistant Driller,"Pétrole, Gaz & Hydrocarbures",POINTE-NOIRE,CDD,Emploi Temporaire,RENCO CONGO,,1.0,2025-08-19 00:00:00,,,,pointe-noire,"Assistant Driller Pétrole, Gaz & Hydrocarbures"
JOB250001983,DRILLER,"Pétrole, Gaz & Hydrocarbures",POINTE-NOIRE,CDD,Emploi Temporaire,RENCO CONGO,,1.0,2025-08-19 00:00:00,,,,pointe-noire,"DRILLER Pétrole, Gaz & Hydrocarbures"
JOB250001984,MECANICIEN,"Industrie, Production & Maintenance",POINTE-NOIRE,CDD,Emploi Temporaire,RENCO CONGO,,1.0,2025-08-19 00:00:00,,,,pointe-noire,"MECANICIEN Industrie, Production & Maintenance"
JOB250002113,Peintre,"Industrie, Production & Maintenance",POINTE-NOIRE,CDD,Emploi Temporaire,RENCO CONGO,,1.0,2025-09-03 00:00:00,,,,pointe-noire,"Peintre Industrie, Production & Maintenance"
JOB250002307,Coordonnateur de Travaux,"Bâtiment, Travaux Publics & Aménagement du Territoire",POINTE-NOIRE,CDD,Emploi Temporaire,RENCO CONGO,,1.0,2025-09-25 00:00:00,,,,pointe-noire,"Coordonnateur de Travaux Bâtiment, Travaux Publics & Aménagement du Territoire"
JOB250002789,Coordinateur Matériel et Achat,"Industrie, Production & Maintenance",POINTE-NOIRE,CDD,Emploi Temporaire,RENCO CONGO,,1.0,2025-12-09 00:00:00,,,,pointe-noire,"Coordinateur Matériel et Achat Industrie, Production & Maintenance"
JOB250002809,Controleur Assurance Qualité et documentation,"Industrie, Production & Maintenance",POINTE-NOIRE,CDD,Emploi Temporaire,RENCO CONGO,,1.0,2025-12-12 00:00:00,,,,pointe-noire,"Controleur Assurance Qualité et documentation Industrie, Production & Maintenance"
JOB250002810,Planificateur de Maintenance,"Industrie, Production & Maintenance",POINTE-NOIRE,CDD,Emploi Temporaire,RENCO CONGO,,1.0,2025-12-12 00:00:00,,,,pointe-noire,"Planificateur de Maintenance Industrie, Production & Maintenance"
JOB250002811,Coordinateur de Maintenance,"Industrie, Production & Maintenance",POINTE-NOIRE,CDD,Emploi Temporaire,RENCO CONGO,,1.0,2025-12-12 00:00:00,,,,pointe-noire,"Coordinateur de Maintenance Industrie, Production & Maintenance"
JOB250002812,TUYAUTEURS,"Industrie, Production & Maintenance",POINTE-NOIRE,CDD,Emploi Temporaire,RENCO CONGO,,1.0,2025-12-12 00:00:00,,,,pointe-noire,"TUYAUTEURS Industrie, Production & Maintenance"
JOB250002814,Echafaudeur,"Bâtiment, Travaux Publics & Aménagement du Territoire",POINTE-NOIRE,CDD,Emploi Temporaire,RENCO CONGO,,1.0,2025-12-12 00:00:00,,,,pointe-noire,"Echafaudeur Bâtiment, Travaux Publics & Aménagement du Territoire"
NONREF000078,Chef de partie,Hôtellerie - Restauration,POINTE-NOIRE,CDD,Emploi Temporaire,RENCO GESTION IMMOB,,1.0,2025-01-17 00:00:00,,,,pointe-noire,Chef de partie Hôtellerie - Restauration
NONREF000083,Chef de rang,Hôtellerie - Restauration,POINTE-NOIRE,CDD,Emploi Temporaire,RENCO GESTION IMMOB,,1.0,2025-01-17 00:00:00,,,,pointe-noire,Chef de rang Hôtellerie - Restauration
NONREF000085,Chef patissier,Hôtellerie - Restauration,POINTE-NOIRE,CDD,Emploi Temporaire,RENCO GESTION IMMOB,,1.0,2025-01-17 00:00:00,,,,pointe-noire,Chef patissier Hôtellerie - Restauration
NONREF000126,Electricien,Hôtellerie - Restauration,POINTE-NOIRE,CDD,Emploi Temporaire,RENCO GESTION IMMOB,,1.0,2025-01-17 00:00:00,,,,pointe-noire,Electricien Hôtellerie - Restauration
NONREF000134,Frigoriste,Hôtellerie - Restauration,POINTE-NOIRE,CDD,Emploi Temporaire,RENCO GESTION IMMOB,,1.0,2025-01-17 00:00:00,,,,pointe-noire,Frigoriste Hôtellerie - Restauration
NONREF000149,Gouvernante d'étage,Hôtellerie - Restauration,POINTE-NOIRE,CDD,Emploi Temporaire,RENCO GESTION IMMOB,,1.0,2025-01-17 00:00:00,,,,pointe-noire,Gouvernante d'étage Hôtellerie - Restauration
NONREF000189,Plombier,Hôtellerie - Restauration,POINTE-NOIRE,CDD,Emploi Temporaire,RENCO GESTION IMMOB,,1.0,2025-01-17 00:00:00,,,,pointe-noire,Plombier Hôtellerie - Restauration
JOB250002641,Réceptionniste Bilingue,Hôtellerie - Restauration,POINTE-NOIRE,Stage professionnel,Stages Classiques,RENCO GESTION IMMOBILIERE,,1.0,2025-11-12 00:00:00,,,,pointe-noire,Réceptionniste Bilingue Hôtellerie - Restauration
JOB250002642,AGENT DE RESERVATION,"Commerce, Vente, Marketing & Distribution",POINTE-NOIRE,CDD,Emploi Temporaire,RENCO GESTION IMMOBILIERE,,1.0,2025-11-12 00:00:00,,,,pointe-noire,"AGENT DE RESERVATION Commerce, Vente, Marketing & Distribution"
NONREF000023,Assistant chargé des rel Com,"Pétrole, Gaz & Hydrocarbures",POINTE-NOIRE,CDD,Emploi Temporaire,RENCO GREEN SARL,,1.0,2025-02-10 00:00:00,,,,pointe-noire,"Assistant chargé des rel Com Pétrole, Gaz & Hydrocarbures"
NONREF000244,Technicien NOC,"Informatique, Data, Télécommunications & Digital",POINTE-NOIRE,CDD,Emploi Temporaire,ROFA NETWORK,,1.0,2025-02-13 00:00:00,,,,pointe-noire,"Technicien NOC Informatique, Data, Télécommunications & Digital"
NONREF000046,Assistante RH,"Conseil, Stratégie & Gestion des Ressources Humaines",POINTE-NOIRE,CDD,Emploi Temporaire,RUI ZHI TECHNOLOGIE,,1.0,2025-02-24 00:00:00,,,,pointe-noire,"Assistante RH Conseil, Stratégie & Gestion des Ressources Humaines"
NONREF000048,Assistante RH,"Conseil, Stratégie & Gestion des Ressources Humaines",POINTE-NOIRE,CDD,Emploi Temporaire,RUI ZHI TECHNOLOGIE T,,1.0,2025-03-18 00:00:00,,,,pointe-noire,"Assistante RH Conseil, Stratégie & Gestion des Ressources Humaines"
JOB250001002,ASSISTANT COMPTABLE,"Finance, Banque, Assurance, Comptabilité & Fiscalité",POINTE-NOIRE,CDD,Emploi Temporaire,RUI ZUI TECHNOLOGIE & TRAVAUX PETROLIERS,,1.0,2025-04-25 00:00:00,,,,pointe-noire,"ASSISTANT COMPTABLE Finance, Banque, Assurance, Comptabilité & Fiscalité"
JOB250002351,CAISSIER,"Commerce, Vente, Marketing & Distribution",BRAZZAVILLE,CDD,Emploi Temporaire,SAFE SARL,,1.0,2025-10-06 00:00:00,,,,brazzaville,"CAISSIER Commerce, Vente, Marketing & Distribution"
JOB250002355,PRODUCTEUR,"Commerce, Vente, Marketing & Distribution",BRAZZAVILLE,CDD,Emploi Temporaire,SAFE SARL,,1.0,2025-10-06 00:00:00,,,,brazzaville,"PRODUCTEUR Commerce, Vente, Marketing & Distribution"
JOB250001267,Standartiste,"Conseil, Stratégie & Gestion des Ressources Humaines",POINTE-NOIRE,CDD,Emploi Temporaire,SAINT PIERRE SERVICES,,1.0,2025-05-28 00:00:00,,,,pointe-noire,"Standartiste Conseil, Stratégie & Gestion des Ressources Humaines"
NONREF000251,Agent de Nettoyage Matière Auxilliaire OP,"Industrie, Production & Maintenance",Bouenza,CDD,Emploi Temporaire,Saris Congo,,1.0,Janvier,,,,bouenza,"Agent de Nettoyage Matière Auxilliaire OP Industrie, Production & Maintenance"
NONREF000252,Agent des Affaires Sociales,"Industrie, Production & Maintenance",Bouenza,CDD,Emploi Temporaire,Saris Congo,,1.0,Janvier,,,,bouenza,"Agent des Affaires Sociales Industrie, Production & Maintenance"
NONREF000263,Bobieneur OQ,"Industrie, Production & Maintenance",Bouenza,CDD,Emploi Temporaire,Saris Congo,,20.0,Janvier,,,,bouenza,"Bobieneur OQ Industrie, Production & Maintenance"
NONREF000270,Chauffeur Semi- Remorques,"Industrie, Production & Maintenance",Bouenza,CDD,Emploi Temporaire,Saris Congo,,2.0,Janvier,,,,bouenza,"Chauffeur Semi- Remorques Industrie, Production & Maintenance"
NONREF000274,Chef d'Equipe Calorifuge,"Industrie, Production & Maintenance",Bouenza,CDD,Emploi Temporaire,Saris Congo,,1.0,Janvier,,,,bouenza,"Chef d'Equipe Calorifuge Industrie, Production & Maintenance"
NONREF000276,Chef d'Equipe Chaudronnier,"Industrie, Production & Maintenance",Bouenza,CDD,Emploi Temporaire,Saris Congo,,4.0,Janvier,,,,bouenza,"Chef d'Equipe Chaudronnier Industrie, Production & Maintenance"
NONREF000278,Chef d'Equipe Electricien,"Industrie, Production & Maintenance",Bouenza,CDD,Emploi Temporaire,Saris Congo,,2.0,Janvier,,,,bouenza,"Chef d'Equipe Electricien Industrie, Production & Maintenance"
NONREF000279,Chef d'Equipe Essorage,"Industrie, Production & Maintenance",Bouenza,CDD,Emploi Temporaire,Saris Congo,,1.0,Janvier,,,,bouenza,"Chef d'Equipe Essorage Industrie, Production & Maintenance"
NONREF000280,Chef d'Equipe Essorage,"Industrie, Production & Maintenance",Bouenza,CDD,Emploi Temporaire,Saris Congo,,2.0,Janvier,,,,bouenza,"Chef d'Equipe Essorage Industrie, Production & Maintenance"
NONREF000282,Chef d'Equipe Raffinerie,"Industrie, Production & Maintenance",Bouenza,CDD,Emploi Temporaire,Saris Congo,,1.0,Janvier,,,,bouenza,"Chef d'Equipe Raffinerie Industrie, Production & Maintenance"
NONREF000283,Chef d'Equipe Raffinerie,"Industrie, Production & Maintenance",Bouenza,CDD,Emploi Temporaire,Saris Congo,,1.0,Janvier,,,,bouenza,"Chef d'Equipe Raffinerie Industrie, Production & Maintenance"
NONREF000284,Chef d'Equipe Tourneur,"Industrie, Production & Maintenance",Bouenza,CDD,Emploi Temporaire,Saris Congo,,1.0,Janvier,,,,bouenza,"Chef d'Equipe Tourneur Industrie, Production & Maintenance"
NONREF000285,Chef d'Equipe Tourneur,"Industrie, Production & Maintenance",Bouenza,CDD,Emploi Temporaire,Saris Congo,,3.0,Janvier,,,,bouenza,"Chef d'Equipe Tourneur Industrie, Production & Maintenance"
NONREF000287,Conducteur de Travaux,"Industrie, Production & Maintenance",Bouenza,CDD,Emploi Temporaire,Saris Congo,,3.0,Janvier,,,,bouenza,"Conducteur de Travaux Industrie, Production & Maintenance"
NONREF000288,Conducteur de Travaux,"Industrie, Production & Maintenance",Bouenza,CDD,Emploi Temporaire,Saris Congo,,1.0,Janvier,,,,bouenza,"Conducteur de Travaux Industrie, Production & Maintenance"
NONREF000289,Conducteur de travaux mécanique usine,"Industrie, Production & Maintenance",Bouenza,CDD,Emploi Temporaire,Saris Congo,,1.0,Janvier,,,,bouenza,"Conducteur de travaux mécanique usine Industrie, Production & Maintenance"
NONREF000290,Conducteur des travaux de Regulation,"Industrie, Production & Maintenance",Bouenza,CDD,Emploi Temporaire,Saris Congo,,1.0,Janvier,,,,bouenza,"Conducteur des travaux de Regulation Industrie, Production & Maintenance"
NONREF000291,Conducteur Prinicipal de Travaux,"Industrie, Production & Maintenance",Bouenza,CDD,Emploi Temporaire,Saris Congo,,1.0,Janvier,,,,bouenza,"Conducteur Prinicipal de Travaux Industrie, Production & Maintenance"
NONREF000295,Electricien Atelier OQ,"Industrie, Production & Maintenance",Bouenza,CDD,Emploi Temporaire,Saris Congo,,1.0,Janvier,,,,bouenza,"Electricien Atelier OQ Industrie, Production & Maintenance"
NONREF000296,Electricien de Quart OQ,"Industrie, Production & Maintenance",Bouenza,CDD,Emploi Temporaire,Saris Congo,,3.0,Janvier,,,,bouenza,"Electricien de Quart OQ Industrie, Production & Maintenance"
NONREF000300,Infirmier Diplômé d'Etat,"Industrie, Production & Maintenance",Bouenza,CDD,Emploi Temporaire,Saris Congo,,1.0,Janvier,,,,bouenza,"Infirmier Diplômé d'Etat Industrie, Production & Maintenance"
NONREF000316,MécanicienBOS,"Industrie, Production & Maintenance",Bouenza,CDD,Emploi Temporaire,Saris Congo,,2.0,Janvier,,,,bouenza,"MécanicienBOS Industrie, Production & Maintenance"
NONREF000317,MécanicienEntretien Reducteur,"Industrie, Production & Maintenance",Bouenza,CDD,Emploi Temporaire,Saris Congo,,1.0,Janvier,,,,bouenza,"MécanicienEntretien Reducteur Industrie, Production & Maintenance"
NONREF000318,Mécanicien AOS,"Industrie, Production & Maintenance",Bouenza,CDD,Emploi Temporaire,Saris Congo,,2.0,Janvier,,,,bouenza,"Mécanicien AOS Industrie, Production & Maintenance"
NONREF000319,Mécanicien Conditionneuse HQ,"Industrie, Production & Maintenance",Bouenza,CDD,Emploi Temporaire,Saris Congo,,1.0,Janvier,,,,bouenza,"Mécanicien Conditionneuse HQ Industrie, Production & Maintenance"
NONREF000320,Mecanicien Conditionneuse OQ,"Industrie, Production & Maintenance",Bouenza,CDD,Emploi Temporaire,Saris Congo,,6.0,Janvier,,,,bouenza,"Mecanicien Conditionneuse OQ Industrie, Production & Maintenance"
NONREF000321,Mécanicien Entetien Centrifugeur HQ,"Industrie, Production & Maintenance",Bouenza,CDD,Emploi Temporaire,Saris Congo,,1.0,Janvier,,,,bouenza,"Mécanicien Entetien Centrifugeur HQ Industrie, Production & Maintenance"
NONREF000322,Mécanicien Entretien,"Industrie, Production & Maintenance",Bouenza,CDD,Emploi Temporaire,Saris Congo,,3.0,Janvier,,,,bouenza,"Mécanicien Entretien Industrie, Production & Maintenance"
NONREF000323,Mécanicien Entretien Appareillage et vanne HQ,"Industrie, Production & Maintenance",Bouenza,CDD,Emploi Temporaire,Saris Congo,,2.0,Janvier,,,,bouenza,"Mécanicien Entretien Appareillage et vanne HQ Industrie, Production & Maintenance"
NONREF000324,Mécanicien Entretien bande et transporteur OQ,"Industrie, Production & Maintenance",Bouenza,CDD,Emploi Temporaire,Saris Congo,,2.0,Janvier,,,,bouenza,"Mécanicien Entretien bande et transporteur OQ Industrie, Production & Maintenance"
NONREF000325,Mécanicien Entetien Centrifugeur HQ,"Industrie, Production & Maintenance",Bouenza,CDD,Emploi Temporaire,Saris Congo,,1.0,Janvier,,,,bouenza,"Mécanicien Entetien Centrifugeur HQ Industrie, Production & Maintenance"
NONREF000326,Mécanicien Entretien Pompe HQ,"Industrie, Production & Maintenance",Bouenza,CDD,Emploi Temporaire,Saris Congo,,1.0,Janvier,,,,bouenza,"Mécanicien Entretien Pompe HQ Industrie, Production & Maintenance"
NONREF000327,Mécanicien Entretien Pompe HQ,"Industrie, Production & Maintenance",Bouenza,CDD,Emploi Temporaire,Saris Congo,,2.0,Janvier,,,,bouenza,"Mécanicien Entretien Pompe HQ Industrie, Production & Maintenance"
NONREF000328,Mécanicien Entretien Reducteur OQ,"Industrie, Production & Maintenance",Bouenza,CDD,Emploi Temporaire,Saris Congo,,1.0,Janvier,,,,bouenza,"Mécanicien Entretien Reducteur OQ Industrie, Production & Maintenance"
NONREF000329,Mécanicien Entretien Turbo Alternateur et Compresseur OQ,"Industrie, Production & Maintenance",Bouenza,CDD,Emploi Temporaire,Saris Congo,,3.0,Janvier,,,,bouenza,"Mécanicien Entretien Turbo Alternateur et Compresseur OQ Industrie, Production & Maintenance"
NONREF000330,Mécanicien entretien Vanne OQ,"Industrie, Production & Maintenance",Bouenza,CDD,Emploi Temporaire,Saris Congo,,3.0,Janvier,,,,bouenza,"Mécanicien entretien Vanne OQ Industrie, Production & Maintenance"
NONREF000331,Mécanicien filtre hercules OS,"Industrie, Production & Maintenance",Bouenza,CDD,Emploi Temporaire,Saris Congo,,2.0,Janvier,,,,bouenza,"Mécanicien filtre hercules OS Industrie, Production & Maintenance"
NONREF000332,Mécanicien HQ,"Industrie, Production & Maintenance",Bouenza,CDD,Emploi Temporaire,Saris Congo,,2.0,Janvier,,,,bouenza,"Mécanicien HQ Industrie, Production & Maintenance"
NONREF000333,Mécanicien Moulins OQ,"Industrie, Production & Maintenance",Bouenza,CDD,Emploi Temporaire,Saris Congo,,4.0,Janvier,,,,bouenza,"Mécanicien Moulins OQ Industrie, Production & Maintenance"
NONREF000334,Mécanicien OP,"Industrie, Production & Maintenance",Bouenza,CDD,Emploi Temporaire,Saris Congo,,4.0,Janvier,,,,bouenza,"Mécanicien OP Industrie, Production & Maintenance"
NONREF000337,Mécanicien OQ,"Industrie, Production & Maintenance",Bouenza,CDD,Emploi Temporaire,Saris Congo,,6.0,Janvier,,,,bouenza,"Mécanicien OQ Industrie, Production & Maintenance"
NONREF000345,Mécanicien ROS,"Industrie, Production & Maintenance",Bouenza,CDD,Emploi Temporaire,Saris Congo,,2.0,Janvier,,,,bouenza,"Mécanicien ROS Industrie, Production & Maintenance"
NONREF000346,Mécanicien Turbine à vapeur OQ,"Industrie, Production & Maintenance",Bouenza,CDD,Emploi Temporaire,Saris Congo,,1.0,Janvier,,,,bouenza,"Mécanicien Turbine à vapeur OQ Industrie, Production & Maintenance"
NONREF000347,Mécanicien Turbineur MCA OS,"Industrie, Production & Maintenance",Bouenza,CDD,Emploi Temporaire,Saris Congo,,1.0,Janvier,,,,bouenza,"Mécanicien Turbineur MCA OS Industrie, Production & Maintenance"
NONREF000348,Mécanicien Turbineur MCA OS,"Industrie, Production & Maintenance",Bouenza,CDD,Emploi Temporaire,Saris Congo,,1.0,Janvier,,,,bouenza,"Mécanicien Turbineur MCA OS Industrie, Production & Maintenance"
NONREF000349,Mécaniciens Moulins OQ,"Industrie, Production & Maintenance",Bouenza,CDD,Emploi Temporaire,Saris Congo,,4.0,Janvier,,,,bouenza,"Mécaniciens Moulins OQ Industrie, Production & Maintenance"
NONREF000355,Opérateur Buchette OQ,"Industrie, Production & Maintenance",Bouenza,CDD,Emploi Temporaire,Saris Congo,,2.0,Janvier,,,,bouenza,"Opérateur Buchette OQ Industrie, Production & Maintenance"
NONREF000356,Opérateur de Maintenance Emboiteuse OP,"Industrie, Production & Maintenance",Bouenza,CDD,Emploi Temporaire,Saris Congo,,2.0,Janvier,,,,bouenza,"Opérateur de Maintenance Emboiteuse OP Industrie, Production & Maintenance"
NONREF000357,Opérateur de Maintenance Formeuse OS,"Industrie, Production & Maintenance",Bouenza,CDD,Emploi Temporaire,Saris Congo,,4.0,Janvier,,,,bouenza,"Opérateur de Maintenance Formeuse OS Industrie, Production & Maintenance"
NONREF000360,Opérateur Maintenance Mouleuse OP,"Industrie, Production & Maintenance",Bouenza,CDD,Emploi Temporaire,Saris Congo,,2.0,Janvier,,,,bouenza,"Opérateur Maintenance Mouleuse OP Industrie, Production & Maintenance"
NONREF000370,Plombier OQ,"Industrie, Production & Maintenance",Bouenza,CDD,Emploi Temporaire,Saris Congo,,1.0,Janvier,,,,bouenza,"Plombier OQ Industrie, Production & Maintenance"
NONREF000371,Préparateur d'Atelier HQ,"Industrie, Production & Maintenance",Bouenza,CDD,Emploi Temporaire,Saris Congo,,1.0,Janvier,,,,bouenza,"Préparateur d'Atelier HQ Industrie, Production & Maintenance"
NONREF000373,Regleur de Maintenance OP,"Industrie, Production & Maintenance",Bouenza,CDD,Emploi Temporaire,Saris Congo,,1.0,Janvier,,,,bouenza,"Regleur de Maintenance OP Industrie, Production & Maintenance"
NONREF000374,Regleur de maintenance OQ,"Industrie, Production & Maintenance",Bouenza,CDD,Emploi Temporaire,Saris Congo,,3.0,Janvier,,,,bouenza,"Regleur de maintenance OQ Industrie, Production & Maintenance"
NONREF000375,Responsable Environnement,"Industrie, Production & Maintenance",Bouenza,CDD,Emploi Temporaire,Saris Congo,,1.0,Janvier,,,,bouenza,"Responsable Environnement Industrie, Production & Maintenance"
NONREF000376,Secretaire Technique OP,"Industrie, Production & Maintenance",Bouenza,CDD,Emploi Temporaire,Saris Congo,,1.0,Janvier,,,,bouenza,"Secretaire Technique OP Industrie, Production & Maintenance"
NONREF000377,Secretaire Technique OQ,"Industrie, Production & Maintenance",Bouenza,CDD,Emploi Temporaire,Saris Congo,,1.0,Janvier,,,,bouenza,"Secretaire Technique OQ Industrie, Production & Maintenance"
NONREF000383,Soudeur OQ,"Industrie, Production & Maintenance",Bouenza,CDD,Emploi Temporaire,Saris Congo,,5.0,Janvier,,,,bouenza,"Soudeur OQ Industrie, Production & Maintenance"
NONREF000386,Technicien de Maintenance Regulation HQ,"Industrie, Production & Maintenance",Bouenza,CDD,Emploi Temporaire,Saris Congo,,1.0,Janvier,,,,bouenza,"Technicien de Maintenance Regulation HQ Industrie, Production & Maintenance"
NONREF000387,Technicien Electricien de Qaurt OQ,"Industrie, Production & Maintenance",Bouenza,CDD,Emploi Temporaire,Saris Congo,,1.0,Janvier,,,,bouenza,"Technicien Electricien de Qaurt OQ Industrie, Production & Maintenance"
NONREF000388,Technicien Essorage HQ,"Industrie, Production & Maintenance",Bouenza,CDD,Emploi Temporaire,Saris Congo,,1.0,Janvier,,,,bouenza,"Technicien Essorage HQ Industrie, Production & Maintenance"
NONREF000389,Technicien Essorage HQ Agent d'Execution,"Industrie, Production & Maintenance",Bouenza,CDD,Emploi Temporaire,Saris Congo,,1.0,Janvier,,,,bouenza,"Technicien Essorage HQ Agent d'Execution Industrie, Production & Maintenance"
NONREF000391,Tourneur Ajusteur OQ,"Industrie, Production & Maintenance",Bouenza,CDD,Emploi Temporaire,Saris Congo,,4.0,Janvier,,,,bouenza,"Tourneur Ajusteur OQ Industrie, Production & Maintenance"
NONREF000394,Tourneur Cylindre Moulins OQ,"Industrie, Production & Maintenance",Bouenza,CDD,Emploi Temporaire,Saris Congo,,1.0,Janvier,,,,bouenza,"Tourneur Cylindre Moulins OQ Industrie, Production & Maintenance"
NONREF000407,Technicien essorage HQ,Agriculture & Industrie Agroalimentaire,Bouenza,CDD,Emploi Temporaire,SARIS Congo,,1.0,2025-01-03 00:00:00,,,,bouenza,Technicien essorage HQ Agriculture & Industrie Agroalimentaire
NONREF000408,Chef de raffinerie,Agriculture & Industrie Agroalimentaire,Bouenza,CDD,Emploi Temporaire,SARIS Congo,,1.0,2025-01-03 00:00:00,,,,bouenza,Chef de raffinerie Agriculture & Industrie Agroalimentaire
NONREF000409,secretaire technique reporting,Agriculture & Industrie Agroalimentaire,Bouenza,CDD,Emploi Temporaire,SARIS Congo,,1.0,2025-01-12 00:00:00,,,,bouenza,secretaire technique reporting Agriculture & Industrie Agroalimentaire
NONREF000410,Agent Administratif RH,"Conseil, Stratégie & Gestion des Ressources Humaines",Bouenza,CDD,Emploi Temporaire,SARIS Congo,,1.0,2025-01-12 00:00:00,,,,bouenza,"Agent Administratif RH Conseil, Stratégie & Gestion des Ressources Humaines"
NONREF000411,Secrétaire de Direction Bilingue,Agriculture & Industrie Agroalimentaire,Bouenza,CDD,Emploi Temporaire,SARIS Congo,,1.0,2025-01-12 00:00:00,,,,bouenza,Secrétaire de Direction Bilingue Agriculture & Industrie Agroalimentaire
NONREF000412,Responsable Juridiques et Assurances,Agriculture & Industrie Agroalimentaire,Bouenza,CDD,Emploi Temporaire,SARIS Congo,,1.0,2025-01-12 00:00:00,,,,bouenza,Responsable Juridiques et Assurances Agriculture & Industrie Agroalimentaire
NONREF000413,Assistante de Direction et Evenmentiel,Agriculture & Industrie Agroalimentaire,Bouenza,CDD,Emploi Temporaire,SARIS Congo,,1.0,2025-02-07 00:00:00,,,,bouenza,Assistante de Direction et Evenmentiel Agriculture & Industrie Agroalimentaire
NONREF000414,Conducteur de Travaux Chaudronnerie,Agriculture & Industrie Agroalimentaire,Bouenza,CDD,Emploi Temporaire,SARIS Congo,,1.0,2025-02-11 00:00:00,,,,bouenza,Conducteur de Travaux Chaudronnerie Agriculture & Industrie Agroalimentaire
NONREF000415,Chef d'Equipe Tourneur,Agriculture & Industrie Agroalimentaire,Bouenza,CDD,Emploi Temporaire,SARIS Congo,,1.0,2025-02-11 00:00:00,,,,bouenza,Chef d'Equipe Tourneur Agriculture & Industrie Agroalimentaire
NONREF000416,Electro mécanicien en OQ,Agriculture & Industrie Agroalimentaire,Bouenza,CDD,Emploi Temporaire,SARIS Congo,,1.0,2025-02-11 00:00:00,,,,bouenza,Electro mécanicien en OQ Agriculture & Industrie Agroalimentaire
NONREF000417,Chef d'Equipe regleur,Agriculture & Industrie Agroalimentaire,Bouenza,CDD,Emploi Temporaire,SARIS Congo,,1.0,2025-02-11 00:00:00,,,,bouenza,Chef d'Equipe regleur Agriculture & Industrie Agroalimentaire
NONREF000418,Regleur OQ,Agriculture & Industrie Agroalimentaire,Bouenza,CDD,Emploi Temporaire,SARIS Congo,,1.0,2025-02-11 00:00:00,,,,bouenza,Regleur OQ Agriculture & Industrie Agroalimentaire
NONREF000419,Chef d'equipe electricité,Agriculture & Industrie Agroalimentaire,Bouenza,CDD,Emploi Temporaire,SARIS Congo,,1.0,2025-02-11 00:00:00,,,,bouenza,Chef d'equipe electricité Agriculture & Industrie Agroalimentaire
NONREF000420,electricien OQ,Agriculture & Industrie Agroalimentaire,Bouenza,CDD,Emploi Temporaire,SARIS Congo,,1.0,2025-02-11 00:00:00,,,,bouenza,electricien OQ Agriculture & Industrie Agroalimentaire
NONREF000421,Chef d'equipe chaudière,Agriculture & Industrie Agroalimentaire,Bouenza,CDD,Emploi Temporaire,SARIS Congo,,1.0,2025-02-11 00:00:00,,,,bouenza,Chef d'equipe chaudière Agriculture & Industrie Agroalimentaire
NONREF000422,conducteur de travaux OQ,Agriculture & Industrie Agroalimentaire,Bouenza,CDD,Emploi Temporaire,SARIS Congo,,1.0,2025-02-11 00:00:00,,,,bouenza,conducteur de travaux OQ Agriculture & Industrie Agroalimentaire
NONREF000423,Cuseur MCB,Agriculture & Industrie Agroalimentaire,Bouenza,CDD,Emploi Temporaire,SARIS Congo,,2.0,2025-02-11 00:00:00,,,,bouenza,Cuseur MCB Agriculture & Industrie Agroalimentaire
NONREF000424,Cuiseur MCR,Agriculture & Industrie Agroalimentaire,Bouenza,CDD,Emploi Temporaire,SARIS Congo,,1.0,2025-02-11 00:00:00,,,,bouenza,Cuiseur MCR Agriculture & Industrie Agroalimentaire
NONREF000425,Opérateur conditionneuse 1kg HQ,Agriculture & Industrie Agroalimentaire,Bouenza,CDD,Emploi Temporaire,SARIS Congo,,1.0,2025-02-11 00:00:00,,,,bouenza,Opérateur conditionneuse 1kg HQ Agriculture & Industrie Agroalimentaire
NONREF000426,turbineur MCA,Agriculture & Industrie Agroalimentaire,Bouenza,CDD,Emploi Temporaire,SARIS Congo,,1.0,2025-02-11 00:00:00,,,,bouenza,turbineur MCA Agriculture & Industrie Agroalimentaire
NONREF000427,turbineur MCC,Agriculture & Industrie Agroalimentaire,Bouenza,CDD,Emploi Temporaire,SARIS Congo,,1.0,2025-02-11 00:00:00,,,,bouenza,turbineur MCC Agriculture & Industrie Agroalimentaire
NONREF000428,Filtreur OP,Agriculture & Industrie Agroalimentaire,Bouenza,CDD,Emploi Temporaire,SARIS Congo,,2.0,2025-02-11 00:00:00,,,,bouenza,Filtreur OP Agriculture & Industrie Agroalimentaire
NONREF000429,Mécanicien Filtreur Herculès,Agriculture & Industrie Agroalimentaire,Bouenza,CDD,Emploi Temporaire,SARIS Congo,,1.0,2025-02-11 00:00:00,,,,bouenza,Mécanicien Filtreur Herculès Agriculture & Industrie Agroalimentaire
NONREF000430,Opérateur salle de contrôle fabrication,Agriculture & Industrie Agroalimentaire,Bouenza,CDD,Emploi Temporaire,SARIS Congo,,1.0,2025-02-11 00:00:00,,,,bouenza,Opérateur salle de contrôle fabrication Agriculture & Industrie Agroalimentaire
NONREF000431,Cuiseur MCC,Agriculture & Industrie Agroalimentaire,Bouenza,CDD,Emploi Temporaire,SARIS Congo,,1.0,2025-02-11 00:00:00,,,,bouenza,Cuiseur MCC Agriculture & Industrie Agroalimentaire
NONREF000432,Sapeur pompier,Agriculture & Industrie Agroalimentaire,Bouenza,CDD,Emploi Temporaire,SARIS Congo,,3.0,2025-02-11 00:00:00,,,,bouenza,Sapeur pompier Agriculture & Industrie Agroalimentaire
NONREF000433,surveillant environnement,Agriculture & Industrie Agroalimentaire,Bouenza,CDD,Emploi Temporaire,SARIS Congo,,1.0,2025-02-11 00:00:00,,,,bouenza,surveillant environnement Agriculture & Industrie Agroalimentaire
NONREF000434,responsable maintenance cadre,Agriculture & Industrie Agroalimentaire,Bouenza,CDD,Emploi Temporaire,SARIS Congo,,1.0,2025-02-17 00:00:00,,,,bouenza,responsable maintenance cadre Agriculture & Industrie Agroalimentaire
NONREF000435,Coodinateur qualité et sécurité des denrés alimentaires,Agriculture & Industrie Agroalimentaire,Bouenza,CDD,Emploi Temporaire,SARIS Congo,,1.0,2025-02-17 00:00:00,,,,bouenza,Coodinateur qualité et sécurité des denrés alimentaires Agriculture & Industrie Agroalimentaire
NONREF000436,conducteur de travaux mécanique usine,Agriculture & Industrie Agroalimentaire,Bouenza,CDD,Emploi Temporaire,SARIS Congo,,1.0,2025-02-25 00:00:00,,,,bouenza,conducteur de travaux mécanique usine Agriculture & Industrie Agroalimentaire
NONREF000437,Maintenancier industrielle electricienne,Agriculture & Industrie Agroalimentaire,Bouenza,CDD,Emploi Temporaire,SARIS Congo,,1.0,2025-02-25 00:00:00,,,,bouenza,Maintenancier industrielle electricienne Agriculture & Industrie Agroalimentaire
NONREF000438,Soudeur HQ,Agriculture & Industrie Agroalimentaire,Bouenza,CDD,Emploi Temporaire,SARIS Congo,,2.0,2025-02-25 00:00:00,,,,bouenza,Soudeur HQ Agriculture & Industrie Agroalimentaire
NONREF000439,Ingenieur automaticien,Agriculture & Industrie Agroalimentaire,Bouenza,CDD,Emploi Temporaire,SARIS Congo,,1.0,2025-02-25 00:00:00,,,,bouenza,Ingenieur automaticien Agriculture & Industrie Agroalimentaire
NONREF000440,responsable service chaudronnerie,Agriculture & Industrie Agroalimentaire,Bouenza,CDD,Emploi Temporaire,SARIS Congo,,1.0,2025-02-25 00:00:00,,,,bouenza,responsable service chaudronnerie Agriculture & Industrie Agroalimentaire
NONREF000441,mécanicien turbines à vapeur et compresseur,Agriculture & Industrie Agroalimentaire,Bouenza,CDD,Emploi Temporaire,SARIS Congo,,2.0,2025-02-25 00:00:00,,,,bouenza,mécanicien turbines à vapeur et compresseur Agriculture & Industrie Agroalimentaire
NONREF000442,technicien superieur en électromécanicien,Agriculture & Industrie Agroalimentaire,Bouenza,CDD,Emploi Temporaire,SARIS Congo,,1.0,2025-02-25 00:00:00,,,,bouenza,technicien superieur en électromécanicien Agriculture & Industrie Agroalimentaire
JOB250001652,Adjoint Chef de Service Laboratoire,Agriculture & Industrie Agroalimentaire,NKAYI,CDI,Emploi Durable,SARIS Congo,,1.0,2025-07-09 00:00:00,,,,nkayi,Adjoint Chef de Service Laboratoire Agriculture & Industrie Agroalimentaire
JOB250001716,Chef de Service Régulation et Automatisme,"Énergie, Environnement & Eau",KAYES,CDI,Emploi Durable,SARIS Congo,,1.0,2025-07-21 00:00:00,,,,kayes,"Chef de Service Régulation et Automatisme Énergie, Environnement & Eau"
JOB250001717,Chef de Service Régulation et Automatisme,"Énergie, Environnement & Eau",KAYES,CDI,Emploi Durable,SARIS Congo,,1.0,2025-07-21 00:00:00,,,,kayes,"Chef de Service Régulation et Automatisme Énergie, Environnement & Eau"
JOB250001818,coupeur,Agriculture & Industrie Agroalimentaire,NKAYI,CDD,Emploi Temporaire,SARIS Congo,,1.0,2025-07-30 00:00:00,,,,nkayi,coupeur Agriculture & Industrie Agroalimentaire
JOB250001944,Ingénieur pépinières,Agriculture & Industrie Agroalimentaire,NKAYI,CDD,Emploi Temporaire,SARIS Congo,,1.0,2025-08-13 00:00:00,,,,nkayi,Ingénieur pépinières Agriculture & Industrie Agroalimentaire
JOB250001959,Technicien Supérieur en mécanique,Agriculture & Industrie Agroalimentaire,NKAYI,CDI,Emploi Durable,SARIS Congo,,1.0,2025-08-14 00:00:00,,,,nkayi,Technicien Supérieur en mécanique Agriculture & Industrie Agroalimentaire
JOB250002119,SECRETAIRE DE DIRECTION,Agriculture & Industrie Agroalimentaire,NKAYI,CDD,Emploi Temporaire,SARIS Congo,,1.0,2025-09-03 00:00:00,,,,nkayi,SECRETAIRE DE DIRECTION Agriculture & Industrie Agroalimentaire
JOB250002130,Directeur Administratif et Financier,"Finance, Banque, Assurance, Comptabilité & Fiscalité",NKAYI,CDI,Emploi Durable,SARIS Congo,,1.0,2025-09-04 00:00:00,,,,nkayi,"Directeur Administratif et Financier Finance, Banque, Assurance, Comptabilité & Fiscalité"
JOB250002215,contrôleur interne,"Finance, Banque, Assurance, Comptabilité & Fiscalité",KAYES,CDI,Emploi Durable,SARIS Congo,,1.0,2025-09-11 00:00:00,,,,kayes,"contrôleur interne Finance, Banque, Assurance, Comptabilité & Fiscalité"
JOB250002346,Technicien Supérieur en Régulation et Automatisme,Agriculture & Industrie Agroalimentaire,KAYES,CDD,Emploi Temporaire,SARIS Congo,,1.0,2025-10-03 00:00:00,,,,kayes,Technicien Supérieur en Régulation et Automatisme Agriculture & Industrie Agroalimentaire
JOB250002474,Responsable Service Chaudronnerie,Agriculture & Industrie Agroalimentaire,NKAYI,CDI,Emploi Durable,SARIS Congo,,1.0,2025-10-22 00:00:00,,,,nkayi,Responsable Service Chaudronnerie Agriculture & Industrie Agroalimentaire
JOB250002475,Technicien Maintenance Mécanique,Agriculture & Industrie Agroalimentaire,NKAYI,CDD,Emploi Temporaire,SARIS Congo,,1.0,2025-10-22 00:00:00,,,,nkayi,Technicien Maintenance Mécanique Agriculture & Industrie Agroalimentaire
JOB250002537,Contremaître de Quart,Agriculture & Industrie Agroalimentaire,KAYES,CDI,Emploi Durable,SARIS Congo,,1.0,2025-10-29 00:00:00,,,,kayes,Contremaître de Quart Agriculture & Industrie Agroalimentaire
JOB250002577,Chef d'Equipe Ensachage,Agriculture & Industrie Agroalimentaire,KAYES,CDD,Emploi Temporaire,SARIS Congo,,1.0,2025-11-04 00:00:00,,,,kayes,Chef d'Equipe Ensachage Agriculture & Industrie Agroalimentaire
JOB250002579,Chef d'Equipe Essorage,Agriculture & Industrie Agroalimentaire,KAYES,CDD,Emploi Temporaire,SARIS Congo,,1.0,2025-11-04 00:00:00,,,,kayes,Chef d'Equipe Essorage Agriculture & Industrie Agroalimentaire
JOB250002582,Opérateur de Maintenance Mouleuse OP,Agriculture & Industrie Agroalimentaire,KAYES,CDD,Emploi Temporaire,SARIS Congo,,1.0,2025-11-05 00:00:00,,,,kayes,Opérateur de Maintenance Mouleuse OP Agriculture & Industrie Agroalimentaire
JOB250002583,Assistant Chef d'Equipe Nettoyage et Matières Auxiliaires OP,Agriculture & Industrie Agroalimentaire,KAYES,CDD,Emploi Temporaire,SARIS Congo,,1.0,2025-11-05 00:00:00,,,,kayes,Assistant Chef d'Equipe Nettoyage et Matières Auxiliaires OP Agriculture & Industrie Agroalimentaire
JOB250002584,Opérateur de Maintenance Formeuse OS,Agriculture & Industrie Agroalimentaire,KAYES,CDD,Emploi Temporaire,SARIS Congo,,1.0,2025-11-05 00:00:00,,,,kayes,Opérateur de Maintenance Formeuse OS Agriculture & Industrie Agroalimentaire
JOB250002586,Mécanicien Cuiseur A,Agriculture & Industrie Agroalimentaire,KAYES,CDD,Emploi Temporaire,SARIS Congo,,1.0,2025-11-05 00:00:00,,,,kayes,Mécanicien Cuiseur A Agriculture & Industrie Agroalimentaire
JOB250002588,Mécanicien Filtres Herculès OS,Agriculture & Industrie Agroalimentaire,KAYES,CDD,Emploi Temporaire,SARIS Congo,,1.0,2025-11-05 00:00:00,,,,kayes,Mécanicien Filtres Herculès OS Agriculture & Industrie Agroalimentaire
JOB250002591,Mécanicien Turbineur MCR,Agriculture & Industrie Agroalimentaire,KAYES,CDD,Emploi Temporaire,SARIS Congo,,1.0,2025-11-05 00:00:00,,,,kayes,Mécanicien Turbineur MCR Agriculture & Industrie Agroalimentaire
JOB250002592,Technicien Supérieur Moulins,Agriculture & Industrie Agroalimentaire,KAYES,CDI,Emploi Durable,SARIS Congo,,1.0,2025-11-05 00:00:00,,,,kayes,Technicien Supérieur Moulins Agriculture & Industrie Agroalimentaire
JOB250002594,Opérateur de Maintenance Emboiteuse,Agriculture & Industrie Agroalimentaire,KAYES,CDD,Emploi Temporaire,SARIS Congo,,1.0,2025-11-05 00:00:00,,,,kayes,Opérateur de Maintenance Emboiteuse Agriculture & Industrie Agroalimentaire
JOB250002600,Conducteur de Travaux maçon Fumiste,Agriculture & Industrie Agroalimentaire,KAYES,CDI,Emploi Durable,SARIS Congo,,1.0,2025-11-06 00:00:00,,,,kayes,Conducteur de Travaux maçon Fumiste Agriculture & Industrie Agroalimentaire
JOB250002620,Electricien Irrigation HQ,Agriculture & Industrie Agroalimentaire,KAYES,CDD,Emploi Temporaire,SARIS Congo,,1.0,2025-11-07 00:00:00,,,,kayes,Electricien Irrigation HQ Agriculture & Industrie Agroalimentaire
JOB250002681,Assistant du Chef de Service Logistique et Transit,Agriculture & Industrie Agroalimentaire,KAYES,CDI,Emploi Durable,SARIS Congo,,1.0,2025-11-19 00:00:00,,,,kayes,Assistant du Chef de Service Logistique et Transit Agriculture & Industrie Agroalimentaire
JOB250002787,Conducteur de Travaux Génie Civil,Agriculture & Industrie Agroalimentaire,KAYES,CDD,Emploi Temporaire,SARIS Congo,,1.0,2025-12-09 00:00:00,,,,kayes,Conducteur de Travaux Génie Civil Agriculture & Industrie Agroalimentaire
JOB250002815,Technicien Supérieur Raffinerie,Agriculture & Industrie Agroalimentaire,NKAYI,CDD,Emploi Temporaire,SARIS Congo,,1.0,2025-12-12 00:00:00,,,,nkayi,Technicien Supérieur Raffinerie Agriculture & Industrie Agroalimentaire
JOB250002816,Chef d'Equipe Essorage,Agriculture & Industrie Agroalimentaire,NKAYI,CDD,Emploi Temporaire,SARIS Congo,,1.0,2025-12-12 00:00:00,,,,nkayi,Chef d'Equipe Essorage Agriculture & Industrie Agroalimentaire
JOB250002817,chef d'Equipe Raffinerie,Agriculture & Industrie Agroalimentaire,NKAYI,CDD,Emploi Temporaire,SARIS Congo,,1.0,2025-12-12 00:00:00,,,,nkayi,chef d'Equipe Raffinerie Agriculture & Industrie Agroalimentaire
JOB250002821,Mécanicien HQentretien Appareillage et Vannes,Agriculture & Industrie Agroalimentaire,NKAYI,CDD,Emploi Temporaire,SARIS Congo,,1.0,2025-12-15 00:00:00,,,,nkayi,Mécanicien HQentretien Appareillage et Vannes Agriculture & Industrie Agroalimentaire
JOB250002822,Mécanicien Entretien Réducteurs HQ,Agriculture & Industrie Agroalimentaire,NKAYI,CDD,Emploi Temporaire,SARIS Congo,,1.0,2025-12-15 00:00:00,,,,nkayi,Mécanicien Entretien Réducteurs HQ Agriculture & Industrie Agroalimentaire
JOB250002843,Mécanicien OH Entretien Centrifugeuses,Agriculture & Industrie Agroalimentaire,NKAYI,CDD,Emploi Temporaire,SARIS Congo,,1.0,2025-12-18 00:00:00,,,,nkayi,Mécanicien OH Entretien Centrifugeuses Agriculture & Industrie Agroalimentaire
JOB250002851,Electricien Professionnel,Agriculture & Industrie Agroalimentaire,NKAYI,CDD,Emploi Temporaire,SARIS Congo,,1.0,2025-12-19 00:00:00,,,,nkayi,Electricien Professionnel Agriculture & Industrie Agroalimentaire
JOB250001516,Chauffeurs Livreurs,"Transport, Logistique & Supply Chain",BRAZZAVILLE,CDD,Emploi Temporaire,SARL Groupe d'Affaire MALONGA MASSAMBA,,2.0,2025-06-24 00:00:00,,,,brazzaville,"Chauffeurs Livreurs Transport, Logistique & Supply Chain"
JOB250001517,GESTIONNAIRE D’ANTENNE,"Transport, Logistique & Supply Chain",POINTE-NOIRE,CDI,Emploi Durable,SARL Groupe d'Affaire MALONGA MASSAMBA,,1.0,2025-06-24 00:00:00,,,,pointe-noire,"GESTIONNAIRE D’ANTENNE Transport, Logistique & Supply Chain"
JOB250001544,Assistant Manager,"Transport, Logistique & Supply Chain",BRAZZAVILLE,CDI,Emploi Durable,SARL Groupe d'Affaire MALONGA MASSAMBA,,1.0,2025-06-29 00:00:00,,,,brazzaville,"Assistant Manager Transport, Logistique & Supply Chain"
JOB250001545,Responsable Supply Chain,"Transport, Logistique & Supply Chain",BRAZZAVILLE,CDD,Emploi Temporaire,SARL Groupe d'Affaire MALONGA MASSAMBA,,1.0,2025-06-29 00:00:00,,,,brazzaville,"Responsable Supply Chain Transport, Logistique & Supply Chain"
JOB250002039,ENSEIGNANT JUNIOR,"Éducation, Formation & Enseignement",BRAZZAVILLE,CDD,Emploi Temporaire,SAS CONGO,,1.0,2025-08-26 00:00:00,,,,brazzaville,"ENSEIGNANT JUNIOR Éducation, Formation & Enseignement"
JOB250002198,Opérateur YARD,"Pétrole, Gaz & Hydrocarbures",POINTE-NOIRE,CDD,Emploi Temporaire,SAS CONGO,,1.0,2025-09-10 00:00:00,,,,pointe-noire,"Opérateur YARD Pétrole, Gaz & Hydrocarbures"
JOB250002199,Préparateur,"Industrie, Production & Maintenance",POINTE-NOIRE,CDD,Emploi Temporaire,SAS CONGO,,1.0,2025-09-10 00:00:00,,,,pointe-noire,"Préparateur Industrie, Production & Maintenance"
JOB250002201,Préparateur OPM,"Industrie, Production & Maintenance",POINTE-NOIRE,CDD,Emploi Temporaire,SAS CONGO,,1.0,2025-09-10 00:00:00,,,,pointe-noire,"Préparateur OPM Industrie, Production & Maintenance"
JOB250002203,MONTEUR,"Industrie, Production & Maintenance",POINTE-NOIRE,CDD,Emploi Temporaire,SAS CONGO,,1.0,2025-09-10 00:00:00,,,,pointe-noire,"MONTEUR Industrie, Production & Maintenance"
JOB250002204,Coordonnateur HSE,"Assurance Qualité, Contrôle, Testing (QHSE)",POINTE-NOIRE,CDD,Emploi Temporaire,SAS CONGO,,1.0,2025-09-10 00:00:00,,,,pointe-noire,"Coordonnateur HSE Assurance Qualité, Contrôle, Testing (QHSE)"
JOB250002206,Inspecteur Controle Qualité,"Pétrole, Gaz & Hydrocarbures",POINTE-NOIRE,CDD,Emploi Temporaire,SAS CONGO,,1.0,2025-09-10 00:00:00,,,,pointe-noire,"Inspecteur Controle Qualité Pétrole, Gaz & Hydrocarbures"
JOB250002207,Technicien d'Atelier,"Pétrole, Gaz & Hydrocarbures",POINTE-NOIRE,CDD,Emploi Temporaire,SAS CONGO,,1.0,2025-09-10 00:00:00,,,,pointe-noire,"Technicien d'Atelier Pétrole, Gaz & Hydrocarbures"
NONREF000220,Responsable QHSE,"Assurance Qualité, Contrôle, Testing (QHSE)",POINTE-NOIRE,CDD,Emploi Temporaire,SAT,,1.0,2025-03-05 00:00:00,,,,pointe-noire,"Responsable QHSE Assurance Qualité, Contrôle, Testing (QHSE)"
NONREF000222,Secrétaire à la logistique,"Transport, Logistique & Supply Chain",POINTE-NOIRE,CDD,Emploi Temporaire,SAT,,1.0,2025-03-05 00:00:00,,,,pointe-noire,"Secrétaire à la logistique Transport, Logistique & Supply Chain"
NONREF000227,Secrétaire du garage,"Transport, Logistique & Supply Chain",POINTE-NOIRE,CDD,Emploi Temporaire,SAT,,1.0,2025-03-05 00:00:00,,,,pointe-noire,"Secrétaire du garage Transport, Logistique & Supply Chain"
NONREF000131,Expert comptable,"Transport, Logistique & Supply Chain",POINTE-NOIRE,CDD,Emploi Temporaire,SAT CONGO SARL,,1.0,2025-02-27 00:00:00,,,,pointe-noire,"Expert comptable Transport, Logistique & Supply Chain"
NONREF000223,Secrétaire Adjointe à la log,"Transport, Logistique & Supply Chain",POINTE-NOIRE,CDD,Emploi Temporaire,SAT CONGO SARL,,1.0,2025-02-27 00:00:00,,,,pointe-noire,"Secrétaire Adjointe à la log Transport, Logistique & Supply Chain"
NONREF000224,Secrétaire Adjointe garage,"Transport, Logistique & Supply Chain",POINTE-NOIRE,CDD,Emploi Temporaire,SAT CONGO SARL,,1.0,2025-02-27 00:00:00,,,,pointe-noire,"Secrétaire Adjointe garage Transport, Logistique & Supply Chain"
JOB250002559,Chauffeur Semi-Remorque,"Transport, Logistique & Supply Chain",POINTE-NOIRE,CDI,Emploi Durable,SATRANS LOGISTIQUE,,1.0,2025-11-03 00:00:00,,,,pointe-noire,"Chauffeur Semi-Remorque Transport, Logistique & Supply Chain"
JOB250002593,Mécanicien des Véhicules Sémi Remorque,"Transport, Logistique & Supply Chain",POINTE-NOIRE,CDD,Emploi Temporaire,SATRANS LOGISTIQUE,,1.0,2025-11-05 00:00:00,,,,pointe-noire,"Mécanicien des Véhicules Sémi Remorque Transport, Logistique & Supply Chain"
JOB250002305,COMPTABLE,"Sécurité, Sûreté & Défense",BRAZZAVILLE,CDD,Emploi Temporaire,SCAB CONGO S.A,,1.0,2025-09-25 00:00:00,,,,brazzaville,"COMPTABLE Sécurité, Sûreté & Défense"
JOB250002309,AGENT DE PREVENTION,"Sécurité, Sûreté & Défense",BRAZZAVILLE,CDD,Emploi Temporaire,SCAB CONGO S.A,,1.0,2025-09-25 00:00:00,,,,brazzaville,"AGENT DE PREVENTION Sécurité, Sûreté & Défense"
NONREF000066,Chauffeur,"Industrie, Production & Maintenance",POINTE-NOIRE,CDD,Emploi Temporaire,SCDI,,1.0,2025-02-18 00:00:00,,,,pointe-noire,"Chauffeur Industrie, Production & Maintenance"
NONREF000139,Gestionnairede stock,"Industrie, Production & Maintenance",POINTE-NOIRE,CDD,Emploi Temporaire,SCDI,,1.0,2025-02-18 00:00:00,,,,pointe-noire,"Gestionnairede stock Industrie, Production & Maintenance"
JOB250000976,Ouvrier,"Industrie, Production & Maintenance",POINTE-NOIRE,CDD,Emploi Temporaire,SCDI  (SOCIETE CONGOLAISE DES INDUSTRIES ),,1.0,2025-04-24 00:00:00,,,,pointe-noire,"Ouvrier Industrie, Production & Maintenance"
JOB250002750,Agent Commercial,"Commerce, Vente, Marketing & Distribution",POINTE-NOIRE,CDD,Emploi Temporaire,SCDI  (SOCIETE CONGOLAISE DES INDUSTRIES ),,1.0,2025-12-01 00:00:00,,,,pointe-noire,"Agent Commercial Commerce, Vente, Marketing & Distribution"
JOB250002752,Ouvrier,"Bâtiment, Travaux Publics & Aménagement du Territoire",POINTE-NOIRE,CDD,Emploi Temporaire,SCDI  (SOCIETE CONGOLAISE DES INDUSTRIES ),,1.0,2025-12-01 00:00:00,,,,pointe-noire,"Ouvrier Bâtiment, Travaux Publics & Aménagement du Territoire"
JOB250002753,Agent de Production et Maintenance,"Industrie, Production & Maintenance",POINTE-NOIRE,CDD,Emploi Temporaire,SCDI  (SOCIETE CONGOLAISE DES INDUSTRIES ),,1.0,2025-12-01 00:00:00,,,,pointe-noire,"Agent de Production et Maintenance Industrie, Production & Maintenance"
JOB250002754,Chauffeur,"Transport, Logistique & Supply Chain",POINTE-NOIRE,CDD,Emploi Temporaire,SCDI  (SOCIETE CONGOLAISE DES INDUSTRIES ),,1.0,2025-12-01 00:00:00,,,,pointe-noire,"Chauffeur Transport, Logistique & Supply Chain"
JOB250001241,Acheteur Junior,"Pétrole, Gaz & Hydrocarbures",POINTE-NOIRE,CDD,Emploi Temporaire,SEAOWL ENERGIES SERVICES CONGO,,1.0,2025-05-26 00:00:00,,,,pointe-noire,"Acheteur Junior Pétrole, Gaz & Hydrocarbures"
JOB250001688,INGENIEURBOUE,"Pétrole, Gaz & Hydrocarbures",POINTE-NOIRE,CDD,Emploi Temporaire,SEAOWL ENERGIES SERVICES CONGO,,1.0,2025-07-14 00:00:00,,,,pointe-noire,"INGENIEURBOUE Pétrole, Gaz & Hydrocarbures"
JOB250001894,RESPONSABLE SAS,"Pétrole, Gaz & Hydrocarbures",POINTE-NOIRE,CDD,Emploi Temporaire,SEAOWL ENERGIES SERVICES CONGO,,1.0,2025-08-07 00:00:00,,,,pointe-noire,"RESPONSABLE SAS Pétrole, Gaz & Hydrocarbures"
JOB250001895,Responsable de Base Logistique,"Pétrole, Gaz & Hydrocarbures",POINTE-NOIRE,CDD,Emploi Temporaire,SEAOWL ENERGIES SERVICES CONGO,,1.0,2025-08-07 00:00:00,,,,pointe-noire,"Responsable de Base Logistique Pétrole, Gaz & Hydrocarbures"
JOB250002749,Ingénieur Intégrité Puits,"Pétrole, Gaz & Hydrocarbures",POINTE-NOIRE,CDD,Emploi Temporaire,SEAOWL ENERGIES SERVICES CONGO,,1.0,2025-12-01 00:00:00,,,,pointe-noire,"Ingénieur Intégrité Puits Pétrole, Gaz & Hydrocarbures"
JOB250002034,Farm Manager,Agriculture & Industrie Agroalimentaire,BRAZZAVILLE,CDD,Emploi Temporaire,SEDIMA CONGO  SA,,1.0,2025-08-26 00:00:00,,,,brazzaville,Farm Manager Agriculture & Industrie Agroalimentaire
JOB250002036,Farm operations manager,Agriculture & Industrie Agroalimentaire,BRAZZAVILLE,CDD,Emploi Temporaire,SEDIMA CONGO  SA,,1.0,2025-08-26 00:00:00,,,,brazzaville,Farm operations manager Agriculture & Industrie Agroalimentaire
JOB250002037,Controleur de Gestion,"Finance, Banque, Assurance, Comptabilité & Fiscalité",BRAZZAVILLE,CDD,Emploi Temporaire,SEDIMA CONGO  SA,,1.0,2025-08-26 00:00:00,,,,brazzaville,"Controleur de Gestion Finance, Banque, Assurance, Comptabilité & Fiscalité"
JOB250002043,Chef de garage,Agriculture & Industrie Agroalimentaire,BRAZZAVILLE,CDD,Emploi Temporaire,SEDIMA CONGO  SA,,1.0,2025-08-26 00:00:00,,,,brazzaville,Chef de garage Agriculture & Industrie Agroalimentaire
JOB250002047,Mécanicien – Aide Magasinier Pièces de Rechange,"Industrie, Production & Maintenance",BRAZZAVILLE,CDD,Emploi Temporaire,SEDIMA CONGO  SA,,1.0,2025-08-26 00:00:00,,,,brazzaville,"Mécanicien – Aide Magasinier Pièces de Rechange Industrie, Production & Maintenance"
JOB250002050,Soudeur,"Industrie, Production & Maintenance",BRAZZAVILLE,CDD,Emploi Temporaire,SEDIMA CONGO  SA,,1.0,2025-08-26 00:00:00,,,,brazzaville,"Soudeur Industrie, Production & Maintenance"
JOB250002052,Chef de perimetre,Agriculture & Industrie Agroalimentaire,BRAZZAVILLE,CDD,Emploi Temporaire,SEDIMA CONGO  SA,,1.0,2025-08-27 00:00:00,,,,brazzaville,Chef de perimetre Agriculture & Industrie Agroalimentaire
JOB250002053,AGENT DE SECURITE,"Sécurité, Sûreté & Défense",BRAZZAVILLE,CDD,Emploi Temporaire,SEDIMA CONGO  SA,,1.0,2025-08-27 00:00:00,,,,brazzaville,"AGENT DE SECURITE Sécurité, Sûreté & Défense"
JOB250002054,Chef de sécurité,"Sécurité, Sûreté & Défense",BRAZZAVILLE,CDD,Emploi Temporaire,SEDIMA CONGO  SA,,1.0,2025-08-27 00:00:00,,,,brazzaville,"Chef de sécurité Sécurité, Sûreté & Défense"
JOB250002056,Tracteuriste,"Transport, Logistique & Supply Chain",BRAZZAVILLE,CDD,Emploi Temporaire,SEDIMA CONGO  SA,,1.0,2025-08-27 00:00:00,,,,brazzaville,"Tracteuriste Transport, Logistique & Supply Chain"
JOB250002057,Aide magasinier,"Commerce, Vente, Marketing & Distribution",BRAZZAVILLE,CDD,Emploi Temporaire,SEDIMA CONGO  SA,,1.0,2025-08-27 00:00:00,,,,brazzaville,"Aide magasinier Commerce, Vente, Marketing & Distribution"
JOB250002058,Chef magasinier,"Commerce, Vente, Marketing & Distribution",BRAZZAVILLE,CDD,Emploi Temporaire,SEDIMA CONGO  SA,,1.0,2025-08-27 00:00:00,,,,brazzaville,"Chef magasinier Commerce, Vente, Marketing & Distribution"
JOB250001209,Souscripteur en assurances,"Finance, Banque, Assurance, Comptabilité & Fiscalité",BRAZZAVILLE,CDD,Emploi Temporaire,SEDLEX & PARTNERS,,1.0,2025-05-22 00:00:00,,,,brazzaville,"Souscripteur en assurances Finance, Banque, Assurance, Comptabilité & Fiscalité"
JOB250001380,DIRECTEUR ADMINISTRATIF ET FINANCIER,"Finance, Banque, Assurance, Comptabilité & Fiscalité",POINTE-NOIRE,CDI,Emploi Durable,SEDLEX & PARTNERS,,1.0,2025-06-11 00:00:00,,,,pointe-noire,"DIRECTEUR ADMINISTRATIF ET FINANCIER Finance, Banque, Assurance, Comptabilité & Fiscalité"
JOB250001592,CHAUFFEUR COURSIER,"Transport, Logistique & Supply Chain",POINTE-NOIRE,CDD,Emploi Temporaire,SEDLEX & PARTNERS,,1.0,2025-07-04 00:00:00,,,,pointe-noire,"CHAUFFEUR COURSIER Transport, Logistique & Supply Chain"
JOB250001593,GESTIONNAIRE SINISTRE,"Finance, Banque, Assurance, Comptabilité & Fiscalité",POINTE-NOIRE,CDD,Emploi Temporaire,SEDLEX & PARTNERS,,1.0,2025-07-04 00:00:00,,,,pointe-noire,"GESTIONNAIRE SINISTRE Finance, Banque, Assurance, Comptabilité & Fiscalité"
JOB250002211,Informaticien,"Informatique, Data, Télécommunications & Digital",POINTE-NOIRE,CDD,Emploi Temporaire,SEDLEX & PARTNERS,,1.0,2025-09-11 00:00:00,,,,pointe-noire,"Informaticien Informatique, Data, Télécommunications & Digital"
STG250001999,Fiscaliste,"Finance, Banque, Assurance, Comptabilité & Fiscalité",HINDA,Stage professionnel,Stages Classiques,SEDLEX & PARTNERS,,1.0,2025-08-19 00:00:00,,,,hinda,"Fiscaliste Finance, Banque, Assurance, Comptabilité & Fiscalité"
JOB250002403,Chargé des Ressources Humaines,"Pétrole, Gaz & Hydrocarbures",POINTE-NOIRE,CDI,Emploi Durable,SEDLEX & PARTNERS,,1.0,2025-10-09 00:00:00,,,,pointe-noire,"Chargé des Ressources Humaines Pétrole, Gaz & Hydrocarbures"
JOB250002691,COMPTABLE,"Finance, Banque, Assurance, Comptabilité & Fiscalité",POINTE-NOIRE,CDD,Emploi Temporaire,SEDLEX & PARTNERS,,1.0,2025-11-20 00:00:00,,,,pointe-noire,"COMPTABLE Finance, Banque, Assurance, Comptabilité & Fiscalité"
JOB250002304,CAISSIER,"Finance, Banque, Assurance, Comptabilité & Fiscalité",BRAZZAVILLE,CDD,Emploi Temporaire,SERFIN SA,,1.0,2025-09-25 00:00:00,,,,brazzaville,"CAISSIER Finance, Banque, Assurance, Comptabilité & Fiscalité"
NONREF000016,Approvisionneur ETPS,"Commerce, Vente, Marketing & Distribution",POINTE-NOIRE,CDD,Emploi Temporaire,SERVTEC,,1.0,2025-02-06 00:00:00,,,,pointe-noire,"Approvisionneur ETPS Commerce, Vente, Marketing & Distribution"
NONREF000024,Assistant commercial,"Commerce, Vente, Marketing & Distribution",POINTE-NOIRE,CDD,Emploi Temporaire,SERVTEC,,1.0,2025-02-13 00:00:00,,,,pointe-noire,"Assistant commercial Commerce, Vente, Marketing & Distribution"
NONREF000103,Comptable cout pétrolier,"Commerce, Vente, Marketing & Distribution",POINTE-NOIRE,CDD,Emploi Temporaire,SERVTEC,,1.0,2025-02-06 00:00:00,,,,pointe-noire,"Comptable cout pétrolier Commerce, Vente, Marketing & Distribution"
NONREF000136,Géologue opérations,"Commerce, Vente, Marketing & Distribution",POINTE-NOIRE,CDD,Emploi Temporaire,SERVTEC,,1.0,2025-02-06 00:00:00,,,,pointe-noire,"Géologue opérations Commerce, Vente, Marketing & Distribution"
NONREF000143,Gestionnaire Business Center,"Commerce, Vente, Marketing & Distribution",POINTE-NOIRE,CDI,Emploi Durable,SERVTEC,,1.0,2025-02-18 00:00:00,,,,pointe-noire,"Gestionnaire Business Center Commerce, Vente, Marketing & Distribution"
NONREF000152,HSE,"Assurance Qualité, Contrôle, Testing (QHSE)",POINTE-NOIRE,CDD,Emploi Temporaire,SERVTEC,,1.0,2025-02-13 00:00:00,,,,pointe-noire,"HSE Assurance Qualité, Contrôle, Testing (QHSE)"
NONREF000157,Ingénieur production offshore,"Commerce, Vente, Marketing & Distribution",POINTE-NOIRE,CDD,Emploi Temporaire,SERVTEC,,1.0,2025-02-06 00:00:00,,,,pointe-noire,"Ingénieur production offshore Commerce, Vente, Marketing & Distribution"
NONREF000160,Instrumentiste Onshore,"Commerce, Vente, Marketing & Distribution",POINTE-NOIRE,CDD,Emploi Temporaire,SERVTEC,,1.0,2025-02-06 00:00:00,,,,pointe-noire,"Instrumentiste Onshore Commerce, Vente, Marketing & Distribution"
NONREF000057,Cariste,"Commerce, Vente, Marketing & Distribution",POINTE-NOIRE,CDD,Emploi Temporaire,SERVTEC    ,,1.0,2025-01-24 00:00:00,,,,pointe-noire,"Cariste Commerce, Vente, Marketing & Distribution"
JOB250000843,COORDONNATEUR IT,"Commerce, Vente, Marketing & Distribution",POINTE-NOIRE,CDD,Emploi Temporaire,SERVTEC CONGO,,1.0,2025-03-11 00:00:00,,,,pointe-noire,"COORDONNATEUR IT Commerce, Vente, Marketing & Distribution"
JOB250000890,SAFETY SUPERVISOR,"Pétrole, Gaz & Hydrocarbures",POINTE-NOIRE,CDD,Emploi Temporaire,SERVTEC CONGO,,1.0,2025-03-20 00:00:00,,,,pointe-noire,"SAFETY SUPERVISOR Pétrole, Gaz & Hydrocarbures"
JOB250000954,INGENIEUR MAINTENANCE,"Pétrole, Gaz & Hydrocarbures",POINTE-NOIRE,CDD,Emploi Temporaire,SERVTEC CONGO,,1.0,2025-04-22 00:00:00,,,,pointe-noire,"INGENIEUR MAINTENANCE Pétrole, Gaz & Hydrocarbures"
JOB250000955,Opérateur WORKOVER,"Pétrole, Gaz & Hydrocarbures",POINTE-NOIRE,CDD,Emploi Temporaire,SERVTEC CONGO,,1.0,2025-04-22 00:00:00,,,,pointe-noire,"Opérateur WORKOVER Pétrole, Gaz & Hydrocarbures"
JOB250000956,acheteur de services,"Pétrole, Gaz & Hydrocarbures",POINTE-NOIRE,CDD,Emploi Temporaire,SERVTEC CONGO,,1.0,2025-04-22 00:00:00,,,,pointe-noire,"acheteur de services Pétrole, Gaz & Hydrocarbures"
JOB250000957,Maçon,"Bâtiment, Travaux Publics & Aménagement du Territoire",POINTE-NOIRE,CDD,Emploi Temporaire,SERVTEC CONGO,,1.0,2025-04-22 00:00:00,,,,pointe-noire,"Maçon Bâtiment, Travaux Publics & Aménagement du Territoire"
JOB250000958,AIDE PEINTRE,"Bâtiment, Travaux Publics & Aménagement du Territoire",POINTE-NOIRE,CDD,Emploi Temporaire,SERVTEC CONGO,,1.0,2025-04-23 00:00:00,,,,pointe-noire,"AIDE PEINTRE Bâtiment, Travaux Publics & Aménagement du Territoire"
JOB250000959,Chauffeur,"Pétrole, Gaz & Hydrocarbures",POINTE-NOIRE,CDD,Emploi Temporaire,SERVTEC CONGO,,1.0,2025-04-23 00:00:00,,,,pointe-noire,"Chauffeur Pétrole, Gaz & Hydrocarbures"
JOB250000964,DIRECTEUR MOYENS DE SECOURS,"Conseil, Stratégie & Gestion des Ressources Humaines",POINTE-NOIRE,CDI,Emploi Durable,SERVTEC CONGO,,1.0,2025-04-23 00:00:00,,,,pointe-noire,"DIRECTEUR MOYENS DE SECOURS Conseil, Stratégie & Gestion des Ressources Humaines"
JOB250001024,DIRECTEUR GÉOLOGIE ET EXPLOITATION,"Énergie, Environnement & Eau",POINTE-NOIRE,CDI,Emploi Durable,SERVTEC CONGO,,1.0,2025-05-05 00:00:00,,,,pointe-noire,"DIRECTEUR GÉOLOGIE ET EXPLOITATION Énergie, Environnement & Eau"
JOB250001025,DIRECTEUR GÉOLOGIE ET EXPLOITATION,"Énergie, Environnement & Eau",POINTE-NOIRE,CDI,Emploi Durable,SERVTEC CONGO,,1.0,2025-05-05 00:00:00,,,,pointe-noire,"DIRECTEUR GÉOLOGIE ET EXPLOITATION Énergie, Environnement & Eau"
JOB250001026,DIRECTEUR GÉOLOGIE ET EXPLOITATION,"Énergie, Environnement & Eau",POINTE-NOIRE,CDI,Emploi Durable,SERVTEC CONGO,,1.0,2025-05-05 00:00:00,,,,pointe-noire,"DIRECTEUR GÉOLOGIE ET EXPLOITATION Énergie, Environnement & Eau"
JOB250001027,DIRECTEUR GÉOLOGIE ET EXPLOITATION,"Énergie, Environnement & Eau",POINTE-NOIRE,CDI,Emploi Durable,SERVTEC CONGO,,1.0,2025-05-05 00:00:00,,,,pointe-noire,"DIRECTEUR GÉOLOGIE ET EXPLOITATION Énergie, Environnement & Eau"
JOB250001028,DIRECTEUR GÉOLOGIE ET EXPLOITATION,"Pétrole, Gaz & Hydrocarbures",POINTE-NOIRE,CDI,Emploi Durable,SERVTEC CONGO,,1.0,2025-05-05 00:00:00,,,,pointe-noire,"DIRECTEUR GÉOLOGIE ET EXPLOITATION Pétrole, Gaz & Hydrocarbures"
JOB250001063,Directeur Centre de Prévention et d'Appui Lutte Incendie,"Commerce, Vente, Marketing & Distribution",POINTE-NOIRE,CDI,Emploi Durable,SERVTEC CONGO,,1.0,2025-05-07 00:00:00,,,,pointe-noire,"Directeur Centre de Prévention et d'Appui Lutte Incendie Commerce, Vente, Marketing & Distribution"
JOB250001168,Chef comptable,"Commerce, Vente, Marketing & Distribution",POINTE-NOIRE,CDI,Emploi Durable,SERVTEC CONGO,,1.0,2025-05-16 00:00:00,,,,pointe-noire,"Chef comptable Commerce, Vente, Marketing & Distribution"
JOB250001277,MONTEUR,"Industrie, Production & Maintenance",POINTE-NOIRE,CDD,Emploi Temporaire,SERVTEC CONGO,,1.0,2025-05-30 00:00:00,,,,pointe-noire,"MONTEUR Industrie, Production & Maintenance"
JOB250001278,Coordonnateur Sécurité,"Sécurité, Sûreté & Défense",POINTE-NOIRE,CDD,Emploi Temporaire,SERVTEC CONGO,,1.0,2025-05-30 00:00:00,,,,pointe-noire,"Coordonnateur Sécurité Sécurité, Sûreté & Défense"
JOB250001515,ASSISTANT RETAIL,"Pétrole, Gaz & Hydrocarbures",BRAZZAVILLE,CDD,Emploi Temporaire,SERVTEC CONGO,,1.0,2025-06-24 00:00:00,,,,brazzaville,"ASSISTANT RETAIL Pétrole, Gaz & Hydrocarbures"
JOB250001531,Ingénieur en Diagraphie des Puits Tubés,"Pétrole, Gaz & Hydrocarbures",POINTE-NOIRE,CDD,Emploi Temporaire,SERVTEC CONGO,,1.0,2025-06-26 00:00:00,,,,pointe-noire,"Ingénieur en Diagraphie des Puits Tubés Pétrole, Gaz & Hydrocarbures"
JOB250001623,SPECIALISTE ADMINISTRATIF,"Pétrole, Gaz & Hydrocarbures",POINTE-NOIRE,CDD,Emploi Temporaire,SERVTEC CONGO,,1.0,2025-07-04 00:00:00,,,,pointe-noire,"SPECIALISTE ADMINISTRATIF Pétrole, Gaz & Hydrocarbures"
JOB250001624,COORDINATEUR MATERIEL,"Industrie, Production & Maintenance",POINTE-NOIRE,CDD,Emploi Temporaire,SERVTEC CONGO,,1.0,2025-07-04 00:00:00,,,,pointe-noire,"COORDINATEUR MATERIEL Industrie, Production & Maintenance"
JOB250001689,CAISSIER,"Finance, Banque, Assurance, Comptabilité & Fiscalité",POINTE-NOIRE,CDD,Emploi Temporaire,SERVTEC CONGO,,1.0,2025-07-15 00:00:00,,,,pointe-noire,"CAISSIER Finance, Banque, Assurance, Comptabilité & Fiscalité"
JOB250001692,CHEF MENUISIER,"Bâtiment, Travaux Publics & Aménagement du Territoire",POINTE-NOIRE,CDD,Emploi Temporaire,SERVTEC CONGO,,1.0,2025-07-15 00:00:00,,,,pointe-noire,"CHEF MENUISIER Bâtiment, Travaux Publics & Aménagement du Territoire"
JOB250001693,MENUISIER,"Bâtiment, Travaux Publics & Aménagement du Territoire",POINTE-NOIRE,CDD,Emploi Temporaire,SERVTEC CONGO,,1.0,2025-07-15 00:00:00,,,,pointe-noire,"MENUISIER Bâtiment, Travaux Publics & Aménagement du Territoire"
JOB250001755,Sapeur-Pompier,"Commerce, Vente, Marketing & Distribution",POINTE-NOIRE,CDD,Emploi Temporaire,SERVTEC CONGO,,1.0,2025-07-23 00:00:00,,,,pointe-noire,"Sapeur-Pompier Commerce, Vente, Marketing & Distribution"
JOB250002028,AGENT RECOUVREURTERRAIN,"Conseil, Stratégie & Gestion des Ressources Humaines",BRAZZAVILLE,CDD,Emploi Temporaire,SERVTEC CONGO,,1.0,2025-08-22 00:00:00,,,,brazzaville,"AGENT RECOUVREURTERRAIN Conseil, Stratégie & Gestion des Ressources Humaines"
JOB250002088,Instrumentiste,"Pétrole, Gaz & Hydrocarbures",POINTE-NOIRE,CDD,Emploi Temporaire,SERVTEC CONGO,,1.0,2025-09-01 00:00:00,,,,pointe-noire,"Instrumentiste Pétrole, Gaz & Hydrocarbures"
JOB250002155,Assistant Transit,"Pétrole, Gaz & Hydrocarbures",POINTE-NOIRE,CDD,Emploi Temporaire,SERVTEC CONGO,,1.0,2025-09-08 00:00:00,,,,pointe-noire,"Assistant Transit Pétrole, Gaz & Hydrocarbures"
JOB250002411,Agent de Parc,"Pétrole, Gaz & Hydrocarbures",POINTE-NOIRE,CDI,Emploi Durable,SERVTEC CONGO,,1.0,2025-10-10 00:00:00,,,,pointe-noire,"Agent de Parc Pétrole, Gaz & Hydrocarbures"
JOB250002444,Document Controller Junior,"Pétrole, Gaz & Hydrocarbures",POINTE-NOIRE,CDD,Emploi Temporaire,SERVTEC CONGO,,1.0,2025-10-17 00:00:00,,,,pointe-noire,"Document Controller Junior Pétrole, Gaz & Hydrocarbures"
JOB250002446,Technicien Agricole,Agriculture & Industrie Agroalimentaire,POINTE-NOIRE,CDD,Emploi Temporaire,SERVTEC CONGO,,1.0,2025-10-17 00:00:00,,,,pointe-noire,Technicien Agricole Agriculture & Industrie Agroalimentaire
JOB250002476,Assistant Archiviste,"Commerce, Vente, Marketing & Distribution",POINTE-NOIRE,CDD,Emploi Temporaire,SERVTEC CONGO,,1.0,2025-10-22 00:00:00,,,,pointe-noire,"Assistant Archiviste Commerce, Vente, Marketing & Distribution"
JOB250002548,Ingénieur méthodes Traitement-Laboratoire,"Pétrole, Gaz & Hydrocarbures",POINTE-NOIRE,CDD,Emploi Temporaire,SERVTEC CONGO,,1.0,2025-10-30 00:00:00,,,,pointe-noire,"Ingénieur méthodes Traitement-Laboratoire Pétrole, Gaz & Hydrocarbures"
JOB250002550,Conseillère clientèle,"Communication, Médias & Événementiel",POINTE-NOIRE,CDD,Emploi Temporaire,SERVTEC CONGO,,1.0,2025-10-31 00:00:00,,,,pointe-noire,"Conseillère clientèle Communication, Médias & Événementiel"
JOB250002634,Aide Opérateur,"Pétrole, Gaz & Hydrocarbures",POINTE-NOIRE,CDD,Emploi Temporaire,SERVTEC CONGO,,1.0,2025-11-11 00:00:00,,,,pointe-noire,"Aide Opérateur Pétrole, Gaz & Hydrocarbures"
JOB250002635,POMPISTE,"Commerce, Vente, Marketing & Distribution",POINTE-NOIRE,CDD,Emploi Temporaire,SERVTEC CONGO,,1.0,2025-11-11 00:00:00,,,,pointe-noire,"POMPISTE Commerce, Vente, Marketing & Distribution"
JOB250002717,Superviseur travaux projet,"Pétrole, Gaz & Hydrocarbures",POINTE-NOIRE,Contrat d'intérim,Emploi Temporaire,SERVTEC CONGO,,1.0,2025-11-25 00:00:00,,,,pointe-noire,"Superviseur travaux projet Pétrole, Gaz & Hydrocarbures"
JOB250002734,Coordinateur logistique projet,"Pétrole, Gaz & Hydrocarbures",POINTE-NOIRE,CDD,Emploi Temporaire,SERVTEC CONGO,,1.0,2025-11-26 00:00:00,,,,pointe-noire,"Coordinateur logistique projet Pétrole, Gaz & Hydrocarbures"
JOB250002736,Aide Technique,"Industrie, Production & Maintenance",POINTE-NOIRE,CDD,Emploi Temporaire,SERVTEC CONGO,,1.0,2025-11-26 00:00:00,,,,pointe-noire,"Aide Technique Industrie, Production & Maintenance"
JOB250002785,Commercial Réseau Traditionnel,"Industrie, Production & Maintenance",POINTE-NOIRE,CDD,Emploi Temporaire,SERVTEC CONGO,,1.0,2025-12-08 00:00:00,,,,pointe-noire,"Commercial Réseau Traditionnel Industrie, Production & Maintenance"
JOB250002786,Technicien de surface,Divers,POINTE-NOIRE,CDD,Emploi Temporaire,SERVTEC CONGO,,1.0,2025-12-08 00:00:00,,,,pointe-noire,Technicien de surface Divers
NONREF000018,Assistant Adm & Comptable,"Industrie, Production & Maintenance",POINTE-NOIRE,CDD,Emploi Temporaire,SESI,,1.0,2025-01-10 00:00:00,,,,pointe-noire,"Assistant Adm & Comptable Industrie, Production & Maintenance"
NONREF000104,Comptable fiscaliste,"Industrie, Production & Maintenance",POINTE-NOIRE,CDD,Emploi Temporaire,SESI FOURE,,1.0,2025-02-07 00:00:00,,,,pointe-noire,"Comptable fiscaliste Industrie, Production & Maintenance"
NONREF000154,Ingénieur de projet,"Industrie, Production & Maintenance",POINTE-NOIRE,CDI,Emploi Durable,SESI GPE FOURE LAGADEC,,1.0,2025-01-16 00:00:00,,,,pointe-noire,"Ingénieur de projet Industrie, Production & Maintenance"
JOB250002200,Directeur Général,"Conseil, Stratégie & Gestion des Ressources Humaines",BRAZZAVILLE,CDI,Emploi Durable,SETUAD,,1.0,2025-09-10 00:00:00,,,,brazzaville,"Directeur Général Conseil, Stratégie & Gestion des Ressources Humaines"
JOB250002202,DIRECTEUR TECHNIQUE,"Bâtiment, Travaux Publics & Aménagement du Territoire",BRAZZAVILLE,CDI,Emploi Durable,SETUAD,,1.0,2025-09-10 00:00:00,,,,brazzaville,"DIRECTEUR TECHNIQUE Bâtiment, Travaux Publics & Aménagement du Territoire"
JOB250002205,Architecte,"Bâtiment, Travaux Publics & Aménagement du Territoire",BRAZZAVILLE,CDI,Emploi Durable,SETUAD,,1.0,2025-09-10 00:00:00,,,,brazzaville,"Architecte Bâtiment, Travaux Publics & Aménagement du Territoire"
NONREF000060,Chargé de R&D en meunerie,"Commerce, Vente, Marketing & Distribution",POINTE-NOIRE,CDD,Emploi Temporaire,SGMP,,1.0,2025-02-14 00:00:00,,,,pointe-noire,"Chargé de R&D en meunerie Commerce, Vente, Marketing & Distribution"
NONREF000107,Conducteur des machines ag,"Commerce, Vente, Marketing & Distribution",POINTE-NOIRE,CDD,Emploi Temporaire,SGMP,,1.0,2025-02-14 00:00:00,,,,pointe-noire,"Conducteur des machines ag Commerce, Vente, Marketing & Distribution"
NONREF000186,Ouvrier agricole,"Commerce, Vente, Marketing & Distribution",POINTE-NOIRE,CDD,Emploi Temporaire,SGMP,,1.0,2025-02-14 00:00:00,,,,pointe-noire,"Ouvrier agricole Commerce, Vente, Marketing & Distribution"
NONREF000242,Technicien de maintenance,"Commerce, Vente, Marketing & Distribution",POINTE-NOIRE,CDD,Emploi Temporaire,SGMP,,1.0,2025-02-14 00:00:00,,,,pointe-noire,"Technicien de maintenance Commerce, Vente, Marketing & Distribution"
JOB250001903,Conseillers Chargés d'Appui aux Incubateurs,"Conseil, Stratégie & Gestion des Ressources Humaines",POINTE-NOIRE,CDD,Emploi Temporaire,SIAD CONGO( SERVICE INTERNATIONAL D'APPUI AU DEVELOPPEMENT),,2.0,2025-08-08 00:00:00,,,,pointe-noire,"Conseillers Chargés d'Appui aux Incubateurs Conseil, Stratégie & Gestion des Ressources Humaines"
JOB250002069,CONTROLEUR INTERNE-AFRIQUE CENTRALE,"Industrie, Production & Maintenance",BRAZZAVILLE,CDD,Emploi Temporaire,SIAT DISTRIBUTION SASU,,1.0,2025-08-29 00:00:00,,,,brazzaville,"CONTROLEUR INTERNE-AFRIQUE CENTRALE Industrie, Production & Maintenance"
JOB250002522,RESPONSABLE TRADE MARKETING,"Industrie, Production & Maintenance",BRAZZAVILLE,CDI,Emploi Durable,SIAT DISTRIBUTION SASU,,1.0,2025-10-27 00:00:00,,,,brazzaville,"RESPONSABLE TRADE MARKETING Industrie, Production & Maintenance"
JOB250002071,Agent d'Accueil,"Informatique, Data, Télécommunications & Digital",BRAZZAVILLE,CDI,Emploi Durable,SILICONE CONNECT,,1.0,2025-08-29 00:00:00,,,,brazzaville,"Agent d'Accueil Informatique, Data, Télécommunications & Digital"
JOB250002316,RESPONSABLE RESSOURCES HUMAINES,"Informatique, Data, Télécommunications & Digital",BRAZZAVILLE,CDD,Emploi Temporaire,SILICONE CONNECT,,1.0,2025-09-26 00:00:00,,,,brazzaville,"RESPONSABLE RESSOURCES HUMAINES Informatique, Data, Télécommunications & Digital"
JOB250001114,Agent commercial,"Commerce, Vente, Marketing & Distribution",BRAZZAVILLE,Contrat d'apprentissage,Alternance,SI-TECH GLOBAL CONSULTING,,1.0,2025-05-12 00:00:00,,,,brazzaville,"Agent commercial Commerce, Vente, Marketing & Distribution"
JOB250001115,Agent commercial,"Commerce, Vente, Marketing & Distribution",BRAZZAVILLE,Contrat d'apprentissage,Alternance,SI-TECH GLOBAL CONSULTING,,1.0,2025-05-12 00:00:00,,,,brazzaville,"Agent commercial Commerce, Vente, Marketing & Distribution"
JOB250001118,Agent commercial,"Commerce, Vente, Marketing & Distribution",POINTE-NOIRE,CDD,Emploi Temporaire,SI-TECH GLOBAL CONSULTING,,1.0,2025-05-12 00:00:00,,,,pointe-noire,"Agent commercial Commerce, Vente, Marketing & Distribution"
JOB250001006,Agent commercial,"Commerce, Vente, Marketing & Distribution",POINTE-NOIRE,CDD,Emploi Temporaire,SITECH GLOBAL INDUSTRIE,,1.0,2025-04-29 00:00:00,,,,pointe-noire,"Agent commercial Commerce, Vente, Marketing & Distribution"
JOB250002595,INGENIEUR ELECTROTECHNICIEN,"Industrie, Production & Maintenance",BRAZZAVILLE,CDD,Emploi Temporaire,SITECH GLOBAL INDUSTRIE,,1.0,2025-11-05 00:00:00,,,,brazzaville,"INGENIEUR ELECTROTECHNICIEN Industrie, Production & Maintenance"
JOB250000832,Chargé Administratif et Financier,"Communication, Médias & Événementiel",BRAZZAVILLE,CDI,Emploi Durable,SMART VISION,,1.0,2025-03-06 00:00:00,,,,brazzaville,"Chargé Administratif et Financier Communication, Médias & Événementiel"
JOB250000833,Community Manager,"Communication, Médias & Événementiel",BRAZZAVILLE,CDI,Emploi Durable,SMART VISION,,1.0,2025-03-06 00:00:00,,,,brazzaville,"Community Manager Communication, Médias & Événementiel"
JOB250000834,Responsable PÔLE CREA & DESIGN,"Communication, Médias & Événementiel",BRAZZAVILLE,CDI,Emploi Durable,SMART VISION,,1.0,2025-03-06 00:00:00,,,,brazzaville,"Responsable PÔLE CREA & DESIGN Communication, Médias & Événementiel"
JOB250000835,Responsable pôle Web,"Communication, Médias & Événementiel",BRAZZAVILLE,CDI,Emploi Durable,SMART VISION,,1.0,2025-03-06 00:00:00,,,,brazzaville,"Responsable pôle Web Communication, Médias & Événementiel"
JOB250000836,chef de publicité et Chargé de projet en Agence Conseil en Communication,"Communication, Médias & Événementiel",BRAZZAVILLE,CDI,Emploi Durable,SMART VISION,,1.0,2025-03-06 00:00:00,,,,brazzaville,"chef de publicité et Chargé de projet en Agence Conseil en Communication Communication, Médias & Événementiel"
JOB250000837,Graphiste Designer,"Communication, Médias & Événementiel",BRAZZAVILLE,CDI,Emploi Durable,SMART VISION,,1.0,2025-03-06 00:00:00,,,,brazzaville,"Graphiste Designer Communication, Médias & Événementiel"
JOB250000838,Responsable pôle Web,"Communication, Médias & Événementiel",BRAZZAVILLE,CDI,Emploi Durable,SMART VISION,,1.0,2025-03-06 00:00:00,,,,brazzaville,"Responsable pôle Web Communication, Médias & Événementiel"
JOB250000842,Développeur Web et application,"Communication, Médias & Événementiel",BRAZZAVILLE,CDI,Emploi Durable,SMART VISION,,1.0,2025-03-10 00:00:00,,,,brazzaville,"Développeur Web et application Communication, Médias & Événementiel"
JOB250000899,Assistant de Direction - PMO,"Communication, Médias & Événementiel",BRAZZAVILLE,CDI,Emploi Durable,SMART VISION,,1.0,2025-03-26 00:00:00,,,,brazzaville,"Assistant de Direction - PMO Communication, Médias & Événementiel"
JOB250002223,Community Manager,"Communication, Médias & Événementiel",BRAZZAVILLE,CDI,Emploi Durable,SMART VISION,,1.0,2025-09-12 00:00:00,,,,brazzaville,"Community Manager Communication, Médias & Événementiel"
JOB250002306,Community Manager,"Communication, Médias & Événementiel",BRAZZAVILLE,CDD,Emploi Temporaire,SMART VISION,,1.0,2025-09-25 00:00:00,,,,brazzaville,"Community Manager Communication, Médias & Événementiel"
JOB250000863,INFORMATICIEN EXPERT EN APPLICATION SIG,"Informatique, Data, Télécommunications & Digital",POINTE-NOIRE,CDD,Emploi Temporaire,SMART WISE SARLU,,1.0,2025-03-17 00:00:00,,,,pointe-noire,"INFORMATICIEN EXPERT EN APPLICATION SIG Informatique, Data, Télécommunications & Digital"
JOB250000864,DEVELOPPEUR INFORMATIQUE,"Informatique, Data, Télécommunications & Digital",POINTE-NOIRE,CDD,Emploi Temporaire,SMART WISE SARLU,,1.0,2025-03-17 00:00:00,,,,pointe-noire,"DEVELOPPEUR INFORMATIQUE Informatique, Data, Télécommunications & Digital"
JOB250000865,COMPTABLE ET ADMINISTRATIF,"Informatique, Data, Télécommunications & Digital",POINTE-NOIRE,CDD,Emploi Temporaire,SMART WISE SARLU,,1.0,2025-03-17 00:00:00,,,,pointe-noire,"COMPTABLE ET ADMINISTRATIF Informatique, Data, Télécommunications & Digital"
JOB250000866,COMMERCIAL,"Informatique, Data, Télécommunications & Digital",POINTE-NOIRE,CDD,Emploi Temporaire,SMART WISE SARLU,,1.0,2025-03-17 00:00:00,,,,pointe-noire,"COMMERCIAL Informatique, Data, Télécommunications & Digital"
JOB250001174,COMPTABLE,"Commerce, Vente, Marketing & Distribution",BRAZZAVILLE,CDD,Emploi Temporaire,SOCIETE   INDUSTRIELLE ET AGRICOLE (SIAT),,2.0,2025-05-19 00:00:00,,,,brazzaville,"COMPTABLE Commerce, Vente, Marketing & Distribution"
JOB250001700,Administrateur CRM,Agriculture & Industrie Agroalimentaire,BRAZZAVILLE,CDD,Emploi Temporaire,SOCIETE   INDUSTRIELLE ET AGRICOLE (SIAT),,1.0,2025-07-16 00:00:00,,,,brazzaville,Administrateur CRM Agriculture & Industrie Agroalimentaire
JOB250000826,EXPERT COMPTABLE,"Transport, Logistique & Supply Chain",POINTE-NOIRE,CDD,Emploi Temporaire,SOCIETE AFRICAINE DE TRANSPORT,,1.0,2025-02-27 00:00:00,,,,pointe-noire,"EXPERT COMPTABLE Transport, Logistique & Supply Chain"
JOB250000828,SECRETAIRE ADJOINTE,"Transport, Logistique & Supply Chain",POINTE-NOIRE,CDD,Emploi Temporaire,SOCIETE AFRICAINE DE TRANSPORT,,1.0,2025-02-27 00:00:00,,,,pointe-noire,"SECRETAIRE ADJOINTE Transport, Logistique & Supply Chain"
JOB250000829,SECRETAIRE ADJOINTE A LA LOGISTIQUE,"Transport, Logistique & Supply Chain",POINTE-NOIRE,CDD,Emploi Temporaire,SOCIETE AFRICAINE DE TRANSPORT,,1.0,2025-02-27 00:00:00,,,,pointe-noire,"SECRETAIRE ADJOINTE A LA LOGISTIQUE Transport, Logistique & Supply Chain"
JOB250001946,CAISSIER,"Finance, Banque, Assurance, Comptabilité & Fiscalité",BRAZZAVILLE,CDD,Emploi Temporaire,SOCIETE AGRO PASTORALE EKOUNDOU ( SAPE),,1.0,2025-08-13 00:00:00,,,,brazzaville,"CAISSIER Finance, Banque, Assurance, Comptabilité & Fiscalité"
JOB250001830,CAISSIER,"Finance, Banque, Assurance, Comptabilité & Fiscalité",BRAZZAVILLE,CDD,Emploi Temporaire,Société Agro-pastorale EKOUNDOU,,1.0,2025-08-01 00:00:00,,,,brazzaville,"CAISSIER Finance, Banque, Assurance, Comptabilité & Fiscalité"
JOB250002447,Agent de Recouvrement,"Finance, Banque, Assurance, Comptabilité & Fiscalité",BRAZZAVILLE,CDD,Emploi Temporaire,SOCIETE AKWUABA,,1.0,2025-10-20 00:00:00,,,,brazzaville,"Agent de Recouvrement Finance, Banque, Assurance, Comptabilité & Fiscalité"
JOB250002448,TECHNICIEN EN BATIMENT,"Commerce, Vente, Marketing & Distribution",BRAZZAVILLE,CDD,Emploi Temporaire,SOCIETE AKWUABA,,1.0,2025-10-20 00:00:00,,,,brazzaville,"TECHNICIEN EN BATIMENT Commerce, Vente, Marketing & Distribution"
JOB250002483,Agent de Recouvrement,"Finance, Banque, Assurance, Comptabilité & Fiscalité",BRAZZAVILLE,CDD,Emploi Temporaire,SOCIETE AKWUABA,,1.0,2025-10-23 00:00:00,,,,brazzaville,"Agent de Recouvrement Finance, Banque, Assurance, Comptabilité & Fiscalité"
JOB250000873,AUDITEUR INTERNE,"Transport, Logistique & Supply Chain",BRAZZAVILLE,CDI,Emploi Durable,SOCIETE COMMUNE DE LOGISTIQUE,,1.0,2025-03-19 00:00:00,,,,brazzaville,"AUDITEUR INTERNE Transport, Logistique & Supply Chain"
JOB250000874,Assistant HSE,"Assurance Qualité, Contrôle, Testing (QHSE)",POINTE-NOIRE,CDI,Emploi Durable,SOCIETE COMMUNE DE LOGISTIQUE,,1.0,2025-03-19 00:00:00,,,,pointe-noire,"Assistant HSE Assurance Qualité, Contrôle, Testing (QHSE)"
JOB250001860,Chauffeur Poids Lourds Mécanicien,"Transport, Logistique & Supply Chain",POINTE-NOIRE,CDD,Emploi Temporaire,SOCIETE CONGOLAISE DE SERVICES INDUSTRIELS,,2.0,2025-08-05 00:00:00,,,,pointe-noire,"Chauffeur Poids Lourds Mécanicien Transport, Logistique & Supply Chain"
JOB250001861,Manœuvre,"Énergie, Environnement & Eau",POINTE-NOIRE,CDD,Emploi Temporaire,SOCIETE CONGOLAISE DE SERVICES INDUSTRIELS,,2.0,2025-08-05 00:00:00,,,,pointe-noire,"Manœuvre Énergie, Environnement & Eau"
JOB250001862,Assistant Mécanicien Manoeuvre,"Transport, Logistique & Supply Chain",POINTE-NOIRE,CDD,Emploi Temporaire,SOCIETE CONGOLAISE DE SERVICES INDUSTRIELS,,1.0,2025-08-05 00:00:00,,,,pointe-noire,"Assistant Mécanicien Manoeuvre Transport, Logistique & Supply Chain"
JOB250002195,Manœuvre,"Énergie, Environnement & Eau",POINTE-NOIRE,CDD,Emploi Temporaire,SOCIETE CONGOLAISE DE SERVICES INDUSTRIELS,,2.0,2025-09-10 00:00:00,,,,pointe-noire,"Manœuvre Énergie, Environnement & Eau"
JOB250002196,Chauffeur Poids Lourds Mécanicien,"Transport, Logistique & Supply Chain",POINTE-NOIRE,CDD,Emploi Temporaire,SOCIETE CONGOLAISE DE SERVICES INDUSTRIELS,,1.0,2025-09-10 00:00:00,,,,pointe-noire,"Chauffeur Poids Lourds Mécanicien Transport, Logistique & Supply Chain"
JOB250002109,MENUISIER,Exploitation Forestière & Bois,BRAZZAVILLE,CDI,Emploi Durable,SOCIETE CONGOLAISE DE TRANSFORMATION DE BOIS ( SCTB),,5.0,2025-09-02 00:00:00,,,,brazzaville,MENUISIER Exploitation Forestière & Bois
JOB250002611,RESPONSABLE COMPTABLE,"Finance, Banque, Assurance, Comptabilité & Fiscalité",POINTE-NOIRE,CDI,Emploi Durable,SOCIETE D'AVITAILLEMENT MARITIME( SAM CONGO SA),,1.0,2025-11-07 00:00:00,,,,pointe-noire,"RESPONSABLE COMPTABLE Finance, Banque, Assurance, Comptabilité & Fiscalité"
JOB250001930,CAISSIER,"Commerce, Vente, Marketing & Distribution",POINTE-NOIRE,CDD,Emploi Temporaire,SOCIETE DE CONTROLE TECHNIQUE AUTOMOBILE DU KOUILOU ( SCTK),,1.0,2025-08-12 00:00:00,,,,pointe-noire,"CAISSIER Commerce, Vente, Marketing & Distribution"
JOB250002288,CAISSIER,"Finance, Banque, Assurance, Comptabilité & Fiscalité",POINTE-NOIRE,CDD,Emploi Temporaire,SOCIETE DE CONTROLE TECHNIQUE AUTOMOBILE DU KOUILOU ( SCTK),,1.0,2025-09-23 00:00:00,,,,pointe-noire,"CAISSIER Finance, Banque, Assurance, Comptabilité & Fiscalité"
JOB250001801,PLOMBIER,"Industrie, Production & Maintenance",POINTE-NOIRE,CDD,Emploi Temporaire,SOCIETE DE FABRICATION DE PRODUITS ALIMENTAIRES (SOFAPRAL),,1.0,2025-07-28 00:00:00,,,,pointe-noire,"PLOMBIER Industrie, Production & Maintenance"
JOB250002022,Agent commercial,"Industrie, Production & Maintenance",POINTE-NOIRE,CDD,Emploi Temporaire,SOCIETE DE FABRICATION DE PRODUITS ALIMENTAIRES (SOFAPRAL),,2.0,2025-08-21 00:00:00,,,,pointe-noire,"Agent commercial Industrie, Production & Maintenance"
JOB250002271,CARISTE,"Transport, Logistique & Supply Chain",POINTE-NOIRE,CDD,Emploi Temporaire,SOCIETE DE FABRICATION DE PRODUITS ALIMENTAIRES (SOFAPRAL),,1.0,2025-09-19 00:00:00,,,,pointe-noire,"CARISTE Transport, Logistique & Supply Chain"
JOB250002352,Animateur de Vente,Agriculture & Industrie Agroalimentaire,POINTE-NOIRE,CDD,Emploi Temporaire,SOCIETE DE FABRICATION DE PRODUITS ALIMENTAIRES (SOFAPRAL),,1.0,2025-10-06 00:00:00,,,,pointe-noire,Animateur de Vente Agriculture & Industrie Agroalimentaire
JOB250002738,Agent commercial,"Commerce, Vente, Marketing & Distribution",POINTE-NOIRE,CDD,Emploi Temporaire,SOCIETE DE FABRICATION DE PRODUITS ALIMENTAIRES (SOFAPRAL),,1.0,2025-11-26 00:00:00,,,,pointe-noire,"Agent commercial Commerce, Vente, Marketing & Distribution"
JOB250001369,Responsable du Marketing et de la communication,"Commerce, Vente, Marketing & Distribution",BRAZZAVILLE,CDI,Emploi Durable,Société de Gestion de Brazza Mall,,1.0,2025-06-11 00:00:00,,,,brazzaville,"Responsable du Marketing et de la communication Commerce, Vente, Marketing & Distribution"
JOB250001408,Technicien.e Courant Fort,"Commerce, Vente, Marketing & Distribution",BRAZZAVILLE,CDI,Emploi Durable,Société de Gestion de Brazza Mall,,1.0,2025-06-12 00:00:00,,,,brazzaville,"Technicien.e Courant Fort Commerce, Vente, Marketing & Distribution"
JOB250001409,Technicien.e Courant Faible,"Commerce, Vente, Marketing & Distribution",BRAZZAVILLE,CDI,Emploi Durable,Société de Gestion de Brazza Mall,,1.0,2025-06-12 00:00:00,,,,brazzaville,"Technicien.e Courant Faible Commerce, Vente, Marketing & Distribution"
JOB250001411,Magasinier maintenance,"Commerce, Vente, Marketing & Distribution",BRAZZAVILLE,CDI,Emploi Durable,Société de Gestion de Brazza Mall,,1.0,2025-06-12 00:00:00,,,,brazzaville,"Magasinier maintenance Commerce, Vente, Marketing & Distribution"
STG250001412,Infographe et Community Manager,"Informatique, Data, Télécommunications & Digital",DIVENIE,Stage professionnel,Stages Classiques,Société de Gestion de Brazza Mall,,1.0,2025-06-12 00:00:00,,,,divenie,"Infographe et Community Manager Informatique, Data, Télécommunications & Digital"
JOB250002262,COMPTABLE,"Finance, Banque, Assurance, Comptabilité & Fiscalité",BRAZZAVILLE,CDI,Emploi Durable,Société de Gestion de Brazza Mall,,1.0,2025-09-18 00:00:00,,,,brazzaville,"COMPTABLE Finance, Banque, Assurance, Comptabilité & Fiscalité"
JOB250001263,Assistant.e Juriste,Droit et Justice,BRAZZAVILLE,CDI,Emploi Durable,Société d'Exploitation et de Développement des Infrastructures du Congo,,1.0,2025-05-27 00:00:00,,,,brazzaville,Assistant.e Juriste Droit et Justice
JOB250002162,Juriste Immobilier,Droit et Justice,BRAZZAVILLE,CDI,Emploi Durable,Société d'Exploitation et de Développement des Infrastructures du Congo,,1.0,2025-09-08 00:00:00,,,,brazzaville,Juriste Immobilier Droit et Justice
JOB250000930,CHARGE D'AFFAIRE,"Commerce, Vente, Marketing & Distribution",POINTE-NOIRE,CDD,Emploi Temporaire,SOCIETE D'INGENIERIE DE SERVICES ET MAINTENANCE (SISMA) SARLU,,1.0,2025-04-03 00:00:00,,,,pointe-noire,"CHARGE D'AFFAIRE Commerce, Vente, Marketing & Distribution"
JOB250002078,Maçon,"Bâtiment, Travaux Publics & Aménagement du Territoire",POINTE-NOIRE,CDD,Emploi Temporaire,SOCIETE D'INTERIM DE CARRIERE,,10.0,2025-09-01 00:00:00,,,,pointe-noire,"Maçon Bâtiment, Travaux Publics & Aménagement du Territoire"
JOB250002079,Conducteurs,"Transport, Logistique & Supply Chain",POINTE-NOIRE,CDD,Emploi Temporaire,SOCIETE D'INTERIM DE CARRIERE,,28.0,2025-09-01 00:00:00,,,,pointe-noire,"Conducteurs Transport, Logistique & Supply Chain"
JOB250002841,Interprète (Bilingue Chinois- Français),"Pétrole, Gaz & Hydrocarbures",POINTE-NOIRE,CDD,Emploi Temporaire,SOCIETE D'INTERIM DE CARRIERE,,1.0,2025-12-17 00:00:00,,,,pointe-noire,"Interprète (Bilingue Chinois- Français) Pétrole, Gaz & Hydrocarbures"
JOB250002842,Conducteurs de Tractopelle (Bilingue Chinois-Français),"Pétrole, Gaz & Hydrocarbures",POINTE-NOIRE,CDD,Emploi Temporaire,SOCIETE D'INTERIM DE CARRIERE,,1.0,2025-12-17 00:00:00,,,,pointe-noire,"Conducteurs de Tractopelle (Bilingue Chinois-Français) Pétrole, Gaz & Hydrocarbures"
JOB250002549,Conducteur de Travaux,"Bâtiment, Travaux Publics & Aménagement du Territoire",POINTE-NOIRE,CDD,Emploi Temporaire,SOCIETE EIFFAGE GENIE CIVIL,,1.0,2025-10-30 00:00:00,,,,pointe-noire,"Conducteur de Travaux Bâtiment, Travaux Publics & Aménagement du Territoire"
JOB250001190,COMPTABLE,"Finance, Banque, Assurance, Comptabilité & Fiscalité",POINTE-NOIRE,CDD,Emploi Temporaire,SOCIETE EQUATORIALE PHARMACEUTIQUE SEP,,1.0,2025-05-21 00:00:00,,,,pointe-noire,"COMPTABLE Finance, Banque, Assurance, Comptabilité & Fiscalité"
JOB250001191,MAGASINIER,"Commerce, Vente, Marketing & Distribution",POINTE-NOIRE,CDD,Emploi Temporaire,SOCIETE EQUATORIALE PHARMACEUTIQUE SEP,,1.0,2025-05-21 00:00:00,,,,pointe-noire,"MAGASINIER Commerce, Vente, Marketing & Distribution"
JOB250002150,COMPTABLE,"Finance, Banque, Assurance, Comptabilité & Fiscalité",POINTE-NOIRE,CDD,Emploi Temporaire,SOCIETE EQUATORIALE PHARMACEUTIQUE SEP,,1.0,2025-09-05 00:00:00,,,,pointe-noire,"COMPTABLE Finance, Banque, Assurance, Comptabilité & Fiscalité"
JOB250002741,Ingénieur des Données,"Pétrole, Gaz & Hydrocarbures",POINTE-NOIRE,CDD,Emploi Temporaire,SOCIETE GEOLOG CONGO,,1.0,2025-11-26 00:00:00,,,,pointe-noire,"Ingénieur des Données Pétrole, Gaz & Hydrocarbures"
JOB250001998,Responsable Zootechnicien,Agriculture & Industrie Agroalimentaire,POINTE-NOIRE,CDI,Emploi Durable,SOCIETE LES GRANDS MOULINS DU PHARE,,1.0,2025-08-19 00:00:00,,,,pointe-noire,Responsable Zootechnicien Agriculture & Industrie Agroalimentaire
JOB250002087,Directeur Supply Chain,Agriculture & Industrie Agroalimentaire,POINTE-NOIRE,CDI,Emploi Durable,SOCIETE LES GRANDS MOULINS DU PHARE,,1.0,2025-09-01 00:00:00,,,,pointe-noire,Directeur Supply Chain Agriculture & Industrie Agroalimentaire
JOB250002704,Responsable Zootechnicien,Agriculture & Industrie Agroalimentaire,BRAZZAVILLE,CDI,Emploi Durable,SOCIETE LES GRANDS MOULINS DU PHARE,,1.0,2025-11-24 00:00:00,,,,brazzaville,Responsable Zootechnicien Agriculture & Industrie Agroalimentaire
JOB250002800,DIRECTEUR COMMERCIAL & MARKETING,"Commerce, Vente, Marketing & Distribution",POINTE-NOIRE,CDD,Emploi Temporaire,SOCIETE LES GRANDS MOULINS DU PHARE,,1.0,2025-12-10 00:00:00,,,,pointe-noire,"DIRECTEUR COMMERCIAL & MARKETING Commerce, Vente, Marketing & Distribution"
JOB250002833,Responsable Zootechnicien,Agriculture & Industrie Agroalimentaire,BRAZZAVILLE,CDI,Emploi Durable,SOCIETE LES GRANDS MOULINS DU PHARE,,1.0,2025-12-15 00:00:00,,,,brazzaville,Responsable Zootechnicien Agriculture & Industrie Agroalimentaire
JOB250000965,Technicienspécialiséen électromécanique,"Énergie, Environnement & Eau",BRAZZAVILLE,CDI,Emploi Durable,Société Maintenance Industrielle et du Bâtiment (SMIB),,1.0,2025-04-23 00:00:00,,,,brazzaville,"Technicienspécialiséen électromécanique Énergie, Environnement & Eau"
JOB250000966,Comptable Senior,"Finance, Banque, Assurance, Comptabilité & Fiscalité",BRAZZAVILLE,CDD,Emploi Temporaire,Société Maintenance Industrielle et du Bâtiment (SMIB),,1.0,2025-04-23 00:00:00,,,,brazzaville,"Comptable Senior Finance, Banque, Assurance, Comptabilité & Fiscalité"
JOB250000967,Frigoriste,"Industrie, Production & Maintenance",BRAZZAVILLE,CDD,Emploi Temporaire,Société Maintenance Industrielle et du Bâtiment (SMIB),,1.0,2025-04-23 00:00:00,,,,brazzaville,"Frigoriste Industrie, Production & Maintenance"
JOB250002501,Préparateur de cuisine,Hôtellerie - Restauration,BRAZZAVILLE,CDD,Emploi Temporaire,SOCIETE MARIZA,,1.0,2025-10-24 00:00:00,,,,brazzaville,Préparateur de cuisine Hôtellerie - Restauration
JOB250002502,COMMIS DE CUISINE,Hôtellerie - Restauration,BRAZZAVILLE,CDD,Emploi Temporaire,SOCIETE MARIZA,,1.0,2025-10-24 00:00:00,,,,brazzaville,COMMIS DE CUISINE Hôtellerie - Restauration
JOB250002503,Cuisinier,Hôtellerie - Restauration,BRAZZAVILLE,CDD,Emploi Temporaire,SOCIETE MARIZA,,1.0,2025-10-24 00:00:00,,,,brazzaville,Cuisinier Hôtellerie - Restauration
JOB250002504,CHEF CUISINIER,Hôtellerie - Restauration,BRAZZAVILLE,CDD,Emploi Temporaire,SOCIETE MARIZA,,1.0,2025-10-24 00:00:00,,,,brazzaville,CHEF CUISINIER Hôtellerie - Restauration
JOB250002505,Barman,Hôtellerie - Restauration,BRAZZAVILLE,CDD,Emploi Temporaire,SOCIETE MARIZA,,1.0,2025-10-24 00:00:00,,,,brazzaville,Barman Hôtellerie - Restauration
JOB250002585,Caissier,"Commerce, Vente, Marketing & Distribution",BRAZZAVILLE,CDD,Emploi Temporaire,SOCIETE MARIZA,,1.0,2025-11-05 00:00:00,,,,brazzaville,"Caissier Commerce, Vente, Marketing & Distribution"
JOB250002587,SERVEUR,Hôtellerie - Restauration,BRAZZAVILLE,CDD,Emploi Temporaire,SOCIETE MARIZA,,1.0,2025-11-05 00:00:00,,,,brazzaville,SERVEUR Hôtellerie - Restauration
JOB250002589,Assistant Manager,"Conseil, Stratégie & Gestion des Ressources Humaines",BRAZZAVILLE,CDD,Emploi Temporaire,SOCIETE MARIZA,,1.0,2025-11-05 00:00:00,,,,brazzaville,"Assistant Manager Conseil, Stratégie & Gestion des Ressources Humaines"
JOB250002590,Livreur,"Transport, Logistique & Supply Chain",BRAZZAVILLE,CDD,Emploi Temporaire,SOCIETE MARIZA,,1.0,2025-11-05 00:00:00,,,,brazzaville,"Livreur Transport, Logistique & Supply Chain"
JOB250002597,PLONGEUR,Hôtellerie - Restauration,BRAZZAVILLE,CDD,Emploi Temporaire,SOCIETE MARIZA,,1.0,2025-11-05 00:00:00,,,,brazzaville,PLONGEUR Hôtellerie - Restauration
JOB250001792,RESPONSABLE MARKETING,"Commerce, Vente, Marketing & Distribution",POINTE-NOIRE,CDD,Emploi Temporaire,SOCIETE REGAL,,1.0,2025-07-26 00:00:00,,,,pointe-noire,"RESPONSABLE MARKETING Commerce, Vente, Marketing & Distribution"
JOB250001793,Responsable Logistique,"Commerce, Vente, Marketing & Distribution",POINTE-NOIRE,CDI,Emploi Durable,SOCIETE REGAL,,1.0,2025-07-26 00:00:00,,,,pointe-noire,"Responsable Logistique Commerce, Vente, Marketing & Distribution"
JOB250001794,Chef d'Agence,"Commerce, Vente, Marketing & Distribution",POINTE-NOIRE,CDI,Emploi Durable,SOCIETE REGAL,,1.0,2025-07-26 00:00:00,,,,pointe-noire,"Chef d'Agence Commerce, Vente, Marketing & Distribution"
JOB250001795,AUDITEUR INTERNE,"Commerce, Vente, Marketing & Distribution",POINTE-NOIRE,CDI,Emploi Durable,SOCIETE REGAL,,1.0,2025-07-26 00:00:00,,,,pointe-noire,"AUDITEUR INTERNE Commerce, Vente, Marketing & Distribution"
JOB250001796,AUDITEUR FINANCIER,"Commerce, Vente, Marketing & Distribution",POINTE-NOIRE,CDI,Emploi Durable,SOCIETE REGAL,,1.0,2025-07-26 00:00:00,,,,pointe-noire,"AUDITEUR FINANCIER Commerce, Vente, Marketing & Distribution"
NONREF000099,Comptable,"Pétrole, Gaz & Hydrocarbures",POINTE-NOIRE,CDD,Emploi Temporaire,SOCIETE SINO CONGOLAISE,,1.0,2025-01-21 00:00:00,,,,pointe-noire,"Comptable Pétrole, Gaz & Hydrocarbures"
JOB250000822,Assistant Ressources Humaines,"Pétrole, Gaz & Hydrocarbures",POINTE-NOIRE,CDD,Emploi Temporaire,SOCIETE SINO CONGOLAISE D'INVESTISSEMENT,,1.0,2025-02-25 00:00:00,,,,pointe-noire,"Assistant Ressources Humaines Pétrole, Gaz & Hydrocarbures"
JOB250001572,Agent commercial,"Pétrole, Gaz & Hydrocarbures",POINTE-NOIRE,CDD,Emploi Temporaire,SOCIETE SINO CONGOLAISE D'INVESTISSEMENT,,1.0,2025-07-02 00:00:00,,,,pointe-noire,"Agent commercial Pétrole, Gaz & Hydrocarbures"
NONREF000069,Chauffeur PL Mécaniciens,Autres,POINTE-NOIRE,CDD,Emploi Temporaire,SOCOSI,,1.0,2025-01-07 00:00:00,,,,pointe-noire,Chauffeur PL Mécaniciens Autres
JOB250000847,CAUFFEURS POIDS LOURDS,"Transport, Logistique & Supply Chain",POINTE-NOIRE,CDD,Emploi Temporaire,SOCOTRANS,,1.0,2025-03-13 00:00:00,,,,pointe-noire,"CAUFFEURS POIDS LOURDS Transport, Logistique & Supply Chain"
JOB250000848,MECANICIEN,"Transport, Logistique & Supply Chain",POINTE-NOIRE,CDD,Emploi Temporaire,SOCOTRANS,,1.0,2025-03-13 00:00:00,,,,pointe-noire,"MECANICIEN Transport, Logistique & Supply Chain"
JOB250000849,SOUDEUR,"Transport, Logistique & Supply Chain",POINTE-NOIRE,CDD,Emploi Temporaire,SOCOTRANS,,1.0,2025-03-13 00:00:00,,,,pointe-noire,"SOUDEUR Transport, Logistique & Supply Chain"
JOB250000850,TOLIER,"Transport, Logistique & Supply Chain",POINTE-NOIRE,CDD,Emploi Temporaire,SOCOTRANS,,1.0,2025-03-13 00:00:00,,,,pointe-noire,"TOLIER Transport, Logistique & Supply Chain"
JOB250000851,POINTEUR,"Transport, Logistique & Supply Chain",POINTE-NOIRE,CDD,Emploi Temporaire,SOCOTRANS,,1.0,2025-03-13 00:00:00,,,,pointe-noire,"POINTEUR Transport, Logistique & Supply Chain"
JOB250000852,INGENIEUR MECANIQUE,"Transport, Logistique & Supply Chain",POINTE-NOIRE,CDD,Emploi Temporaire,SOCOTRANS,,1.0,2025-03-13 00:00:00,,,,pointe-noire,"INGENIEUR MECANIQUE Transport, Logistique & Supply Chain"
JOB250000853,INGENIEUR TRAVAUX,"Transport, Logistique & Supply Chain",POINTE-NOIRE,CDD,Emploi Temporaire,SOCOTRANS,,1.0,2025-03-13 00:00:00,,,,pointe-noire,"INGENIEUR TRAVAUX Transport, Logistique & Supply Chain"
JOB250000867,Chef Mécanicien,"Transport, Logistique & Supply Chain",POINTE-NOIRE,CDD,Emploi Temporaire,SOCOTRANS,,1.0,2025-03-18 00:00:00,,,,pointe-noire,"Chef Mécanicien Transport, Logistique & Supply Chain"
JOB250000885,POINTEUR,"Transport, Logistique & Supply Chain",POINTE-NOIRE,CDD,Emploi Temporaire,SOCOTRANS,,2.0,2025-03-19 00:00:00,,,,pointe-noire,"POINTEUR Transport, Logistique & Supply Chain"
JOB250000886,ARRIMEUR EN CALE,"Transport, Logistique & Supply Chain",POINTE-NOIRE,CDD,Emploi Temporaire,SOCOTRANS,,1.0,2025-03-19 00:00:00,,,,pointe-noire,"ARRIMEUR EN CALE Transport, Logistique & Supply Chain"
JOB250000889,Agent Bureau d'Embauche,"Conseil, Stratégie & Gestion des Ressources Humaines",POINTE-NOIRE,CDD,Emploi Temporaire,SOCOTRANS,,1.0,2025-03-19 00:00:00,,,,pointe-noire,"Agent Bureau d'Embauche Conseil, Stratégie & Gestion des Ressources Humaines"
NONREF000002,Agent adm en charge des diverses,"Commerce, Vente, Marketing & Distribution",POINTE-NOIRE,CDD,Emploi Temporaire,SOCOTRANS,,1.0,2025-01-16 00:00:00,,,,pointe-noire,"Agent adm en charge des diverses Commerce, Vente, Marketing & Distribution"
NONREF000011,Agent entretien et nettoyage,"Commerce, Vente, Marketing & Distribution",POINTE-NOIRE,CDD,Emploi Temporaire,SOCOTRANS,,1.0,2025-02-13 00:00:00,,,,pointe-noire,"Agent entretien et nettoyage Commerce, Vente, Marketing & Distribution"
NONREF000074,Chauffeurs poids lourd,"Commerce, Vente, Marketing & Distribution",POINTE-NOIRE,CDD,Emploi Temporaire,SOCOTRANS,,20.0,2025-01-10 00:00:00,,,,pointe-noire,"Chauffeurs poids lourd Commerce, Vente, Marketing & Distribution"
NONREF000075,Chauffeurs poids lourd,"Commerce, Vente, Marketing & Distribution",POINTE-NOIRE,CDD,Emploi Temporaire,SOCOTRANS,,25.0,2025-02-13 00:00:00,,,,pointe-noire,"Chauffeurs poids lourd Commerce, Vente, Marketing & Distribution"
NONREF000127,Electriciens,"Commerce, Vente, Marketing & Distribution",POINTE-NOIRE,CDD,Emploi Temporaire,SOCOTRANS,,4.0,2025-01-10 00:00:00,,,,pointe-noire,"Electriciens Commerce, Vente, Marketing & Distribution"
NONREF000128,Electriciens,"Commerce, Vente, Marketing & Distribution",POINTE-NOIRE,CDD,Emploi Temporaire,SOCOTRANS,,2.0,2025-02-13 00:00:00,,,,pointe-noire,"Electriciens Commerce, Vente, Marketing & Distribution"
NONREF000167,Magasinier,"Commerce, Vente, Marketing & Distribution",POINTE-NOIRE,CDD,Emploi Temporaire,SOCOTRANS,,1.0,2025-02-13 00:00:00,,,,pointe-noire,"Magasinier Commerce, Vente, Marketing & Distribution"
NONREF000176,Mécaniciens,"Commerce, Vente, Marketing & Distribution",POINTE-NOIRE,CDD,Emploi Temporaire,SOCOTRANS,,11.0,2025-01-10 00:00:00,,,,pointe-noire,"Mécaniciens Commerce, Vente, Marketing & Distribution"
NONREF000177,Mécaniciens,"Commerce, Vente, Marketing & Distribution",POINTE-NOIRE,CDD,Emploi Temporaire,SOCOTRANS,,11.0,2025-02-13 00:00:00,,,,pointe-noire,"Mécaniciens Commerce, Vente, Marketing & Distribution"
NONREF000200,Réparateur de pneus,"Commerce, Vente, Marketing & Distribution",POINTE-NOIRE,CDD,Emploi Temporaire,SOCOTRANS,,1.0,2025-01-10 00:00:00,,,,pointe-noire,"Réparateur de pneus Commerce, Vente, Marketing & Distribution"
NONREF000201,Réparateur de pneus,"Commerce, Vente, Marketing & Distribution",POINTE-NOIRE,CDD,Emploi Temporaire,SOCOTRANS,,1.0,2025-02-13 00:00:00,,,,pointe-noire,"Réparateur de pneus Commerce, Vente, Marketing & Distribution"
NONREF000234,Soudeurs,"Commerce, Vente, Marketing & Distribution",POINTE-NOIRE,CDD,Emploi Temporaire,SOCOTRANS,,3.0,2025-01-10 00:00:00,,,,pointe-noire,"Soudeurs Commerce, Vente, Marketing & Distribution"
NONREF000235,Soudeurs,"Commerce, Vente, Marketing & Distribution",POINTE-NOIRE,CDD,Emploi Temporaire,SOCOTRANS,,3.0,2025-02-13 00:00:00,,,,pointe-noire,"Soudeurs Commerce, Vente, Marketing & Distribution"
NONREF000248,Tolier,"Commerce, Vente, Marketing & Distribution",POINTE-NOIRE,CDD,Emploi Temporaire,SOCOTRANS,,1.0,2025-01-10 00:00:00,,,,pointe-noire,"Tolier Commerce, Vente, Marketing & Distribution"
JOB250000960,CHEF DE SERVICE MANUTENTION,"Transport, Logistique & Supply Chain",POINTE-NOIRE,CDD,Emploi Temporaire,SOCOTRANS,,1.0,2025-04-23 00:00:00,,,,pointe-noire,"CHEF DE SERVICE MANUTENTION Transport, Logistique & Supply Chain"
JOB250000970,INGENIEUR GENIE CIVIL,"Transport, Logistique & Supply Chain",POINTE-NOIRE,CDD,Emploi Temporaire,SOCOTRANS,,1.0,2025-04-23 00:00:00,,,,pointe-noire,"INGENIEUR GENIE CIVIL Transport, Logistique & Supply Chain"
JOB250000971,INGENIEUR TOPOGRAPHE,"Bâtiment, Travaux Publics & Aménagement du Territoire",POINTE-NOIRE,CDD,Emploi Temporaire,SOCOTRANS,,1.0,2025-04-23 00:00:00,,,,pointe-noire,"INGENIEUR TOPOGRAPHE Bâtiment, Travaux Publics & Aménagement du Territoire"
JOB250000972,CONDUCTEURS DES TRAVAUX,"Bâtiment, Travaux Publics & Aménagement du Territoire",POINTE-NOIRE,CDD,Emploi Temporaire,SOCOTRANS,,2.0,2025-04-23 00:00:00,,,,pointe-noire,"CONDUCTEURS DES TRAVAUX Bâtiment, Travaux Publics & Aménagement du Territoire"
JOB250001183,Chauffeur,"Transport, Logistique & Supply Chain",POINTE-NOIRE,CDD,Emploi Temporaire,SOCOTRANS,,1.0,2025-05-20 00:00:00,,,,pointe-noire,"Chauffeur Transport, Logistique & Supply Chain"
JOB250001420,Chef de ServiceManutention,"Transport, Logistique & Supply Chain",POINTE-NOIRE,CDD,Emploi Temporaire,SOCOTRANS,,1.0,2025-06-16 00:00:00,,,,pointe-noire,"Chef de ServiceManutention Transport, Logistique & Supply Chain"
JOB250001422,Chauffeur,"Transport, Logistique & Supply Chain",POINTE-NOIRE,CDD,Emploi Temporaire,SOCOTRANS,,1.0,2025-06-16 00:00:00,,,,pointe-noire,"Chauffeur Transport, Logistique & Supply Chain"
JOB250001423,POINTEUR,"Transport, Logistique & Supply Chain",POINTE-NOIRE,CDD,Emploi Temporaire,SOCOTRANS,,1.0,2025-06-16 00:00:00,,,,pointe-noire,"POINTEUR Transport, Logistique & Supply Chain"
JOB250001425,Réparateur de Pneus,"Transport, Logistique & Supply Chain",POINTE-NOIRE,CDD,Emploi Temporaire,SOCOTRANS,,1.0,2025-06-16 00:00:00,,,,pointe-noire,"Réparateur de Pneus Transport, Logistique & Supply Chain"
JOB250001426,MAGASINIER,"Transport, Logistique & Supply Chain",POINTE-NOIRE,CDD,Emploi Temporaire,SOCOTRANS,,1.0,2025-06-16 00:00:00,,,,pointe-noire,"MAGASINIER Transport, Logistique & Supply Chain"
JOB250001427,TREUILLISTES,"Transport, Logistique & Supply Chain",POINTE-NOIRE,CDD,Emploi Temporaire,SOCOTRANS,,1.0,2025-06-16 00:00:00,,,,pointe-noire,"TREUILLISTES Transport, Logistique & Supply Chain"
JOB250001667,"Commis Confection Manifestes, Mouvement des Navires","Transport, Logistique & Supply Chain",POINTE-NOIRE,CDD,Emploi Temporaire,SOCOTRANS,,1.0,2025-07-11 00:00:00,,,,pointe-noire,"Commis Confection Manifestes, Mouvement des Navires Transport, Logistique & Supply Chain"
JOB250001668,Chauffeur Poids Lourds,"Transport, Logistique & Supply Chain",POINTE-NOIRE,CDD,Emploi Temporaire,SOCOTRANS,,32.0,2025-07-11 00:00:00,,,,pointe-noire,"Chauffeur Poids Lourds Transport, Logistique & Supply Chain"
JOB250001669,MECANICIEN,"Transport, Logistique & Supply Chain",POINTE-NOIRE,CDD,Emploi Temporaire,SOCOTRANS,,11.0,2025-07-11 00:00:00,,,,pointe-noire,"MECANICIEN Transport, Logistique & Supply Chain"
JOB250001670,Electricien,"Énergie, Environnement & Eau",POINTE-NOIRE,CDD,Emploi Temporaire,SOCOTRANS,,7.0,2025-07-11 00:00:00,,,,pointe-noire,"Electricien Énergie, Environnement & Eau"
JOB250001671,Soudeur,"Industrie, Production & Maintenance",POINTE-NOIRE,CDD,Emploi Temporaire,SOCOTRANS,,6.0,2025-07-11 00:00:00,,,,pointe-noire,"Soudeur Industrie, Production & Maintenance"
JOB250001672,TOLIER,"Transport, Logistique & Supply Chain",POINTE-NOIRE,CDD,Emploi Temporaire,SOCOTRANS,,2.0,2025-07-11 00:00:00,,,,pointe-noire,"TOLIER Transport, Logistique & Supply Chain"
JOB250001673,POINTEUR,"Transport, Logistique & Supply Chain",POINTE-NOIRE,CDD,Emploi Temporaire,SOCOTRANS,,2.0,2025-07-11 00:00:00,,,,pointe-noire,"POINTEUR Transport, Logistique & Supply Chain"
JOB250001674,réparateur de pneus,"Transport, Logistique & Supply Chain",POINTE-NOIRE,CDD,Emploi Temporaire,SOCOTRANS,,2.0,2025-07-11 00:00:00,,,,pointe-noire,"réparateur de pneus Transport, Logistique & Supply Chain"
JOB250001675,MAGASINIER,"Transport, Logistique & Supply Chain",POINTE-NOIRE,CDD,Emploi Temporaire,SOCOTRANS,,1.0,2025-07-11 00:00:00,,,,pointe-noire,"MAGASINIER Transport, Logistique & Supply Chain"
JOB250001676,TREUILLISTES,"Transport, Logistique & Supply Chain",POINTE-NOIRE,CDD,Emploi Temporaire,SOCOTRANS,,6.0,2025-07-11 00:00:00,,,,pointe-noire,"TREUILLISTES Transport, Logistique & Supply Chain"
JOB250001915,Chef du Service Immobilier,Immobilier,POINTE-NOIRE,CDD,Emploi Temporaire,SOCOTRANS,,1.0,2025-08-11 00:00:00,,,,pointe-noire,Chef du Service Immobilier Immobilier
JOB250001986,Chauffeur Poids Lourds,"Transport, Logistique & Supply Chain",POINTE-NOIRE,CDD,Emploi Temporaire,SOCOTRANS,,1.0,2025-08-19 00:00:00,,,,pointe-noire,"Chauffeur Poids Lourds Transport, Logistique & Supply Chain"
JOB250001987,MECANICIEN,"Industrie, Production & Maintenance",POINTE-NOIRE,CDD,Emploi Temporaire,SOCOTRANS,,1.0,2025-08-19 00:00:00,,,,pointe-noire,"MECANICIEN Industrie, Production & Maintenance"
JOB250001988,MECANICIEN,"Transport, Logistique & Supply Chain",POINTE-NOIRE,CDD,Emploi Temporaire,SOCOTRANS,,1.0,2025-08-19 00:00:00,,,,pointe-noire,"MECANICIEN Transport, Logistique & Supply Chain"
JOB250001990,Electricien,"Transport, Logistique & Supply Chain",POINTE-NOIRE,CDD,Emploi Temporaire,SOCOTRANS,,1.0,2025-08-19 00:00:00,,,,pointe-noire,"Electricien Transport, Logistique & Supply Chain"
JOB250001991,Soudeur,"Industrie, Production & Maintenance",POINTE-NOIRE,CDD,Emploi Temporaire,SOCOTRANS,,1.0,2025-08-19 00:00:00,,,,pointe-noire,"Soudeur Industrie, Production & Maintenance"
JOB250002001,Soudeur,"Transport, Logistique & Supply Chain",POINTE-NOIRE,CDD,Emploi Temporaire,SOCOTRANS,,3.0,2025-08-20 00:00:00,,,,pointe-noire,"Soudeur Transport, Logistique & Supply Chain"
JOB250002003,POINTEUR,"Transport, Logistique & Supply Chain",POINTE-NOIRE,CDD,Emploi Temporaire,SOCOTRANS,,2.0,2025-08-20 00:00:00,,,,pointe-noire,"POINTEUR Transport, Logistique & Supply Chain"
JOB250002004,réparateur de pneus,"Transport, Logistique & Supply Chain",POINTE-NOIRE,CDD,Emploi Temporaire,SOCOTRANS,,1.0,2025-08-20 00:00:00,,,,pointe-noire,"réparateur de pneus Transport, Logistique & Supply Chain"
JOB250002008,MAGASINIER,"Transport, Logistique & Supply Chain",POINTE-NOIRE,CDD,Emploi Temporaire,SOCOTRANS,,1.0,2025-08-20 00:00:00,,,,pointe-noire,"MAGASINIER Transport, Logistique & Supply Chain"
JOB250002157,Ingénieur Travaux,"Transport, Logistique & Supply Chain",POINTE-NOIRE,CDD,Emploi Temporaire,SOCOTRANS,,1.0,2025-09-08 00:00:00,,,,pointe-noire,"Ingénieur Travaux Transport, Logistique & Supply Chain"
JOB250002158,IngénieurMécanique,"Transport, Logistique & Supply Chain",POINTE-NOIRE,CDD,Emploi Temporaire,SOCOTRANS,,1.0,2025-09-08 00:00:00,,,,pointe-noire,"IngénieurMécanique Transport, Logistique & Supply Chain"
JOB250002159,Chef Mécanicien,"Transport, Logistique & Supply Chain",POINTE-NOIRE,CDD,Emploi Temporaire,SOCOTRANS,,1.0,2025-09-08 00:00:00,,,,pointe-noire,"Chef Mécanicien Transport, Logistique & Supply Chain"
JOB250002161,Chef du Service Manutention,"Transport, Logistique & Supply Chain",POINTE-NOIRE,CDD,Emploi Temporaire,SOCOTRANS,,1.0,2025-09-08 00:00:00,,,,pointe-noire,"Chef du Service Manutention Transport, Logistique & Supply Chain"
JOB250002231,Chauffeur Poids Lourds,"Transport, Logistique & Supply Chain",POINTE-NOIRE,CDD,Emploi Temporaire,SOCOTRANS,,1.0,2025-09-15 00:00:00,,,,pointe-noire,"Chauffeur Poids Lourds Transport, Logistique & Supply Chain"
JOB250002233,MECANICIEN,"Industrie, Production & Maintenance",POINTE-NOIRE,CDD,Emploi Temporaire,SOCOTRANS,,1.0,2025-09-15 00:00:00,,,,pointe-noire,"MECANICIEN Industrie, Production & Maintenance"
JOB250002235,Electricien,"Énergie, Environnement & Eau",POINTE-NOIRE,CDD,Emploi Temporaire,SOCOTRANS,,1.0,2025-09-15 00:00:00,,,,pointe-noire,"Electricien Énergie, Environnement & Eau"
JOB250002236,Electricien,"Énergie, Environnement & Eau",POINTE-NOIRE,CDD,Emploi Temporaire,SOCOTRANS,,1.0,2025-09-15 00:00:00,,,,pointe-noire,"Electricien Énergie, Environnement & Eau"
JOB250002238,POINTEUR,"Bâtiment, Travaux Publics & Aménagement du Territoire",POINTE-NOIRE,CDD,Emploi Temporaire,SOCOTRANS,,1.0,2025-09-15 00:00:00,,,,pointe-noire,"POINTEUR Bâtiment, Travaux Publics & Aménagement du Territoire"
JOB250002239,MAGASINIER,"Commerce, Vente, Marketing & Distribution",POINTE-NOIRE,CDD,Emploi Temporaire,SOCOTRANS,,1.0,2025-09-15 00:00:00,,,,pointe-noire,"MAGASINIER Commerce, Vente, Marketing & Distribution"
JOB250002241,TOLIER,"Transport, Logistique & Supply Chain",POINTE-NOIRE,CDD,Emploi Temporaire,SOCOTRANS,,1.0,2025-09-15 00:00:00,,,,pointe-noire,"TOLIER Transport, Logistique & Supply Chain"
JOB250001927,Responsable Marketing et Communication,"Communication, Médias & Événementiel",BRAZZAVILLE,CDD,Emploi Temporaire,SOFATT INDUSTRIE S.A,,1.0,2025-08-12 00:00:00,,,,brazzaville,"Responsable Marketing et Communication Communication, Médias & Événementiel"
JOB250001928,Agent de Production,Agriculture & Industrie Agroalimentaire,BRAZZAVILLE,CDD,Emploi Temporaire,SOFATT INDUSTRIE S.A,,1.0,2025-08-12 00:00:00,,,,brazzaville,Agent de Production Agriculture & Industrie Agroalimentaire
JOB250000846,COMPTABLE,"Transport, Logistique & Supply Chain",POINTE-NOIRE,CDD,Emploi Temporaire,SOGENA CONGO,,1.0,2025-03-13 00:00:00,,,,pointe-noire,"COMPTABLE Transport, Logistique & Supply Chain"
JOB250000904,AGENT DE TRANSIT,"Transport, Logistique & Supply Chain",POINTE-NOIRE,CDD,Emploi Temporaire,SOGENA CONGO,,1.0,2025-03-28 00:00:00,,,,pointe-noire,"AGENT DE TRANSIT Transport, Logistique & Supply Chain"
JOB250001649,AGENT DE FACTURATION ET DE SAISIE,"Transport, Logistique & Supply Chain",POINTE-NOIRE,CDD,Emploi Temporaire,SOGENA CONGO,,1.0,2025-07-08 00:00:00,,,,pointe-noire,"AGENT DE FACTURATION ET DE SAISIE Transport, Logistique & Supply Chain"
JOB250000862,COMMERCIAL,"Communication, Médias & Événementiel",POINTE-NOIRE,CDD,Emploi Temporaire,SOMEDIA,,1.0,2025-03-17 00:00:00,,,,pointe-noire,"COMMERCIAL Communication, Médias & Événementiel"
NONREF000089,Commercial,"Conseil, Stratégie & Gestion des Ressources Humaines",POINTE-NOIRE,CDD,Emploi Temporaire,SOMEDIA,,1.0,2025-01-17 00:00:00,,,,pointe-noire,"Commercial Conseil, Stratégie & Gestion des Ressources Humaines"
JOB250001628,COMMERCIAL,"Commerce, Vente, Marketing & Distribution",POINTE-NOIRE,CDD,Emploi Temporaire,SOMEDIA,,1.0,2025-07-07 00:00:00,,,,pointe-noire,"COMMERCIAL Commerce, Vente, Marketing & Distribution"
JOB250002762,Community Manager,"Communication, Médias & Événementiel",POINTE-NOIRE,CDD,Emploi Temporaire,SOMEDIA,,1.0,2025-12-02 00:00:00,,,,pointe-noire,"Community Manager Communication, Médias & Événementiel"
NONREF000071,Chauffeurs citerne,"Transport, Logistique & Supply Chain",POINTE-NOIRE,CDD,Emploi Temporaire,SOTRA,,2.0,2025-01-10 00:00:00,,,,pointe-noire,"Chauffeurs citerne Transport, Logistique & Supply Chain"
JOB250000888,AGENT HSE,"Assurance Qualité, Contrôle, Testing (QHSE)",POINTE-NOIRE,CDD,Emploi Temporaire,SOTRA ,,1.0,2025-03-19 00:00:00,,,,pointe-noire,"AGENT HSE Assurance Qualité, Contrôle, Testing (QHSE)"
JOB250000953,Chauffeur,"Transport, Logistique & Supply Chain",POINTE-NOIRE,CDD,Emploi Temporaire,SOTRA ,,2.0,2025-04-22 00:00:00,,,,pointe-noire,"Chauffeur Transport, Logistique & Supply Chain"
JOB250001429,Chauffeur,"Transport, Logistique & Supply Chain",POINTE-NOIRE,CDD,Emploi Temporaire,SOTRA ,,1.0,2025-06-17 00:00:00,,,,pointe-noire,"Chauffeur Transport, Logistique & Supply Chain"
JOB250002488,Chauffeur Citerne,"Transport, Logistique & Supply Chain",POINTE-NOIRE,CDD,Emploi Temporaire,SOTRA ,,1.0,2025-10-23 00:00:00,,,,pointe-noire,"Chauffeur Citerne Transport, Logistique & Supply Chain"
JOB250002314,Chauffeur Grutier,"Transport, Logistique & Supply Chain",POINTE-NOIRE,CDD,Emploi Temporaire,SOUTH - OFFSHORE,,1.0,2025-09-26 00:00:00,,,,pointe-noire,"Chauffeur Grutier Transport, Logistique & Supply Chain"
JOB250002737,GESTIONNAIRE IMMOBILIER,Immobilier,POINTE-NOIRE,CDD,Emploi Temporaire,ST BUSINESS,,1.0,2025-11-26 00:00:00,,,,pointe-noire,GESTIONNAIRE IMMOBILIER Immobilier
NONREF000116,Directeur Adm Fet RH,"Conseil, Stratégie & Gestion des Ressources Humaines",POINTE-NOIRE,CDD,Emploi Temporaire,STE SINO-CGLAISE D'IN,,1.0,2025-02-03 00:00:00,,,,pointe-noire,"Directeur Adm Fet RH Conseil, Stratégie & Gestion des Ressources Humaines"
NONREF000117,Directeur commercial et log,"Pétrole, Gaz & Hydrocarbures",POINTE-NOIRE,CDD,Emploi Temporaire,STE SINO-CGLAISE D'IN,,1.0,2025-02-03 00:00:00,,,,pointe-noire,"Directeur commercial et log Pétrole, Gaz & Hydrocarbures"
NONREF000124,Directeur technique,"Pétrole, Gaz & Hydrocarbures",POINTE-NOIRE,CDD,Emploi Temporaire,STE SINO-CGLAISE D'IN,,1.0,2025-02-03 00:00:00,,,,pointe-noire,"Directeur technique Pétrole, Gaz & Hydrocarbures"
NONREF000092,Commercial terrain,Nettoyage & Blanchisserie,POINTE-NOIRE,CDD,Emploi Temporaire,STEAM-ECO CLEANING,,4.0,2025-02-18 00:00:00,,,,pointe-noire,Commercial terrain Nettoyage & Blanchisserie
NONREF000140,Gestionnairede stock,Nettoyage & Blanchisserie,POINTE-NOIRE,CDD,Emploi Temporaire,STEAM-ECO CLEANING,,1.0,2025-02-18 00:00:00,,,,pointe-noire,Gestionnairede stock Nettoyage & Blanchisserie
JOB250002101,Superviseur Commercial Grands Comptes( bureau direct & bancassurance),"Finance, Banque, Assurance, Comptabilité & Fiscalité",POINTE-NOIRE,CDD,Emploi Temporaire,SUNU ASSURANCES IARD CONGO,,1.0,2025-09-02 00:00:00,,,,pointe-noire,"Superviseur Commercial Grands Comptes( bureau direct & bancassurance) Finance, Banque, Assurance, Comptabilité & Fiscalité"
JOB250002490,Responsable Expérience Client,"Finance, Banque, Assurance, Comptabilité & Fiscalité",POINTE-NOIRE,CDD,Emploi Temporaire,SUNU ASSURANCES IARD CONGO,,1.0,2025-10-23 00:00:00,,,,pointe-noire,"Responsable Expérience Client Finance, Banque, Assurance, Comptabilité & Fiscalité"
JOB250002491,Responsable Communication et Relations,"Finance, Banque, Assurance, Comptabilité & Fiscalité",POINTE-NOIRE,CDD,Emploi Temporaire,SUNU ASSURANCES IARD CONGO,,1.0,2025-10-23 00:00:00,,,,pointe-noire,"Responsable Communication et Relations Finance, Banque, Assurance, Comptabilité & Fiscalité"
JOB250001837,RESPONSABLE MARKETING,"Commerce, Vente, Marketing & Distribution",POINTE-NOIRE,CDI,Emploi Durable,SUPER SONIC,,1.0,2025-08-01 00:00:00,,,,pointe-noire,"RESPONSABLE MARKETING Commerce, Vente, Marketing & Distribution"
JOB250001839,Chef d'Agence,"Commerce, Vente, Marketing & Distribution",POINTE-NOIRE,CDI,Emploi Durable,SUPER SONIC,,1.0,2025-08-01 00:00:00,,,,pointe-noire,"Chef d'Agence Commerce, Vente, Marketing & Distribution"
JOB250001841,Responsable Logistique,"Transport, Logistique & Supply Chain",POINTE-NOIRE,CDI,Emploi Durable,SUPER SONIC,,1.0,2025-08-01 00:00:00,,,,pointe-noire,"Responsable Logistique Transport, Logistique & Supply Chain"
JOB250001304,Responsable QHSE,"Assurance Qualité, Contrôle, Testing (QHSE)",POINTE-NOIRE,CDD,Emploi Temporaire,SUTTER ET PEARCE- LAWAYS,,1.0,2025-06-03 00:00:00,,,,pointe-noire,"Responsable QHSE Assurance Qualité, Contrôle, Testing (QHSE)"
JOB250001332,CHEF TRANSIT,"Transport, Logistique & Supply Chain",POINTE-NOIRE,CDD,Emploi Temporaire,SUTTER ET PEARCE- LAWAYS,,1.0,2025-06-05 00:00:00,,,,pointe-noire,"CHEF TRANSIT Transport, Logistique & Supply Chain"
NONREF000041,Assistante juridique junior,"Conseil, Stratégie & Gestion des Ressources Humaines",POINTE-NOIRE,CDD,Emploi Temporaire,SUTTER& PEARCE-LAWAYS,,1.0,2025-02-05 00:00:00,,,,pointe-noire,"Assistante juridique junior Conseil, Stratégie & Gestion des Ressources Humaines"
NONREF000049,Assistante RH junior,"Conseil, Stratégie & Gestion des Ressources Humaines",POINTE-NOIRE,CDI,Emploi Durable,SUTTER& PEARCE-LAWAYS,,1.0,2025-02-05 00:00:00,,,,pointe-noire,"Assistante RH junior Conseil, Stratégie & Gestion des Ressources Humaines"
STG250002311,Stagiaire Commercial,"Commerce, Vente, Marketing & Distribution",DIVENIE,Stage professionnel,Stages Classiques,SYNERGIES BUSINESS CONGO ,,1.0,2025-09-25 00:00:00,,,,divenie,"Stagiaire Commercial Commerce, Vente, Marketing & Distribution"
NONREF000243,Technicien IT,"Informatique, Data, Télécommunications & Digital",POINTE-NOIRE,CDD,Emploi Temporaire,SYSCREEN,,1.0,2025-02-06 00:00:00,,,,pointe-noire,"Technicien IT Informatique, Data, Télécommunications & Digital"
NONREF000082,Chef de projet,"Conseil, Stratégie & Gestion des Ressources Humaines",POINTE-NOIRE,CDD,Emploi Temporaire,SYSGREEN,,1.0,2025-01-09 00:00:00,,,,pointe-noire,"Chef de projet Conseil, Stratégie & Gestion des Ressources Humaines"
JOB250002319,Technicien SupportIT,"Informatique, Data, Télécommunications & Digital",POINTE-NOIRE,CDD,Emploi Temporaire,SYSGREEN,,1.0,2025-09-29 00:00:00,,,,pointe-noire,"Technicien SupportIT Informatique, Data, Télécommunications & Digital"
JOB250002434,Conducteur en Ligne,"Énergie, Environnement & Eau",POINTE-NOIRE,CDD,Emploi Temporaire,TANK SERVICES,,1.0,2025-10-16 00:00:00,,,,pointe-noire,"Conducteur en Ligne Énergie, Environnement & Eau"
NONREF000404,Chef de Projet Bâtiment TCE,"Bâtiment, Travaux Publics & Aménagement du Territoire",POINTE-NOIRE,CDD,Emploi Temporaire,Tauly conseils,,1.0,2025-12-24,,,,pointe-noire,"Chef de Projet Bâtiment TCE Bâtiment, Travaux Publics & Aménagement du Territoire"
NONREF000405,"Ingénieur MEP (Mechanical, Electrical, and Plumbing)","Bâtiment, Travaux Publics & Aménagement du Territoire",POINTE-NOIRE,CDD,Emploi Temporaire,Tauly conseils,,1.0,2025-12-24,,,,pointe-noire,"Ingénieur MEP (Mechanical, Electrical, and Plumbing) Bâtiment, Travaux Publics & Aménagement du Territoire"
NONREF000040,Assistante en RH,"Conseil, Stratégie & Gestion des Ressources Humaines",POINTE-NOIRE,CDD,Emploi Temporaire,TELEMA GROUP,,1.0,2025-01-06 00:00:00,,,,pointe-noire,"Assistante en RH Conseil, Stratégie & Gestion des Ressources Humaines"
NONREF000063,Chauffeur,ONG & Social,POINTE-NOIRE,CDD,Emploi Temporaire,TELEMA GROUP,,1.0,2025-01-06 00:00:00,,,,pointe-noire,Chauffeur ONG & Social
NONREF000097,Comptable,ONG & Social,POINTE-NOIRE,CDD,Emploi Temporaire,TELEMA GROUP,,1.0,2025-01-06 00:00:00,,,,pointe-noire,Comptable ONG & Social
JOB250001726,TUYAUTEURS,"Industrie, Production & Maintenance",POINTE-NOIRE,CDD,Emploi Temporaire,TELEMA -GROUP,,5.0,2025-07-22 00:00:00,,,,pointe-noire,"TUYAUTEURS Industrie, Production & Maintenance"
JOB250001727,Soudeurs Argonistes,"Industrie, Production & Maintenance",POINTE-NOIRE,CDD,Emploi Temporaire,TELEMA -GROUP,,5.0,2025-07-22 00:00:00,,,,pointe-noire,"Soudeurs Argonistes Industrie, Production & Maintenance"
JOB250001728,CHAUDRONNIERS,"Industrie, Production & Maintenance",POINTE-NOIRE,CDD,Emploi Temporaire,TELEMA -GROUP,,3.0,2025-07-22 00:00:00,,,,pointe-noire,"CHAUDRONNIERS Industrie, Production & Maintenance"
JOB250001731,Peintre,"Industrie, Production & Maintenance",POINTE-NOIRE,CDD,Emploi Temporaire,TELEMA -GROUP,,3.0,2025-07-22 00:00:00,,,,pointe-noire,"Peintre Industrie, Production & Maintenance"
JOB250001734,Technicien HSE,"Assurance Qualité, Contrôle, Testing (QHSE)",POINTE-NOIRE,CDD,Emploi Temporaire,TELEMA -GROUP,,2.0,2025-07-22 00:00:00,,,,pointe-noire,"Technicien HSE Assurance Qualité, Contrôle, Testing (QHSE)"
JOB250001738,SUPERVISEUR HSE,"Assurance Qualité, Contrôle, Testing (QHSE)",POINTE-NOIRE,CDD,Emploi Temporaire,TELEMA -GROUP,,1.0,2025-07-23 00:00:00,,,,pointe-noire,"SUPERVISEUR HSE Assurance Qualité, Contrôle, Testing (QHSE)"
JOB250001740,MECANICIEN,"Industrie, Production & Maintenance",POINTE-NOIRE,CDD,Emploi Temporaire,TELEMA -GROUP,,3.0,2025-07-23 00:00:00,,,,pointe-noire,"MECANICIEN Industrie, Production & Maintenance"
JOB250001741,Superviseur Mécanicien,"Industrie, Production & Maintenance",POINTE-NOIRE,CDD,Emploi Temporaire,TELEMA -GROUP,,1.0,2025-07-23 00:00:00,,,,pointe-noire,"Superviseur Mécanicien Industrie, Production & Maintenance"
JOB250001747,Manœuvre,"Industrie, Production & Maintenance",POINTE-NOIRE,CDD,Emploi Temporaire,TELEMA -GROUP,,2.0,2025-07-23 00:00:00,,,,pointe-noire,"Manœuvre Industrie, Production & Maintenance"
JOB250001749,Qualiticiens Certifiés,"Industrie, Production & Maintenance",POINTE-NOIRE,CDD,Emploi Temporaire,TELEMA -GROUP,,2.0,2025-07-23 00:00:00,,,,pointe-noire,"Qualiticiens Certifiés Industrie, Production & Maintenance"
JOB250001750,Interprètes Anglais-Français-Chinois,"Industrie, Production & Maintenance",POINTE-NOIRE,CDD,Emploi Temporaire,TELEMA -GROUP,,2.0,2025-07-23 00:00:00,,,,pointe-noire,"Interprètes Anglais-Français-Chinois Industrie, Production & Maintenance"
JOB250001352,Directeur Gestion durable,"Conseil, Stratégie & Gestion des Ressources Humaines",Lkouala,CDI,Emploi Durable,THANRY CONGO,,1.0,2025-06-10 00:00:00,,,,lkouala,"Directeur Gestion durable Conseil, Stratégie & Gestion des Ressources Humaines"
STG250001418,Stage assistant aménagement et certification,Exploitation Forestière & Bois,OUESSO,Stage professionnel,Stages Classiques,THANRY CONGO,,1.0,2025-06-14 00:00:00,,,,ouesso,Stage assistant aménagement et certification Exploitation Forestière & Bois
STG250000939,Stage assistant administratif,"Conseil, Stratégie & Gestion des Ressources Humaines",OUESSO,Stage professionnel,Stages Classiques,THANRY CONGO,,1.0,2025-04-15 00:00:00,,,,ouesso,"Stage assistant administratif Conseil, Stratégie & Gestion des Ressources Humaines"
STG250000920,Stage Assistant Cartographe,Exploitation Forestière & Bois,OUESSO,Stage professionnel,Stages Classiques,THANRY CONGO,,1.0,2025-04-01 00:00:00,,,,ouesso,Stage Assistant Cartographe Exploitation Forestière & Bois
JOB250001882,Chauffeur grumier,Exploitation Forestière & Bois,Lkouala,CDD,Emploi Temporaire,THANRY CONGO,,1.0,2025-08-07 00:00:00,,,,lkouala,Chauffeur grumier Exploitation Forestière & Bois
JOB250001950,Responsable Bureau,"Conseil, Stratégie & Gestion des Ressources Humaines",BRAZZAVILLE,CDI,Emploi Durable,THANRY CONGO,,1.0,2025-08-13 00:00:00,,,,brazzaville,"Responsable Bureau Conseil, Stratégie & Gestion des Ressources Humaines"
JOB250002066,Infirmier diplômé d'état,"Santé, Pharmacie & Recherche Scientifique",Lkouala,CDI,Emploi Durable,THANRY CONGO,,1.0,2025-08-29 00:00:00,,,,lkouala,"Infirmier diplômé d'état Santé, Pharmacie & Recherche Scientifique"
JOB250002075,Vendeur en pharmacie,"Santé, Pharmacie & Recherche Scientifique",Lkouala,CDI,Emploi Durable,THANRY CONGO,,1.0,2025-08-30 00:00:00,,,,lkouala,"Vendeur en pharmacie Santé, Pharmacie & Recherche Scientifique"
JOB250002076,Sage-Femme,"Santé, Pharmacie & Recherche Scientifique",Lkouala,CDI,Emploi Durable,THANRY CONGO,,1.0,2025-08-30 00:00:00,,,,lkouala,"Sage-Femme Santé, Pharmacie & Recherche Scientifique"
JOB250002224,Responsable social externe,Exploitation Forestière & Bois,OUESSO,CDI,Emploi Durable,THANRY CONGO,,1.0,2025-09-12 00:00:00,,,,ouesso,Responsable social externe Exploitation Forestière & Bois
JOB250002621,Contrôleur activités illégales,Exploitation Forestière & Bois,OUESSO,CDD,Emploi Temporaire,THANRY CONGO,,1.0,2025-11-07 00:00:00,,,,ouesso,Contrôleur activités illégales Exploitation Forestière & Bois
JOB250002622,Chef d'équipe activités illégales,Exploitation Forestière & Bois,OUESSO,CDD,Emploi Temporaire,THANRY CONGO,,1.0,2025-11-07 00:00:00,,,,ouesso,Chef d'équipe activités illégales Exploitation Forestière & Bois
JOB250002623,Responsable HSE,"Assurance Qualité, Contrôle, Testing (QHSE)",OUESSO,CDI,Emploi Durable,THANRY CONGO,,1.0,2025-11-07 00:00:00,,,,ouesso,"Responsable HSE Assurance Qualité, Contrôle, Testing (QHSE)"
JOB250002624,Responsable HSE,"Assurance Qualité, Contrôle, Testing (QHSE)",OUESSO,CDI,Emploi Durable,THANRY CONGO,,1.0,2025-11-07 00:00:00,,,,ouesso,"Responsable HSE Assurance Qualité, Contrôle, Testing (QHSE)"
JOB250002692,Adjoint du chef du personnel,"Conseil, Stratégie & Gestion des Ressources Humaines",OUESSO,CDI,Emploi Durable,THANRY CONGO,,1.0,2025-11-21 00:00:00,,,,ouesso,"Adjoint du chef du personnel Conseil, Stratégie & Gestion des Ressources Humaines"
JOB250002700,Assistant social externe,Exploitation Forestière & Bois,OUESSO,CDI,Emploi Durable,THANRY CONGO,,1.0,2025-11-22 00:00:00,,,,ouesso,Assistant social externe Exploitation Forestière & Bois
JOB250002818,Responsable cuisine,"Communication, Médias & Événementiel",OUESSO,CDI,Emploi Durable,THANRY CONGO,,1.0,2025-12-12 00:00:00,,,,ouesso,"Responsable cuisine Communication, Médias & Événementiel"
JOB250002819,Scieur de tête,Exploitation Forestière & Bois,OUESSO,CDI,Emploi Durable,THANRY CONGO,,1.0,2025-12-12 00:00:00,,,,ouesso,Scieur de tête Exploitation Forestière & Bois
JOB250002820,Responsable Garage,Exploitation Forestière & Bois,OUESSO,CDI,Emploi Durable,THANRY CONGO,,1.0,2025-12-12 00:00:00,,,,ouesso,Responsable Garage Exploitation Forestière & Bois
JOB250002542,Directeur de Projet,Gestion Administrative,POINTE-NOIRE,CDI,Emploi Durable,TLC CONGO,,1.0,2025-10-29 00:00:00,,,,pointe-noire,Directeur de Projet Gestion Administrative
JOB250000879,GESTIONNAIRE DE PARC AUTO,"Commerce, Vente, Marketing & Distribution",POINTE-NOIRE,CDD,Emploi Temporaire,TOP CHINE,,1.0,2025-03-19 00:00:00,,,,pointe-noire,"GESTIONNAIRE DE PARC AUTO Commerce, Vente, Marketing & Distribution"
NONREF000087,Commercial,"Commerce, Vente, Marketing & Distribution",POINTE-NOIRE,CDD,Emploi Temporaire,TOP CHINE,,1.0,2025-01-07 00:00:00,,,,pointe-noire,"Commercial Commerce, Vente, Marketing & Distribution"
JOB250001536,AIDE MECANICIEN,"Commerce, Vente, Marketing & Distribution",POINTE-NOIRE,CDD,Emploi Temporaire,TOP CHINE,,1.0,2025-06-27 00:00:00,,,,pointe-noire,"AIDE MECANICIEN Commerce, Vente, Marketing & Distribution"
JOB250002290,Chauffeur Poids Léger,"Transport, Logistique & Supply Chain",POINTE-NOIRE,CDD,Emploi Temporaire,TOP CHINE,,1.0,2025-09-23 00:00:00,,,,pointe-noire,"Chauffeur Poids Léger Transport, Logistique & Supply Chain"
JOB250002356,Assistant de Direction,"Pétrole, Gaz & Hydrocarbures",BRAZZAVILLE,CDD,Emploi Temporaire,TOTAL ENERGIES MARKETING CONGO SA,,1.0,2025-10-06 00:00:00,,,,brazzaville,"Assistant de Direction Pétrole, Gaz & Hydrocarbures"
JOB250002357,COMPTABLE,"Pétrole, Gaz & Hydrocarbures",BRAZZAVILLE,CDD,Emploi Temporaire,TOTAL ENERGIES MARKETING CONGO SA,,1.0,2025-10-07 00:00:00,,,,brazzaville,"COMPTABLE Pétrole, Gaz & Hydrocarbures"
JOB250000901,Chef de Secteur Young Graduate,"Commerce, Vente, Marketing & Distribution",BRAZZAVILLE,CDD,Emploi Temporaire,TotalEnergies EP Congo,,1.0,2025-03-28 00:00:00,,,,brazzaville,"Chef de Secteur Young Graduate Commerce, Vente, Marketing & Distribution"
JOB250000902,CHEF DE SECTEUR,"Commerce, Vente, Marketing & Distribution",BRAZZAVILLE,CDD,Emploi Temporaire,TotalEnergies EP Congo,,1.0,2025-03-28 00:00:00,,,,brazzaville,"CHEF DE SECTEUR Commerce, Vente, Marketing & Distribution"
JOB250001434,DirecteurAdministratif et Financier,"Commerce, Vente, Marketing & Distribution",POINTE-NOIRE,CDI,Emploi Durable,TRACTAFRIC EQUIPEMENT CONGO,,1.0,2025-06-18 00:00:00,,,,pointe-noire,"DirecteurAdministratif et Financier Commerce, Vente, Marketing & Distribution"
JOB250001435,SUPERVISEURTRANSIT,"Transport, Logistique & Supply Chain",POINTE-NOIRE,CDD,Emploi Temporaire,TRACTAFRIC EQUIPEMENT CONGO,,1.0,2025-06-18 00:00:00,,,,pointe-noire,"SUPERVISEURTRANSIT Transport, Logistique & Supply Chain"
JOB250001694,AGENT DE TRANSIT,"Commerce, Vente, Marketing & Distribution",POINTE-NOIRE,CDI,Emploi Durable,TRACTAFRIC EQUIPEMENT CONGO,,1.0,2025-07-15 00:00:00,,,,pointe-noire,"AGENT DE TRANSIT Commerce, Vente, Marketing & Distribution"
JOB250001696,ASSISTANT TECHNIQUE,"Commerce, Vente, Marketing & Distribution",POINTE-NOIRE,CDI,Emploi Durable,TRACTAFRIC EQUIPEMENT CONGO,,1.0,2025-07-15 00:00:00,,,,pointe-noire,"ASSISTANT TECHNIQUE Commerce, Vente, Marketing & Distribution"
JOB250001697,TECHNICO- COMMERCIAL( PSSR JUNIOR),"Commerce, Vente, Marketing & Distribution",POINTE-NOIRE,CDI,Emploi Durable,TRACTAFRIC EQUIPEMENT CONGO,,1.0,2025-07-15 00:00:00,,,,pointe-noire,"TECHNICO- COMMERCIAL( PSSR JUNIOR) Commerce, Vente, Marketing & Distribution"
JOB250001698,"AGENT QHSE ( Qualité, Hygiène, Sécurité,Environnement)","Assurance Qualité, Contrôle, Testing (QHSE)",POINTE-NOIRE,CDI,Emploi Durable,TRACTAFRIC EQUIPEMENT CONGO,,1.0,2025-07-15 00:00:00,,,,pointe-noire,"AGENT QHSE ( Qualité, Hygiène, Sécurité,Environnement) Assurance Qualité, Contrôle, Testing (QHSE)"
JOB250002350,Technicien Junior(Technicien planneur),"Commerce, Vente, Marketing & Distribution",POINTE-NOIRE,CDD,Emploi Temporaire,TRACTAFRIC EQUIPEMENT CONGO,,1.0,2025-10-03 00:00:00,,,,pointe-noire,"Technicien Junior(Technicien planneur) Commerce, Vente, Marketing & Distribution"
JOB250001865,SAISISSANTE EN TRANSIT,"Transport, Logistique & Supply Chain",POINTE-NOIRE,CDD,Emploi Temporaire,TRANSPORT ET LOCATION (TRANSLO),,1.0,2025-08-05 00:00:00,,,,pointe-noire,"SAISISSANTE EN TRANSIT Transport, Logistique & Supply Chain"
JOB250002827,COMPTABLE,"Finance, Banque, Assurance, Comptabilité & Fiscalité",POINTE-NOIRE,CDD,Emploi Temporaire,TRANSPORT ET LOCATION (TRANSLO),,1.0,2025-12-15 00:00:00,,,,pointe-noire,"COMPTABLE Finance, Banque, Assurance, Comptabilité & Fiscalité"
JOB250000868,Chauffeur Poids Lourds,"Transport, Logistique & Supply Chain",POINTE-NOIRE,CDD,Emploi Temporaire,TRANSPORT PETROLIER AFRICAN TPA,,1.0,2025-03-18 00:00:00,,,,pointe-noire,"Chauffeur Poids Lourds Transport, Logistique & Supply Chain"
JOB250002072,Chef de Service Juridique,Droit et Justice,POINTE-NOIRE,CDI,Emploi Durable,TRIDENT ENERGY CONGO SAU,,1.0,2025-08-29 00:00:00,,,,pointe-noire,Chef de Service Juridique Droit et Justice
JOB250002019,Interprète Chinois,"Pétrole, Gaz & Hydrocarbures",POINTE-NOIRE,CDD,Emploi Temporaire,TRIDENT OGX SAU,,1.0,2025-08-20 00:00:00,,,,pointe-noire,"Interprète Chinois Pétrole, Gaz & Hydrocarbures"
JOB250000905,SECRETAIRE DE DIRECTION,"Transport, Logistique & Supply Chain",POINTE-NOIRE,CDD,Emploi Temporaire,TRIMEX CONGO,,1.0,2025-03-28 00:00:00,,,,pointe-noire,"SECRETAIRE DE DIRECTION Transport, Logistique & Supply Chain"
JOB250001502,GERANT,"Santé, Pharmacie & Recherche Scientifique",BRAZZAVILLE,CDI,Emploi Durable,TRIOS SARL,,1.0,2025-06-23 00:00:00,,,,brazzaville,"GERANT Santé, Pharmacie & Recherche Scientifique"
JOB250001503,Caissier secondaire,"Commerce, Vente, Marketing & Distribution",BRAZZAVILLE,CDI,Emploi Durable,TRIOS SARL,,1.0,2025-06-23 00:00:00,,,,brazzaville,"Caissier secondaire Commerce, Vente, Marketing & Distribution"
JOB250001505,Technicien Qualifié de Laboratoire,"Santé, Pharmacie & Recherche Scientifique",BRAZZAVILLE,CDI,Emploi Durable,TRIOS SARL,,1.0,2025-06-23 00:00:00,,,,brazzaville,"Technicien Qualifié de Laboratoire Santé, Pharmacie & Recherche Scientifique"
JOB250001506,Technicien Qualifié de Laboratoire,"Santé, Pharmacie & Recherche Scientifique",BRAZZAVILLE,CDI,Emploi Durable,TRIOS SARL,,1.0,2025-06-23 00:00:00,,,,brazzaville,"Technicien Qualifié de Laboratoire Santé, Pharmacie & Recherche Scientifique"
JOB250001507,Caissier secondaire,"Santé, Pharmacie & Recherche Scientifique",BRAZZAVILLE,CDI,Emploi Durable,TRIOS SARL,,1.0,2025-06-23 00:00:00,,,,brazzaville,"Caissier secondaire Santé, Pharmacie & Recherche Scientifique"
JOB250001508,Technicien Auxiliaire de Laboratoire,"Santé, Pharmacie & Recherche Scientifique",BRAZZAVILLE,CDI,Emploi Durable,TRIOS SARL,,1.0,2025-06-23 00:00:00,,,,brazzaville,"Technicien Auxiliaire de Laboratoire Santé, Pharmacie & Recherche Scientifique"
JOB250001509,Assistant de Direction,"Santé, Pharmacie & Recherche Scientifique",BRAZZAVILLE,CDI,Emploi Durable,TRIOS SARL,,1.0,2025-06-23 00:00:00,,,,brazzaville,"Assistant de Direction Santé, Pharmacie & Recherche Scientifique"
JOB250002551,Ménagère,Nettoyage & Blanchisserie,POINTE-NOIRE,CDD,Emploi Temporaire,TTC ENGINEERING CONSULTANT SERVICES,,1.0,2025-10-31 00:00:00,,,,pointe-noire,Ménagère Nettoyage & Blanchisserie
JOB250002552,RESPONSABLE FINANCIER,"Finance, Banque, Assurance, Comptabilité & Fiscalité",POINTE-NOIRE,CDD,Emploi Temporaire,TTC ENGINEERING CONSULTANT SERVICES,,1.0,2025-10-31 00:00:00,,,,pointe-noire,"RESPONSABLE FINANCIER Finance, Banque, Assurance, Comptabilité & Fiscalité"
JOB250001547,CHARGE DE LA COMPENSATION INTERBANCAIRE,"Finance, Banque, Assurance, Comptabilité & Fiscalité",BRAZZAVILLE,CDD,Emploi Temporaire,UBA CONGO,,1.0,2025-06-30 00:00:00,,,,brazzaville,"CHARGE DE LA COMPENSATION INTERBANCAIRE Finance, Banque, Assurance, Comptabilité & Fiscalité"
JOB250001548,CHARGE DES RISQUES OPERATIONNELS,"Finance, Banque, Assurance, Comptabilité & Fiscalité",BRAZZAVILLE,CDD,Emploi Temporaire,UBA CONGO,,1.0,2025-06-30 00:00:00,,,,brazzaville,"CHARGE DES RISQUES OPERATIONNELS Finance, Banque, Assurance, Comptabilité & Fiscalité"
JOB250001562,RESPONSABLE SECURITE PHYSIQUE,"Finance, Banque, Assurance, Comptabilité & Fiscalité",BRAZZAVILLE,CDD,Emploi Temporaire,UBA CONGO,,1.0,2025-07-01 00:00:00,,,,brazzaville,"RESPONSABLE SECURITE PHYSIQUE Finance, Banque, Assurance, Comptabilité & Fiscalité"
JOB250001929,contrôleur interne,"Finance, Banque, Assurance, Comptabilité & Fiscalité",BRAZZAVILLE,CDD,Emploi Temporaire,UBA CONGO,,1.0,2025-08-12 00:00:00,,,,brazzaville,"contrôleur interne Finance, Banque, Assurance, Comptabilité & Fiscalité"
JOB250001938,GESTIONNAIRE DE COMPTES GRANDES ENTREPRISES,"Finance, Banque, Assurance, Comptabilité & Fiscalité",BRAZZAVILLE,CDD,Emploi Temporaire,UBA CONGO,,1.0,2025-08-13 00:00:00,,,,brazzaville,"GESTIONNAIRE DE COMPTES GRANDES ENTREPRISES Finance, Banque, Assurance, Comptabilité & Fiscalité"
JOB250001941,ANALYSTE CREDIT SENIOR,"Finance, Banque, Assurance, Comptabilité & Fiscalité",BRAZZAVILLE,CDD,Emploi Temporaire,UBA CONGO,,1.0,2025-08-13 00:00:00,,,,brazzaville,"ANALYSTE CREDIT SENIOR Finance, Banque, Assurance, Comptabilité & Fiscalité"
JOB250002331,CHARGE DES OPERATIONS INTERNATIONALES,"Finance, Banque, Assurance, Comptabilité & Fiscalité",BRAZZAVILLE,CDD,Emploi Temporaire,UBA CONGO,,1.0,2025-10-01 00:00:00,,,,brazzaville,"CHARGE DES OPERATIONS INTERNATIONALES Finance, Banque, Assurance, Comptabilité & Fiscalité"
JOB250002335,ASSISTANT CHARG DU REPORTING REGLEMENTAIRE,"Finance, Banque, Assurance, Comptabilité & Fiscalité",BRAZZAVILLE,CDD,Emploi Temporaire,UBA CONGO,,1.0,2025-10-02 00:00:00,,,,brazzaville,"ASSISTANT CHARG DU REPORTING REGLEMENTAIRE Finance, Banque, Assurance, Comptabilité & Fiscalité"
JOB250002336,CHARGE DE LA TRESORERIE,"Finance, Banque, Assurance, Comptabilité & Fiscalité",BRAZZAVILLE,CDI,Emploi Durable,UBA CONGO,,1.0,2025-10-02 00:00:00,,,,brazzaville,"CHARGE DE LA TRESORERIE Finance, Banque, Assurance, Comptabilité & Fiscalité"
JOB250002339,CHARGE DE LA GESTION DU BILAN,"Finance, Banque, Assurance, Comptabilité & Fiscalité",BRAZZAVILLE,CDI,Emploi Durable,UBA CONGO,,1.0,2025-10-02 00:00:00,,,,brazzaville,"CHARGE DE LA GESTION DU BILAN Finance, Banque, Assurance, Comptabilité & Fiscalité"
JOB250002340,CHARGE DE LA GESTION DU BILAN,"Finance, Banque, Assurance, Comptabilité & Fiscalité",BRAZZAVILLE,CDI,Emploi Durable,UBA CONGO,,1.0,2025-10-02 00:00:00,,,,brazzaville,"CHARGE DE LA GESTION DU BILAN Finance, Banque, Assurance, Comptabilité & Fiscalité"
JOB250002341,CHARGE DE LA GESTION DU BILAN,"Finance, Banque, Assurance, Comptabilité & Fiscalité",BRAZZAVILLE,CDI,Emploi Durable,UBA CONGO,,1.0,2025-10-02 00:00:00,,,,brazzaville,"CHARGE DE LA GESTION DU BILAN Finance, Banque, Assurance, Comptabilité & Fiscalité"
JOB250002342,CHARGE DE LA GESTION DU BILAN,"Finance, Banque, Assurance, Comptabilité & Fiscalité",BRAZZAVILLE,CDI,Emploi Durable,UBA CONGO,,1.0,2025-10-02 00:00:00,,,,brazzaville,"CHARGE DE LA GESTION DU BILAN Finance, Banque, Assurance, Comptabilité & Fiscalité"
JOB250001193,preparateur des travaux pratiques de physique,"Éducation, Formation & Enseignement",POINTE-NOIRE,CDD,Emploi Temporaire,UCAC-ICAM,,1.0,2025-05-21 00:00:00,,,,pointe-noire,"preparateur des travaux pratiques de physique Éducation, Formation & Enseignement"
JOB250002253,Directeur des Opérations,"Industrie, Production & Maintenance",POINTE-NOIRE,CDI,Emploi Durable,ULSAN MINIG CONGO,,1.0,2025-09-17 00:00:00,,,,pointe-noire,"Directeur des Opérations Industrie, Production & Maintenance"
JOB250002254,Directeur de Projet,"Conseil, Stratégie & Gestion des Ressources Humaines",POINTE-NOIRE,CDI,Emploi Durable,ULSAN MINIG CONGO,,1.0,2025-09-17 00:00:00,,,,pointe-noire,"Directeur de Projet Conseil, Stratégie & Gestion des Ressources Humaines"
JOB250002255,DirecteurPays,"Industrie, Production & Maintenance",POINTE-NOIRE,CDI,Emploi Durable,ULSAN MINIG CONGO,,1.0,2025-09-17 00:00:00,,,,pointe-noire,"DirecteurPays Industrie, Production & Maintenance"
JOB250002261,INTERPRETE,"Industrie, Production & Maintenance",POINTE-NOIRE,CDI,Emploi Durable,ULSAN MINIG CONGO,,1.0,2025-09-18 00:00:00,,,,pointe-noire,"INTERPRETE Industrie, Production & Maintenance"
JOB250002265,Directeur Administratif et Financier,"Industrie, Production & Maintenance",POINTE-NOIRE,CDI,Emploi Durable,ULSAN MINIG CONGO,,1.0,2025-09-19 00:00:00,,,,pointe-noire,"Directeur Administratif et Financier Industrie, Production & Maintenance"
JOB250002190,COMMERCIAL,"Commerce, Vente, Marketing & Distribution",POINTE-NOIRE,CDD,Emploi Temporaire,UNI SAVON INDUSTRIES,,1.0,2025-09-09 00:00:00,,,,pointe-noire,"COMMERCIAL Commerce, Vente, Marketing & Distribution"
JOB250002544,Techniciens de Surface,Nettoyage & Blanchisserie,POINTE-NOIRE,CDD,Emploi Temporaire,UNI SAVON INDUSTRIES,,1.0,2025-10-29 00:00:00,,,,pointe-noire,Techniciens de Surface Nettoyage & Blanchisserie
JOB250000820,Assistant de Direction,"Conseil, Stratégie & Gestion des Ressources Humaines",BRAZZAVILLE,CDI,Emploi Durable,UNICONGO,,1.0,2025-02-11 00:00:00,,,,brazzaville,"Assistant de Direction Conseil, Stratégie & Gestion des Ressources Humaines"
NONREF000073,Chauffeurs poids lègers,"Commerce, Vente, Marketing & Distribution",POINTE-NOIRE,CDD,Emploi Temporaire,UNISAVON,,1.0,2025-01-13 00:00:00,,,,pointe-noire,"Chauffeurs poids lègers Commerce, Vente, Marketing & Distribution"
NONREF000170,Manoeuvres,"Commerce, Vente, Marketing & Distribution",POINTE-NOIRE,CDD,Emploi Temporaire,UNISAVON,,6.0,2025-01-27 00:00:00,,,,pointe-noire,"Manoeuvres Commerce, Vente, Marketing & Distribution"
JOB250002064,Agent commercial,"Santé, Pharmacie & Recherche Scientifique",BRAZZAVILLE,CDD,Emploi Temporaire,UNIVERS OPTIQUE CONGO,,1.0,2025-08-29 00:00:00,,,,brazzaville,"Agent commercial Santé, Pharmacie & Recherche Scientifique"
NONREF000173,Mécanicien,"Commerce, Vente, Marketing & Distribution",POINTE-NOIRE,CDD,Emploi Temporaire,UNO MOTORS,,1.0,2025-01-09 00:00:00,,,,pointe-noire,"Mécanicien Commerce, Vente, Marketing & Distribution"
JOB250000944,chauffeur véhicule léger,"Commerce, Vente, Marketing & Distribution",POINTE-NOIRE,CDD,Emploi Temporaire,UNO MOTORS,,1.0,2025-04-18 00:00:00,,,,pointe-noire,"chauffeur véhicule léger Commerce, Vente, Marketing & Distribution"
JOB250001493,RESPONSABLEMAINTENANCE,"Commerce, Vente, Marketing & Distribution",POINTE-NOIRE,CDD,Emploi Temporaire,UNO MOTORS,,1.0,2025-06-23 00:00:00,,,,pointe-noire,"RESPONSABLEMAINTENANCE Commerce, Vente, Marketing & Distribution"
JOB250001528,CHAUFFEUR VEHICULE LEGER,"Commerce, Vente, Marketing & Distribution",POINTE-NOIRE,CDD,Emploi Temporaire,UNO MOTORS,,1.0,2025-06-26 00:00:00,,,,pointe-noire,"CHAUFFEUR VEHICULE LEGER Commerce, Vente, Marketing & Distribution"
JOB250001812,MECANICIEN,"Commerce, Vente, Marketing & Distribution",POINTE-NOIRE,CDD,Emploi Temporaire,UNO MOTORS,,2.0,2025-07-30 00:00:00,,,,pointe-noire,"MECANICIEN Commerce, Vente, Marketing & Distribution"
JOB250002023,MECANICIEN,"Commerce, Vente, Marketing & Distribution",POINTE-NOIRE,CDD,Emploi Temporaire,UNO MOTORS,,3.0,2025-08-21 00:00:00,,,,pointe-noire,"MECANICIEN Commerce, Vente, Marketing & Distribution"
JOB250002184,Electricien,"Énergie, Environnement & Eau",POINTE-NOIRE,CDD,Emploi Temporaire,UNO MOTORS,,1.0,2025-09-09 00:00:00,,,,pointe-noire,"Electricien Énergie, Environnement & Eau"
JOB250002543,Manœuvre,Divers,POINTE-NOIRE,CDD,Emploi Temporaire,UNO MOTORS,,1.0,2025-10-29 00:00:00,,,,pointe-noire,Manœuvre Divers
JOB250002636,MECANICIEN,"Industrie, Production & Maintenance",POINTE-NOIRE,CDD,Emploi Temporaire,UNO MOTORS,,1.0,2025-11-11 00:00:00,,,,pointe-noire,"MECANICIEN Industrie, Production & Maintenance"
JOB250001015,Ingénieur en Services Techniques sur le Terrain (Technical Field Services Engineer),"Pétrole, Gaz & Hydrocarbures",POINTE-NOIRE,CDD,Emploi Temporaire,VERSALIS CONGO SARLU,,1.0,2025-04-30 00:00:00,,,,pointe-noire,"Ingénieur en Services Techniques sur le Terrain (Technical Field Services Engineer) Pétrole, Gaz & Hydrocarbures"
JOB250001017,Technical Field Services Engineer,"Commerce, Vente, Marketing & Distribution",POINTE-NOIRE,CDD,Emploi Temporaire,VERSALIS CONGO SARLU,,1.0,2025-04-30 00:00:00,,,,pointe-noire,"Technical Field Services Engineer Commerce, Vente, Marketing & Distribution"
JOB250000844,SERVEUR,Hôtellerie - Restauration,POINTE-NOIRE,CDD,Emploi Temporaire,VILLA MADIBA,,1.0,2025-03-12 00:00:00,,,,pointe-noire,SERVEUR Hôtellerie - Restauration
NONREF000132,Femme de chambre,"Tourisme, Loisirs & Voyages",POINTE-NOIRE,CDD,Emploi Temporaire,VILLA MADIBA,,1.0,2025-01-22 00:00:00,,,,pointe-noire,"Femme de chambre Tourisme, Loisirs & Voyages"
JOB250000961,FEMME DE CHAMBRE,Hôtellerie - Restauration,POINTE-NOIRE,CDD,Emploi Temporaire,VILLA MADIBA,,1.0,2025-04-23 00:00:00,,,,pointe-noire,FEMME DE CHAMBRE Hôtellerie - Restauration
JOB250000962,Chef de rang,Hôtellerie - Restauration,POINTE-NOIRE,CDD,Emploi Temporaire,VILLA MADIBA,,1.0,2025-04-23 00:00:00,,,,pointe-noire,Chef de rang Hôtellerie - Restauration
JOB250001630,Gouvernant Général,Hôtellerie - Restauration,POINTE-NOIRE,CDD,Emploi Temporaire,VILLA MADIBA,,1.0,2025-07-07 00:00:00,,,,pointe-noire,Gouvernant Général Hôtellerie - Restauration
JOB250001666,Réceptionniste,Hôtellerie - Restauration,POINTE-NOIRE,CDD,Emploi Temporaire,VILLA MADIBA,,1.0,2025-07-11 00:00:00,,,,pointe-noire,Réceptionniste Hôtellerie - Restauration
JOB250001914,Gouvernant Général,Hôtellerie - Restauration,POINTE-NOIRE,CDD,Emploi Temporaire,VILLA MADIBA,,1.0,2025-08-11 00:00:00,,,,pointe-noire,Gouvernant Général Hôtellerie - Restauration
JOB250002242,Chef de Rang,Hôtellerie - Restauration,POINTE-NOIRE,CDD,Emploi Temporaire,VILLA MADIBA,,1.0,2025-09-15 00:00:00,,,,pointe-noire,Chef de Rang Hôtellerie - Restauration
JOB250002523,COMMIS PATISSIER,Hôtellerie - Restauration,POINTE-NOIRE,CDD,Emploi Temporaire,VILLA MADIBA,,1.0,2025-10-27 00:00:00,,,,pointe-noire,COMMIS PATISSIER Hôtellerie - Restauration
JOB250002524,Gouvernant Général,Hôtellerie - Restauration,POINTE-NOIRE,CDD,Emploi Temporaire,VILLA MADIBA,,1.0,2025-10-27 00:00:00,,,,pointe-noire,Gouvernant Général Hôtellerie - Restauration
JOB250002556,Cuisinier,Hôtellerie - Restauration,BRAZZAVILLE,CDD,Emploi Temporaire,VITAL PALACE,,1.0,2025-11-03 00:00:00,,,,brazzaville,Cuisinier Hôtellerie - Restauration
JOB250002558,Réceptionniste,Hôtellerie - Restauration,BRAZZAVILLE,CDD,Emploi Temporaire,VITAL PALACE,,1.0,2025-11-03 00:00:00,,,,brazzaville,Réceptionniste Hôtellerie - Restauration
JOB250002560,BUANDIER,Hôtellerie - Restauration,BRAZZAVILLE,CDD,Emploi Temporaire,VITAL PALACE,,1.0,2025-11-03 00:00:00,,,,brazzaville,BUANDIER Hôtellerie - Restauration
JOB250002763,AssistantAdministratif et RH,"Conseil, Stratégie & Gestion des Ressources Humaines",POINTE-NOIRE,CDI,Emploi Durable,WAMY EXPRESS,,1.0,2025-12-04 00:00:00,,,,pointe-noire,"AssistantAdministratif et RH Conseil, Stratégie & Gestion des Ressources Humaines"
JOB250002764,Chargé Clientèle,"Commerce, Vente, Marketing & Distribution",POINTE-NOIRE,CDI,Emploi Durable,WAMY EXPRESS,,1.0,2025-12-04 00:00:00,,,,pointe-noire,"Chargé Clientèle Commerce, Vente, Marketing & Distribution"
JOB250002765,Assistant Logistique,"Transport, Logistique & Supply Chain",POINTE-NOIRE,CDI,Emploi Durable,WAMY EXPRESS,,1.0,2025-12-04 00:00:00,,,,pointe-noire,"Assistant Logistique Transport, Logistique & Supply Chain"
JOB250002766,Responsable Marketing et Commercial,"Commerce, Vente, Marketing & Distribution",POINTE-NOIRE,CDI,Emploi Durable,WAMY EXPRESS,,1.0,2025-12-04 00:00:00,,,,pointe-noire,"Responsable Marketing et Commercial Commerce, Vente, Marketing & Distribution"
JOB250002767,CAISSIER,"Finance, Banque, Assurance, Comptabilité & Fiscalité",POINTE-NOIRE,CDD,Emploi Temporaire,WAMY EXPRESS,,1.0,2025-12-04 00:00:00,,,,pointe-noire,"CAISSIER Finance, Banque, Assurance, Comptabilité & Fiscalité"
JOB250001806,CHEF D'ATELIER,Exploitation Forestière & Bois,BRAZZAVILLE,CDD,Emploi Temporaire,WENGE CRP BOIS,,1.0,2025-07-29 00:00:00,,,,brazzaville,CHEF D'ATELIER Exploitation Forestière & Bois
JOB250001807,MACHINISTE,Exploitation Forestière & Bois,BRAZZAVILLE,CDD,Emploi Temporaire,WENGE CRP BOIS,,1.0,2025-07-29 00:00:00,,,,brazzaville,MACHINISTE Exploitation Forestière & Bois
JOB250001808,VIGILES,Exploitation Forestière & Bois,BRAZZAVILLE,CDD,Emploi Temporaire,WENGE CRP BOIS,,1.0,2025-07-29 00:00:00,,,,brazzaville,VIGILES Exploitation Forestière & Bois
JOB250000978,ASSISTANT ADMINISTRATIF,"Conseil, Stratégie & Gestion des Ressources Humaines",POINTE-NOIRE,CDI,Emploi Durable,WEY YE SERVICES &TRAVAUX PETROLIERS,,1.0,2025-04-24 00:00:00,,,,pointe-noire,"ASSISTANT ADMINISTRATIF Conseil, Stratégie & Gestion des Ressources Humaines"
NONREF000058,Chargé de clientèle,"Finance, Banque, Assurance, Comptabilité & Fiscalité",POINTE-NOIRE,CDD,Emploi Temporaire,WILLIS TOWERS W CGO,,1.0,2025-02-11 00:00:00,,,,pointe-noire,"Chargé de clientèle Finance, Banque, Assurance, Comptabilité & Fiscalité"
JOB250001932,Comptable Trésorerie,"Finance, Banque, Assurance, Comptabilité & Fiscalité",POINTE-NOIRE,CDD,Emploi Temporaire,WILLIS TOWERS WATSON CONGO,,1.0,2025-08-12 00:00:00,,,,pointe-noire,"Comptable Trésorerie Finance, Banque, Assurance, Comptabilité & Fiscalité"
JOB250001575,Agent commercial,"Pétrole, Gaz & Hydrocarbures",POINTE-NOIRE,CDD,Emploi Temporaire,WING WAH E&P SAU,,1.0,2025-07-02 00:00:00,,,,pointe-noire,"Agent commercial Pétrole, Gaz & Hydrocarbures"
JOB250002248,Secrétaires Administratifs,"Conseil, Stratégie & Gestion des Ressources Humaines",POINTE-NOIRE,CDD,Emploi Temporaire,WING WAH E&P SAU,,2.0,2025-09-16 00:00:00,,,,pointe-noire,"Secrétaires Administratifs Conseil, Stratégie & Gestion des Ressources Humaines"
JOB250002666,Technicien Support IT & Réseau,"Pétrole, Gaz & Hydrocarbures",POINTE-NOIRE,CDD,Emploi Temporaire,WING WAH E&P SAU,,1.0,2025-11-18 00:00:00,,,,pointe-noire,"Technicien Support IT & Réseau Pétrole, Gaz & Hydrocarbures"
JOB250002797,Chargé de Soutien Opérationnel et de Coordination,"Pétrole, Gaz & Hydrocarbures",POINTE-NOIRE,CDD,Emploi Temporaire,WING WAH E&P SAU,,1.0,2025-12-10 00:00:00,,,,pointe-noire,"Chargé de Soutien Opérationnel et de Coordination Pétrole, Gaz & Hydrocarbures"
NONREF000047,Assistante RH,"Conseil, Stratégie & Gestion des Ressources Humaines",POINTE-NOIRE,CDD,Emploi Temporaire,WING WAH EXPL P P,,1.0,2025-02-24 00:00:00,,,,pointe-noire,"Assistante RH Conseil, Stratégie & Gestion des Ressources Humaines"
NONREF000245,Technicienne QHSE,"Assurance Qualité, Contrôle, Testing (QHSE)",POINTE-NOIRE,CDD,Emploi Temporaire,WING WAH EXPL P P,,1.0,2025-02-24 00:00:00,,,,pointe-noire,"Technicienne QHSE Assurance Qualité, Contrôle, Testing (QHSE)"
JOB250001227,"Responsable des Ressources Humaines (RH), Affaires Générales (Admine),Responsable de la Coordination des Projets","Conseil, Stratégie & Gestion des Ressources Humaines",GAMBOMA,CDD,Emploi Temporaire,WISON NEW ENERGIES CONGO,,1.0,2025-05-23 00:00:00,,,,gamboma,"Responsable des Ressources Humaines (RH), Affaires Générales (Admine),Responsable de la Coordination des Projets Conseil, Stratégie & Gestion des Ressources Humaines"
JOB250001324,Coordinateur PTW HSE CSU (CSU HSE PTW Coordinator),"Assurance Qualité, Contrôle, Testing (QHSE)",POINTE-NOIRE,CDD,Emploi Temporaire,WISON NEW ENERGIES CONGO,,1.0,2025-06-04 00:00:00,,,,pointe-noire,"Coordinateur PTW HSE CSU (CSU HSE PTW Coordinator) Assurance Qualité, Contrôle, Testing (QHSE)"
JOB250001325,Superintendant HSE CSU (CSU HSE Superintendent),"Assurance Qualité, Contrôle, Testing (QHSE)",POINTE-NOIRE,CDD,Emploi Temporaire,WISON NEW ENERGIES CONGO,,1.0,2025-06-04 00:00:00,,,,pointe-noire,"Superintendant HSE CSU (CSU HSE Superintendent) Assurance Qualité, Contrôle, Testing (QHSE)"
JOB250001338,Superviseur HSE CSU,"Assurance Qualité, Contrôle, Testing (QHSE)",POINTE-NOIRE,CDD,Emploi Temporaire,WISON NEW ENERGIES CONGO,,1.0,2025-06-06 00:00:00,,,,pointe-noire,"Superviseur HSE CSU Assurance Qualité, Contrôle, Testing (QHSE)"
JOB250001339,Superviseur Logistique,"Transport, Logistique & Supply Chain",POINTE-NOIRE,CDD,Emploi Temporaire,WISON NEW ENERGIES CONGO,,1.0,2025-06-06 00:00:00,,,,pointe-noire,"Superviseur Logistique Transport, Logistique & Supply Chain"
JOB250001340,MAGASINIER,"Transport, Logistique & Supply Chain",POINTE-NOIRE,CDD,Emploi Temporaire,WISON NEW ENERGIES CONGO,,1.0,2025-06-06 00:00:00,,,,pointe-noire,"MAGASINIER Transport, Logistique & Supply Chain"
JOB250001341,Superviseur d’Entrepôt,"Transport, Logistique & Supply Chain",POINTE-NOIRE,CDD,Emploi Temporaire,WISON NEW ENERGIES CONGO,,1.0,2025-06-06 00:00:00,,,,pointe-noire,"Superviseur d’Entrepôt Transport, Logistique & Supply Chain"
JOB250001342,Responsable Contrôle de Projet (Project Control Manager),"Pétrole, Gaz & Hydrocarbures",POINTE-NOIRE,CDD,Emploi Temporaire,WISON NEW ENERGIES CONGO,,1.0,2025-06-07 00:00:00,,,,pointe-noire,"Responsable Contrôle de Projet (Project Control Manager) Pétrole, Gaz & Hydrocarbures"
JOB250001343,Directeur de Projet,"Conseil, Stratégie & Gestion des Ressources Humaines",POINTE-NOIRE,CDD,Emploi Temporaire,WISON NEW ENERGIES CONGO,,1.0,2025-06-09 00:00:00,,,,pointe-noire,"Directeur de Projet Conseil, Stratégie & Gestion des Ressources Humaines"
JOB250001344,CHEF DE PROJET,"Conseil, Stratégie & Gestion des Ressources Humaines",POINTE-NOIRE,CDD,Emploi Temporaire,WISON NEW ENERGIES CONGO,,1.0,2025-06-09 00:00:00,,,,pointe-noire,"CHEF DE PROJET Conseil, Stratégie & Gestion des Ressources Humaines"
JOB250001345,Superviseur Qualité Électrique et Instrumentation (E&I) (E&I Quality Supervisor),"Pétrole, Gaz & Hydrocarbures",POINTE-NOIRE,CDD,Emploi Temporaire,WISON NEW ENERGIES CONGO,,1.0,2025-06-10 00:00:00,,,,pointe-noire,"Superviseur Qualité Électrique et Instrumentation (E&I) (E&I Quality Supervisor) Pétrole, Gaz & Hydrocarbures"
JOB250001346,Superviseur Qualité Équipements (Equipment Quality Supervisor),"Pétrole, Gaz & Hydrocarbures",POINTE-NOIRE,CDD,Emploi Temporaire,WISON NEW ENERGIES CONGO,,1.0,2025-06-10 00:00:00,,,,pointe-noire,"Superviseur Qualité Équipements (Equipment Quality Supervisor) Pétrole, Gaz & Hydrocarbures"
JOB250001347,Superviseur Qualité Tuyauterie (Piping Quality Supervisor),"Pétrole, Gaz & Hydrocarbures",POINTE-NOIRE,CDD,Emploi Temporaire,WISON NEW ENERGIES CONGO,,1.0,2025-06-10 00:00:00,,,,pointe-noire,"Superviseur Qualité Tuyauterie (Piping Quality Supervisor) Pétrole, Gaz & Hydrocarbures"
JOB250001348,Responsable Qualité Projet,"Énergie, Environnement & Eau",POINTE-NOIRE,CDD,Emploi Temporaire,WISON NEW ENERGIES CONGO,,1.0,2025-06-10 00:00:00,,,,pointe-noire,"Responsable Qualité Projet Énergie, Environnement & Eau"
JOB250001349,Responsable Qualité Projet,"Pétrole, Gaz & Hydrocarbures",POINTE-NOIRE,CDD,Emploi Temporaire,WISON NEW ENERGIES CONGO,,1.0,2025-06-10 00:00:00,,,,pointe-noire,"Responsable Qualité Projet Pétrole, Gaz & Hydrocarbures"
JOB250001350,Contrôleur de Documents Qualité (Quality Document Controller),"Pétrole, Gaz & Hydrocarbures",POINTE-NOIRE,CDD,Emploi Temporaire,WISON NEW ENERGIES CONGO,,1.0,2025-06-10 00:00:00,,,,pointe-noire,"Contrôleur de Documents Qualité (Quality Document Controller) Pétrole, Gaz & Hydrocarbures"
JOB250001351,Superviseur Automation,"Pétrole, Gaz & Hydrocarbures",POINTE-NOIRE,CDD,Emploi Temporaire,WISON NEW ENERGIES CONGO,,1.0,2025-06-10 00:00:00,,,,pointe-noire,"Superviseur Automation Pétrole, Gaz & Hydrocarbures"
JOB250001353,Technicien en Automation (Automation Technician),"Pétrole, Gaz & Hydrocarbures",POINTE-NOIRE,CDD,Emploi Temporaire,WISON NEW ENERGIES CONGO,,1.0,2025-06-10 00:00:00,,,,pointe-noire,"Technicien en Automation (Automation Technician) Pétrole, Gaz & Hydrocarbures"
JOB250001354,Officier de Ballast cargo (Cargo Ballast Officer),"Pétrole, Gaz & Hydrocarbures",POINTE-NOIRE,CDD,Emploi Temporaire,WISON NEW ENERGIES CONGO,,1.0,2025-06-10 00:00:00,,,,pointe-noire,"Officier de Ballast cargo (Cargo Ballast Officer) Pétrole, Gaz & Hydrocarbures"
JOB250001355,Opérateur de Pont Ballast Cargo (Cargo Ballast Deck Operator),"Pétrole, Gaz & Hydrocarbures",POINTE-NOIRE,CDD,Emploi Temporaire,WISON NEW ENERGIES CONGO,,1.0,2025-06-10 00:00:00,,,,pointe-noire,"Opérateur de Pont Ballast Cargo (Cargo Ballast Deck Operator) Pétrole, Gaz & Hydrocarbures"
JOB250001356,Opérateur de la salle de contrôle (CCR) (CCR Operator),"Pétrole, Gaz & Hydrocarbures",POINTE-NOIRE,CDD,Emploi Temporaire,WISON NEW ENERGIES CONGO,,1.0,2025-06-10 00:00:00,,,,pointe-noire,"Opérateur de la salle de contrôle (CCR) (CCR Operator) Pétrole, Gaz & Hydrocarbures"
JOB250001357,Responsable de la surveillance basée sur l’état (Condition Base Monitoring Lead (CBM）,"Pétrole, Gaz & Hydrocarbures",POINTE-NOIRE,CDD,Emploi Temporaire,WISON NEW ENERGIES CONGO,,1.0,2025-06-10 00:00:00,,,,pointe-noire,"Responsable de la surveillance basée sur l’état (Condition Base Monitoring Lead (CBM） Pétrole, Gaz & Hydrocarbures"
JOB250001358,Superviseur de la salle de contrôle (KP),"Pétrole, Gaz & Hydrocarbures",POINTE-NOIRE,CDD,Emploi Temporaire,WISON NEW ENERGIES CONGO,,1.0,2025-06-10 00:00:00,,,,pointe-noire,"Superviseur de la salle de contrôle (KP) Pétrole, Gaz & Hydrocarbures"
JOB250001359,Opérateur de Grue,"Pétrole, Gaz & Hydrocarbures",POINTE-NOIRE,CDD,Emploi Temporaire,WISON NEW ENERGIES CONGO,,1.0,2025-06-10 00:00:00,,,,pointe-noire,"Opérateur de Grue Pétrole, Gaz & Hydrocarbures"
JOB250001360,Chef de Pont,"Pétrole, Gaz & Hydrocarbures",POINTE-NOIRE,CDD,Emploi Temporaire,WISON NEW ENERGIES CONGO,,1.0,2025-06-10 00:00:00,,,,pointe-noire,"Chef de Pont Pétrole, Gaz & Hydrocarbures"
JOB250001361,"Chef de pont, chef de l’équipe de gréeurs","Pétrole, Gaz & Hydrocarbures",POINTE-NOIRE,CDD,Emploi Temporaire,WISON NEW ENERGIES CONGO,,1.0,2025-06-10 00:00:00,,,,pointe-noire,"Chef de pont, chef de l’équipe de gréeurs Pétrole, Gaz & Hydrocarbures"
JOB250001362,Opérateur sur site,"Pétrole, Gaz & Hydrocarbures",POINTE-NOIRE,CDD,Emploi Temporaire,WISON NEW ENERGIES CONGO,,1.0,2025-06-11 00:00:00,,,,pointe-noire,"Opérateur sur site Pétrole, Gaz & Hydrocarbures"
JOB250001363,Electricien,"Pétrole, Gaz & Hydrocarbures",POINTE-NOIRE,CDD,Emploi Temporaire,WISON NEW ENERGIES CONGO,,1.0,2025-06-11 00:00:00,,,,pointe-noire,"Electricien Pétrole, Gaz & Hydrocarbures"
JOB250001364,Superviseur Électrique,"Pétrole, Gaz & Hydrocarbures",POINTE-NOIRE,CDD,Emploi Temporaire,WISON NEW ENERGIES CONGO,,1.0,2025-06-11 00:00:00,,,,pointe-noire,"Superviseur Électrique Pétrole, Gaz & Hydrocarbures"
JOB250001365,Chef Électrique(Responsable Électrique),"Pétrole, Gaz & Hydrocarbures",POINTE-NOIRE,CDD,Emploi Temporaire,WISON NEW ENERGIES CONGO,,1.0,2025-06-11 00:00:00,,,,pointe-noire,"Chef Électrique(Responsable Électrique) Pétrole, Gaz & Hydrocarbures"
JOB250001366,Technicien de laboratoire,"Pétrole, Gaz & Hydrocarbures",POINTE-NOIRE,CDD,Emploi Temporaire,WISON NEW ENERGIES CONGO,,1.0,2025-06-11 00:00:00,,,,pointe-noire,"Technicien de laboratoire Pétrole, Gaz & Hydrocarbures"
JOB250001367,Superviseur de laboratoire,"Pétrole, Gaz & Hydrocarbures",POINTE-NOIRE,CDD,Emploi Temporaire,WISON NEW ENERGIES CONGO,,1.0,2025-06-11 00:00:00,,,,pointe-noire,"Superviseur de laboratoire Pétrole, Gaz & Hydrocarbures"
JOB250001370,Chimiste de laboratoire,"Pétrole, Gaz & Hydrocarbures",POINTE-NOIRE,CDD,Emploi Temporaire,WISON NEW ENERGIES CONGO,,1.0,2025-06-11 00:00:00,,,,pointe-noire,"Chimiste de laboratoire Pétrole, Gaz & Hydrocarbures"
JOB250001371,Technicien Instrumentation,"Pétrole, Gaz & Hydrocarbures",POINTE-NOIRE,CDD,Emploi Temporaire,WISON NEW ENERGIES CONGO,,1.0,2025-06-11 00:00:00,,,,pointe-noire,"Technicien Instrumentation Pétrole, Gaz & Hydrocarbures"
JOB250001372,Superviseur Instrumentation,"Pétrole, Gaz & Hydrocarbures",POINTE-NOIRE,CDD,Emploi Temporaire,WISON NEW ENERGIES CONGO,,1.0,2025-06-11 00:00:00,,,,pointe-noire,"Superviseur Instrumentation Pétrole, Gaz & Hydrocarbures"
JOB250001373,Chef Instrumentation,"Pétrole, Gaz & Hydrocarbures",POINTE-NOIRE,CDD,Emploi Temporaire,WISON NEW ENERGIES CONGO,,1.0,2025-06-11 00:00:00,,,,pointe-noire,"Chef Instrumentation Pétrole, Gaz & Hydrocarbures"
JOB250001377,Superviseur Inspection,"Pétrole, Gaz & Hydrocarbures",POINTE-NOIRE,CDD,Emploi Temporaire,WISON NEW ENERGIES CONGO,,1.0,2025-06-11 00:00:00,,,,pointe-noire,"Superviseur Inspection Pétrole, Gaz & Hydrocarbures"
JOB250001378,Monteur & Soudeur,"Pétrole, Gaz & Hydrocarbures",POINTE-NOIRE,CDD,Emploi Temporaire,WISON NEW ENERGIES CONGO,,1.0,2025-06-11 00:00:00,,,,pointe-noire,"Monteur & Soudeur Pétrole, Gaz & Hydrocarbures"
JOB250001382,Responsable Matériaux,"Pétrole, Gaz & Hydrocarbures",POINTE-NOIRE,CDD,Emploi Temporaire,WISON NEW ENERGIES CONGO,,1.0,2025-06-11 00:00:00,,,,pointe-noire,"Responsable Matériaux Pétrole, Gaz & Hydrocarbures"
JOB250001383,Superviseur Matériel,"Pétrole, Gaz & Hydrocarbures",POINTE-NOIRE,CDD,Emploi Temporaire,WISON NEW ENERGIES CONGO,,1.0,2025-06-11 00:00:00,,,,pointe-noire,"Superviseur Matériel Pétrole, Gaz & Hydrocarbures"
JOB250001384,Superviseur Maritime Logistique (SSO),"Pétrole, Gaz & Hydrocarbures",POINTE-NOIRE,CDD,Emploi Temporaire,WISON NEW ENERGIES CONGO,,1.0,2025-06-11 00:00:00,,,,pointe-noire,"Superviseur Maritime Logistique (SSO) Pétrole, Gaz & Hydrocarbures"
JOB250001385,Superintendant Maintenance,"Pétrole, Gaz & Hydrocarbures",POINTE-NOIRE,CDD,Emploi Temporaire,WISON NEW ENERGIES CONGO,,1.0,2025-06-11 00:00:00,,,,pointe-noire,"Superintendant Maintenance Pétrole, Gaz & Hydrocarbures"
JOB250001386,Planificateur de Maintenance,"Pétrole, Gaz & Hydrocarbures",POINTE-NOIRE,CDD,Emploi Temporaire,WISON NEW ENERGIES CONGO,,1.0,2025-06-11 00:00:00,,,,pointe-noire,"Planificateur de Maintenance Pétrole, Gaz & Hydrocarbures"
JOB250001387,Responsable du Lot de Maintenance,"Pétrole, Gaz & Hydrocarbures",POINTE-NOIRE,CDD,Emploi Temporaire,WISON NEW ENERGIES CONGO,,1.0,2025-06-11 00:00:00,,,,pointe-noire,"Responsable du Lot de Maintenance Pétrole, Gaz & Hydrocarbures"
JOB250001388,Coordinateur Maintenance,"Pétrole, Gaz & Hydrocarbures",POINTE-NOIRE,CDD,Emploi Temporaire,WISON NEW ENERGIES CONGO,,1.0,2025-06-11 00:00:00,,,,pointe-noire,"Coordinateur Maintenance Pétrole, Gaz & Hydrocarbures"
JOB250001389,Capitaine de chargement,"Pétrole, Gaz & Hydrocarbures",POINTE-NOIRE,CDD,Emploi Temporaire,WISON NEW ENERGIES CONGO,,1.0,2025-06-11 00:00:00,,,,pointe-noire,"Capitaine de chargement Pétrole, Gaz & Hydrocarbures"
JOB250001390,Superviseur Rotationnel,"Pétrole, Gaz & Hydrocarbures",POINTE-NOIRE,CDD,Emploi Temporaire,WISON NEW ENERGIES CONGO,,1.0,2025-06-11 00:00:00,,,,pointe-noire,"Superviseur Rotationnel Pétrole, Gaz & Hydrocarbures"
JOB250001391,Superintendant de Production,"Énergie, Environnement & Eau",POINTE-NOIRE,CDD,Emploi Temporaire,WISON NEW ENERGIES CONGO,,1.0,2025-06-11 00:00:00,,,,pointe-noire,"Superintendant de Production Énergie, Environnement & Eau"
JOB250001392,Rotationnel,"Pétrole, Gaz & Hydrocarbures",POINTE-NOIRE,CDD,Emploi Temporaire,WISON NEW ENERGIES CONGO,,1.0,2025-06-11 00:00:00,,,,pointe-noire,"Rotationnel Pétrole, Gaz & Hydrocarbures"
JOB250001393,Coordinateur de Quart de Production (KP),"Pétrole, Gaz & Hydrocarbures",POINTE-NOIRE,CDD,Emploi Temporaire,WISON NEW ENERGIES CONGO,,1.0,2025-06-11 00:00:00,,,,pointe-noire,"Coordinateur de Quart de Production (KP) Pétrole, Gaz & Hydrocarbures"
JOB250001394,Spécialiste des Process,"Pétrole, Gaz & Hydrocarbures",POINTE-NOIRE,CDD,Emploi Temporaire,WISON NEW ENERGIES CONGO,,1.0,2025-06-11 00:00:00,,,,pointe-noire,"Spécialiste des Process Pétrole, Gaz & Hydrocarbures"
JOB250001395,Responsable de l’Installation Offshore (OIM),"Pétrole, Gaz & Hydrocarbures",POINTE-NOIRE,CDD,Emploi Temporaire,WISON NEW ENERGIES CONGO,,1.0,2025-06-11 00:00:00,,,,pointe-noire,"Responsable de l’Installation Offshore (OIM) Pétrole, Gaz & Hydrocarbures"
JOB250001397,Superviseur Mécanique,"Pétrole, Gaz & Hydrocarbures",POINTE-NOIRE,CDD,Emploi Temporaire,WISON NEW ENERGIES CONGO,,1.0,2025-06-11 00:00:00,,,,pointe-noire,"Superviseur Mécanique Pétrole, Gaz & Hydrocarbures"
JOB250001398,Mécanicien,"Pétrole, Gaz & Hydrocarbures",POINTE-NOIRE,CDD,Emploi Temporaire,WISON NEW ENERGIES CONGO,,1.0,2025-06-11 00:00:00,,,,pointe-noire,"Mécanicien Pétrole, Gaz & Hydrocarbures"
JOB250001399,Assistant Administrative et Traduction,"Pétrole, Gaz & Hydrocarbures",POINTE-NOIRE,CDD,Emploi Temporaire,WISON NEW ENERGIES CONGO,,1.0,2025-06-11 00:00:00,,,,pointe-noire,"Assistant Administrative et Traduction Pétrole, Gaz & Hydrocarbures"
JOB250001400,Ingénieur Contrats,"Industrie, Production & Maintenance",POINTE-NOIRE,CDD,Emploi Temporaire,WISON NEW ENERGIES CONGO,,1.0,2025-06-11 00:00:00,,,,pointe-noire,"Ingénieur Contrats Industrie, Production & Maintenance"
JOB250001401,Superviseur de Maçonnerie,"Pétrole, Gaz & Hydrocarbures",POINTE-NOIRE,CDD,Emploi Temporaire,WISON NEW ENERGIES CONGO,,1.0,2025-06-12 00:00:00,,,,pointe-noire,"Superviseur de Maçonnerie Pétrole, Gaz & Hydrocarbures"
JOB250001402,Technicien de maçonnerie,"Pétrole, Gaz & Hydrocarbures",POINTE-NOIRE,CDD,Emploi Temporaire,WISON NEW ENERGIES CONGO,,1.0,2025-06-12 00:00:00,,,,pointe-noire,"Technicien de maçonnerie Pétrole, Gaz & Hydrocarbures"
JOB250001403,Superviseur des Utilités de la Plateforme,"Pétrole, Gaz & Hydrocarbures",POINTE-NOIRE,CDD,Emploi Temporaire,WISON NEW ENERGIES CONGO,,1.0,2025-06-12 00:00:00,,,,pointe-noire,"Superviseur des Utilités de la Plateforme Pétrole, Gaz & Hydrocarbures"
JOB250001404,Ingénieur Permis de Travail,"Pétrole, Gaz & Hydrocarbures",POINTE-NOIRE,CDD,Emploi Temporaire,WISON NEW ENERGIES CONGO,,1.0,2025-06-12 00:00:00,,,,pointe-noire,"Ingénieur Permis de Travail Pétrole, Gaz & Hydrocarbures"
JOB250001461,Chef Instrumentation pour la Mise en Service et le Démarrage (Commissioning and Start Up Instrument Lead),"Communication, Médias & Événementiel",POINTE-NOIRE,CDD,Emploi Temporaire,WISON NEW ENERGIES CONGO,,1.0,2025-06-21 00:00:00,,,,pointe-noire,"Chef Instrumentation pour la Mise en Service et le Démarrage (Commissioning and Start Up Instrument Lead) Communication, Médias & Événementiel"
JOB250001462,Superviseur de la Mise en Service et du Démarrage,"Pétrole, Gaz & Hydrocarbures",POINTE-NOIRE,CDD,Emploi Temporaire,WISON NEW ENERGIES CONGO,,1.0,2025-06-21 00:00:00,,,,pointe-noire,"Superviseur de la Mise en Service et du Démarrage Pétrole, Gaz & Hydrocarbures"
JOB250001463,Superintendant de la Mise en Service et du Démarrage – Marine,"Pétrole, Gaz & Hydrocarbures",POINTE-NOIRE,CDD,Emploi Temporaire,WISON NEW ENERGIES CONGO,,1.0,2025-06-21 00:00:00,,,,pointe-noire,"Superintendant de la Mise en Service et du Démarrage – Marine Pétrole, Gaz & Hydrocarbures"
JOB250001464,Superviseur de la Mise en Service et du Démarrage,"Pétrole, Gaz & Hydrocarbures",POINTE-NOIRE,CDD,Emploi Temporaire,WISON NEW ENERGIES CONGO,,1.0,2025-06-21 00:00:00,,,,pointe-noire,"Superviseur de la Mise en Service et du Démarrage Pétrole, Gaz & Hydrocarbures"
JOB250001465,Chef d’équipe HVAC de la mise en service (Commissioning HVAC Lead),"Pétrole, Gaz & Hydrocarbures",POINTE-NOIRE,CDD,Emploi Temporaire,WISON NEW ENERGIES CONGO,,1.0,2025-06-21 00:00:00,,,,pointe-noire,"Chef d’équipe HVAC de la mise en service (Commissioning HVAC Lead) Pétrole, Gaz & Hydrocarbures"
JOB250001466,Technicien Instrumentation de la Mise en Service (Commissioning Instrument Technician),"Pétrole, Gaz & Hydrocarbures",POINTE-NOIRE,CDD,Emploi Temporaire,WISON NEW ENERGIES CONGO,,1.0,2025-06-21 00:00:00,,,,pointe-noire,"Technicien Instrumentation de la Mise en Service (Commissioning Instrument Technician) Pétrole, Gaz & Hydrocarbures"
JOB250001467,Ingénieur en Chef de la Mise en Service,"Pétrole, Gaz & Hydrocarbures",POINTE-NOIRE,CDD,Emploi Temporaire,WISON NEW ENERGIES CONGO,,1.0,2025-06-21 00:00:00,,,,pointe-noire,"Ingénieur en Chef de la Mise en Service Pétrole, Gaz & Hydrocarbures"
JOB250001468,Coordinateur des Pièces de Rechange,"Pétrole, Gaz & Hydrocarbures",POINTE-NOIRE,CDD,Emploi Temporaire,WISON NEW ENERGIES CONGO,,1.0,2025-06-21 00:00:00,,,,pointe-noire,"Coordinateur des Pièces de Rechange Pétrole, Gaz & Hydrocarbures"
JOB250001469,Superviseur Instrumentation & Contrôle (I&C CSU Superintendent or Instrument & Control Commissioning superintendent),"Pétrole, Gaz & Hydrocarbures",POINTE-NOIRE,CDD,Emploi Temporaire,WISON NEW ENERGIES CONGO,,1.0,2025-06-21 00:00:00,,,,pointe-noire,"Superviseur Instrumentation & Contrôle (I&C CSU Superintendent or Instrument & Control Commissioning superintendent) Pétrole, Gaz & Hydrocarbures"
JOB250001470,Superintendant HSE,"Assurance Qualité, Contrôle, Testing (QHSE)",POINTE-NOIRE,CDD,Emploi Temporaire,WISON NEW ENERGIES CONGO,,1.0,2025-06-21 00:00:00,,,,pointe-noire,"Superintendant HSE Assurance Qualité, Contrôle, Testing (QHSE)"
JOB250001471,Chef d’équipe Instrumentation CSU,"Pétrole, Gaz & Hydrocarbures",POINTE-NOIRE,CDD,Emploi Temporaire,WISON NEW ENERGIES CONGO,,1.0,2025-06-21 00:00:00,,,,pointe-noire,"Chef d’équipe Instrumentation CSU Pétrole, Gaz & Hydrocarbures"
JOB250001472,Superviseur de la Mise en Service,"Pétrole, Gaz & Hydrocarbures",POINTE-NOIRE,CDD,Emploi Temporaire,WISON NEW ENERGIES CONGO,,1.0,2025-06-21 00:00:00,,,,pointe-noire,"Superviseur de la Mise en Service Pétrole, Gaz & Hydrocarbures"
JOB250001473,Technicien en charge de la Mise en Service Électrique,"Pétrole, Gaz & Hydrocarbures",POINTE-NOIRE,CDD,Emploi Temporaire,WISON NEW ENERGIES CONGO,,1.0,2025-06-21 00:00:00,,,,pointe-noire,"Technicien en charge de la Mise en Service Électrique Pétrole, Gaz & Hydrocarbures"
JOB250001474,Superintendant de la Machinerie Rotative,"Pétrole, Gaz & Hydrocarbures",POINTE-NOIRE,CDD,Emploi Temporaire,WISON NEW ENERGIES CONGO,,1.0,2025-06-21 00:00:00,,,,pointe-noire,"Superintendant de la Machinerie Rotative Pétrole, Gaz & Hydrocarbures"
JOB250001475,Superintendant Processus CSU,"Pétrole, Gaz & Hydrocarbures",POINTE-NOIRE,CDD,Emploi Temporaire,WISON NEW ENERGIES CONGO,,1.0,2025-06-21 00:00:00,,,,pointe-noire,"Superintendant Processus CSU Pétrole, Gaz & Hydrocarbures"
JOB250001476,Ingénieur de mise en service,"Pétrole, Gaz & Hydrocarbures",POINTE-NOIRE,CDD,Emploi Temporaire,WISON NEW ENERGIES CONGO,,1.0,2025-06-21 00:00:00,,,,pointe-noire,"Ingénieur de mise en service Pétrole, Gaz & Hydrocarbures"
JOB250001737,CAISSIER,"Pétrole, Gaz & Hydrocarbures",POINTE-NOIRE,CDD,Emploi Temporaire,WISON NEW ENERGIES CONGO,,1.0,2025-07-23 00:00:00,,,,pointe-noire,"CAISSIER Pétrole, Gaz & Hydrocarbures"
JOB250001789,RESPONSABLE FINANCIER,"Pétrole, Gaz & Hydrocarbures",POINTE-NOIRE,CDD,Emploi Temporaire,WISON NEW ENERGIES CONGO,,1.0,2025-07-25 00:00:00,,,,pointe-noire,"RESPONSABLE FINANCIER Pétrole, Gaz & Hydrocarbures"
JOB250001790,Superviseur Qualité NDT (NDT Quality Supervisor),"Pétrole, Gaz & Hydrocarbures",POINTE-NOIRE,CDD,Emploi Temporaire,WISON NEW ENERGIES CONGO,,1.0,2025-07-25 00:00:00,,,,pointe-noire,"Superviseur Qualité NDT (NDT Quality Supervisor) Pétrole, Gaz & Hydrocarbures"
JOB250001791,Superviseur Qualité Peinture ( Painting Quality Supervisor),"Pétrole, Gaz & Hydrocarbures",POINTE-NOIRE,CDD,Emploi Temporaire,WISON NEW ENERGIES CONGO,,1.0,2025-07-25 00:00:00,,,,pointe-noire,"Superviseur Qualité Peinture ( Painting Quality Supervisor) Pétrole, Gaz & Hydrocarbures"
JOB250001797,Responsable Qualité Projet,"Pétrole, Gaz & Hydrocarbures",POINTE-NOIRE,CDD,Emploi Temporaire,WISON NEW ENERGIES CONGO,,1.0,2025-07-26 00:00:00,,,,pointe-noire,"Responsable Qualité Projet Pétrole, Gaz & Hydrocarbures"
JOB250001798,Directeur Qualité du Projet (Project Quality Director),"Pétrole, Gaz & Hydrocarbures",POINTE-NOIRE,CDD,Emploi Temporaire,WISON NEW ENERGIES CONGO,,1.0,2025-07-26 00:00:00,,,,pointe-noire,"Directeur Qualité du Projet (Project Quality Director) Pétrole, Gaz & Hydrocarbures"
JOB250001934,Superintendant en Mise en Service et Démarrage Électrique (Commissioning and Start Up Electrical Superintendent),"Pétrole, Gaz & Hydrocarbures",POINTE-NOIRE,CDD,Emploi Temporaire,WISON NEW ENERGIES CONGO,,1.0,2025-08-13 00:00:00,,,,pointe-noire,"Superintendant en Mise en Service et Démarrage Électrique (Commissioning and Start Up Electrical Superintendent) Pétrole, Gaz & Hydrocarbures"
JOB250002021,Ingénieur Contrats,"Pétrole, Gaz & Hydrocarbures",POINTE-NOIRE,CDD,Emploi Temporaire,WISON NEW ENERGIES CONGO,,1.0,2025-08-20 00:00:00,,,,pointe-noire,"Ingénieur Contrats Pétrole, Gaz & Hydrocarbures"
JOB250002226,Ingénieur en Finalisation de la Mise en Service et du Démarrage _ Commissioning and Start Up Completion Engineer,"Pétrole, Gaz & Hydrocarbures",POINTE-NOIRE,CDD,Emploi Temporaire,WISON NEW ENERGIES CONGO,,1.0,2025-09-15 00:00:00,,,,pointe-noire,"Ingénieur en Finalisation de la Mise en Service et du Démarrage _ Commissioning and Start Up Completion Engineer Pétrole, Gaz & Hydrocarbures"
JOB250002227,Superviseur de la Finalisation de la Mise en Service et du Démarrage,"Pétrole, Gaz & Hydrocarbures",POINTE-NOIRE,CDD,Emploi Temporaire,WISON NEW ENERGIES CONGO,,1.0,2025-09-15 00:00:00,,,,pointe-noire,"Superviseur de la Finalisation de la Mise en Service et du Démarrage Pétrole, Gaz & Hydrocarbures"
JOB250002417,Responsable des Ressources Humaines et de l’Administration (RH & Admin),"Conseil, Stratégie & Gestion des Ressources Humaines",POINTE-NOIRE,CDD,Emploi Temporaire,WISON NEW ENERGIES CONGO,,1.0,2025-10-12 00:00:00,,,,pointe-noire,"Responsable des Ressources Humaines et de l’Administration (RH & Admin) Conseil, Stratégie & Gestion des Ressources Humaines"
JOB250002418,Superviseur RH & Assistant du Directeur Général (DG),"Conseil, Stratégie & Gestion des Ressources Humaines",POINTE-NOIRE,CDD,Emploi Temporaire,WISON NEW ENERGIES CONGO,,1.0,2025-10-12 00:00:00,,,,pointe-noire,"Superviseur RH & Assistant du Directeur Général (DG) Conseil, Stratégie & Gestion des Ressources Humaines"
JOB250002419,Superviseur Administratif,"Pétrole, Gaz & Hydrocarbures",POINTE-NOIRE,CDD,Emploi Temporaire,WISON NEW ENERGIES CONGO,,1.0,2025-10-12 00:00:00,,,,pointe-noire,"Superviseur Administratif Pétrole, Gaz & Hydrocarbures"
JOB250002420,Superviseur QHSE,"Assurance Qualité, Contrôle, Testing (QHSE)",POINTE-NOIRE,CDD,Emploi Temporaire,WISON NEW ENERGIES CONGO,,1.0,2025-10-12 00:00:00,,,,pointe-noire,"Superviseur QHSE Assurance Qualité, Contrôle, Testing (QHSE)"
JOB250002421,Leader en Approvisionnement & Logistique,"Pétrole, Gaz & Hydrocarbures",POINTE-NOIRE,CDD,Emploi Temporaire,WISON NEW ENERGIES CONGO,,1.0,2025-10-12 00:00:00,,,,pointe-noire,"Leader en Approvisionnement & Logistique Pétrole, Gaz & Hydrocarbures"
JOB250002422,Ingénieur en Approvisionnements,"Pétrole, Gaz & Hydrocarbures",POINTE-NOIRE,CDD,Emploi Temporaire,WISON NEW ENERGIES CONGO,,1.0,2025-10-12 00:00:00,,,,pointe-noire,"Ingénieur en Approvisionnements Pétrole, Gaz & Hydrocarbures"
JOB250002423,Supervisor Automation,"Pétrole, Gaz & Hydrocarbures",POINTE-NOIRE,CDD,Emploi Temporaire,WISON NEW ENERGIES CONGO,,1.0,2025-10-12 00:00:00,,,,pointe-noire,"Supervisor Automation Pétrole, Gaz & Hydrocarbures"
JOB250002628,Technicien en site Offshore,"Pétrole, Gaz & Hydrocarbures",POINTE-NOIRE,CDD,Emploi Temporaire,WISON NEW ENERGIES CONGO,,1.0,2025-11-10 00:00:00,,,,pointe-noire,"Technicien en site Offshore Pétrole, Gaz & Hydrocarbures"
JOB250002629,Responsable Contrôle des Matériaux,"Pétrole, Gaz & Hydrocarbures",POINTE-NOIRE,CDD,Emploi Temporaire,WISON NEW ENERGIES CONGO,,1.0,2025-11-10 00:00:00,,,,pointe-noire,"Responsable Contrôle des Matériaux Pétrole, Gaz & Hydrocarbures"
JOB250001810,Chauffeur logisticien,"Tourisme, Loisirs & Voyages",BRAZZAVILLE,CDD,Emploi Temporaire,WORLD WIDE FUND FOR NATURE ( WWF),,1.0,2025-07-29 00:00:00,,,,brazzaville,"Chauffeur logisticien Tourisme, Loisirs & Voyages"
JOB250001811,CHARGE DES INFRASTRUCTURES,"Assurance Qualité, Contrôle, Testing (QHSE)",BRAZZAVILLE,CDD,Emploi Temporaire,WORLD WIDE FUND FOR NATURE ( WWF),,1.0,2025-07-29 00:00:00,,,,brazzaville,"CHARGE DES INFRASTRUCTURES Assurance Qualité, Contrôle, Testing (QHSE)"
JOB250001814,Assistant de Direction,"Conseil, Stratégie & Gestion des Ressources Humaines",BRAZZAVILLE,CDD,Emploi Temporaire,WORLD WIDE FUND FOR NATURE ( WWF),,1.0,2025-07-30 00:00:00,,,,brazzaville,"Assistant de Direction Conseil, Stratégie & Gestion des Ressources Humaines"
JOB250001816,Stagiaire Finance,"Finance, Banque, Assurance, Comptabilité & Fiscalité",BRAZZAVILLE,Stage professionnel,Stages Classiques,WORLD WIDE FUND FOR NATURE ( WWF),,1.0,2025-07-30 00:00:00,,,,brazzaville,"Stagiaire Finance Finance, Banque, Assurance, Comptabilité & Fiscalité"
JOB250001832,Chargé du conflit Homme et faune,Exploitation Forestière & Bois,NTOKOU,CDD,Emploi Temporaire,WORLD WIDE FUND FOR NATURE ( WWF),,1.0,2025-08-01 00:00:00,,,,ntokou,Chargé du conflit Homme et faune Exploitation Forestière & Bois
JOB250001047,Référents Locaux du Mécanisme de Gestion des Plaintes et Recours,"Conseil, Stratégie & Gestion des Ressources Humaines",BRAZZAVILLE,CDD,Emploi Temporaire,WWF (Fonds Mondial pour la Nature),,1.0,2025-05-06 00:00:00,,,,brazzaville,"Référents Locaux du Mécanisme de Gestion des Plaintes et Recours Conseil, Stratégie & Gestion des Ressources Humaines"
JOB250002165,COMPTABLE,"Finance, Banque, Assurance, Comptabilité & Fiscalité",BRAZZAVILLE,CDI,Emploi Durable,YAO CORP,,1.0,2025-09-08 00:00:00,,,,brazzaville,"COMPTABLE Finance, Banque, Assurance, Comptabilité & Fiscalité"
JOB250002536,Chauffeur,"Transport, Logistique & Supply Chain",BRAZZAVILLE,CDD,Emploi Temporaire,YAO CORP,,1.0,2025-10-28 00:00:00,,,,brazzaville,"Chauffeur Transport, Logistique & Supply Chain"
STG250002612,Stage Ressources Humaines,"Conseil, Stratégie & Gestion des Ressources Humaines",BRAZZAVILLE,Stage professionnel,Stages Classiques,YAO CORP,,1.0,2025-11-07 00:00:00,,,,brazzaville,"Stage Ressources Humaines Conseil, Stratégie & Gestion des Ressources Humaines"
JOB250001805,GERANT,"Commerce, Vente, Marketing & Distribution",POINTE-NOIRE,CDD,Emploi Temporaire,YUN -HAI,,1.0,2025-07-28 00:00:00,,,,pointe-noire,"GERANT Commerce, Vente, Marketing & Distribution"
JOB250002823,Grutier,Divers,POINTE-NOIRE,CDD,Emploi Temporaire,YVES SERVICES,,1.0,2025-12-15 00:00:00,,,,pointe-noire,Grutier Divers
JOB250002824,Conducteur Semi-Remorque,"Pétrole, Gaz & Hydrocarbures",POINTE-NOIRE,CDD,Emploi Temporaire,YVES SERVICES,,1.0,2025-12-15 00:00:00,,,,pointe-noire,"Conducteur Semi-Remorque Pétrole, Gaz & Hydrocarbures"
JOB250002825,Conducteur Niveleuse,"Pétrole, Gaz & Hydrocarbures",POINTE-NOIRE,CDD,Emploi Temporaire,YVES SERVICES,,1.0,2025-12-15 00:00:00,,,,pointe-noire,"Conducteur Niveleuse Pétrole, Gaz & Hydrocarbures"
JOB250002826,Conducteur Excavateur,"Pétrole, Gaz & Hydrocarbures",POINTE-NOIRE,CDD,Emploi Temporaire,YVES SERVICES,,1.0,2025-12-15 00:00:00,,,,pointe-noire,"Conducteur Excavateur Pétrole, Gaz & Hydrocarbures"
JOB260003497,Chargé de maintenance,,,Contrat à durée déterminée,,AFRICA OIL SERVICE CONGO,,,,Effectuer les opérations de maintenance préventive et curative sur les équipements industriels.,Bac+2/3 en maintenance industrielle ou électromécanique; Expérience de 2 à 5 ans,,non déclaré,Chargé de maintenance Effectuer les opérations de maintenance préventive et curative sur les équipements industriels. Bac+2/3 en maintenance industrielle ou électromécanique; Expérience de 2 à 5 ans
JOB260003498,Responsable HSE,,,Contrat à durée déterminée,,AFRICA OIL SERVICE CONGO,,,,"Mettre en œuvre la politique HSE de l'entreprise, assurer la conformité réglementaire et animer la culture sécurité.",Bac+3/5 en HSE ou ingénierie; Expérience de 3 à 7 ans dans l'industrie pétrolière,,non déclaré,"Responsable HSE Mettre en œuvre la politique HSE de l'entreprise, assurer la conformité réglementaire et animer la culture sécurité. Bac+3/5 en HSE ou ingénierie; Expérience de 3 à 7 ans dans l'industrie pétrolière"
JOB260003499,Technicien HSE,,,Contrat à durée déterminée,,AFRICA OIL SERVICE CONGO,,,,Assister le responsable HSE dans l'application des procédures de sécurité et santé au travail.,Bac+2 en HSE ou domaine connexe; Expérience de 1 à 3 ans,,non déclaré,Technicien HSE Assister le responsable HSE dans l'application des procédures de sécurité et santé au travail. Bac+2 en HSE ou domaine connexe; Expérience de 1 à 3 ans
JOB260003500,Superviseur de Chantier,,,Contrat à durée déterminée,,AFRICA OIL SERVICE CONGO,,,,"Superviser les opérations de chantier, coordonner les équipes et veiller au respect des délais et normes qualité.",Bac+3/5 en génie civil ou mécanique; Expérience de 5 ans minimum,,non déclaré,"Superviseur de Chantier Superviser les opérations de chantier, coordonner les équipes et veiller au respect des délais et normes qualité. Bac+3/5 en génie civil ou mécanique; Expérience de 5 ans minimum"
JOB260003501,Technicien Electricien,,,Contrat à durée déterminée,,AFRICA OIL SERVICE CONGO,,,,"Réaliser les installations, la maintenance et le dépannage des équipements électriques.",Bac+2 en électricité industrielle; Expérience de 2 à 4 ans,,non déclaré,"Technicien Electricien Réaliser les installations, la maintenance et le dépannage des équipements électriques. Bac+2 en électricité industrielle; Expérience de 2 à 4 ans"
JOB260003502,Mécanicien,,,Contrat à durée déterminée,,AFRICA OIL SERVICE CONGO,,,,Assurer la maintenance préventive et corrective des équipements mécaniques.,CAP/BEP en mécanique; Expérience de 1 à 3 ans en milieu industriel,,non déclaré,Mécanicien Assurer la maintenance préventive et corrective des équipements mécaniques. CAP/BEP en mécanique; Expérience de 1 à 3 ans en milieu industriel
JOB260003503,Soudeur,,,Contrat à durée déterminée,,AFRICA OIL SERVICE CONGO,,,,Réaliser des travaux de soudure sur structures métalliques et équipements industriels.,CAP/BEP en chaudronnerie ou soudure; Certification de soudage souhaitée,,non déclaré,Soudeur Réaliser des travaux de soudure sur structures métalliques et équipements industriels. CAP/BEP en chaudronnerie ou soudure; Certification de soudage souhaitée
JOB260003504,Agent Administratif,,,Contrat à durée déterminée,,AFRICA OIL SERVICE CONGO,,,,"Assurer le suivi administratif des dossiers, la rédaction de courriers et la gestion documentaire.",Bac+2 en secrétariat ou administration; Maîtrise des outils bureautiques,,non déclaré,"Agent Administratif Assurer le suivi administratif des dossiers, la rédaction de courriers et la gestion documentaire. Bac+2 en secrétariat ou administration; Maîtrise des outils bureautiques"
JOB260003505,Comptable,,,Contrat à durée déterminée,,AFRICA OIL SERVICE CONGO,,,,"Tenir la comptabilité générale, préparer les états financiers et assurer la conformité fiscale.",Bac+3 en comptabilité ou finance; Expérience de 2 à 4 ans,,non déclaré,"Comptable Tenir la comptabilité générale, préparer les états financiers et assurer la conformité fiscale. Bac+3 en comptabilité ou finance; Expérience de 2 à 4 ans"
JOB260003506,Responsable Logistique,,,Contrat à durée déterminée,,AFRICA OIL SERVICE CONGO,,,,"Planifier et coordonner les opérations logistiques, gérer les stocks et optimiser la chaîne d'approvisionnement.",Bac+3/5 en logistique ou supply chain; Expérience de 3 à 5 ans,,non déclaré,"Responsable Logistique Planifier et coordonner les opérations logistiques, gérer les stocks et optimiser la chaîne d'approvisionnement. Bac+3/5 en logistique ou supply chain; Expérience de 3 à 5 ans"
JOB260003507,Chargé des Ressources Humaines,,,Contrat à durée déterminée,,AFRICA OIL SERVICE CONGO,,,,"Gérer le recrutement, la formation, la paie et les relations sociales au sein de l'entreprise.",Bac+3/5 en RH ou droit social; Expérience de 2 à 5 ans,,non déclaré,"Chargé des Ressources Humaines Gérer le recrutement, la formation, la paie et les relations sociales au sein de l'entreprise. Bac+3/5 en RH ou droit social; Expérience de 2 à 5 ans"
JOB260003508,Technicien Instrumentiste,,,Contrat à durée déterminée,,AFRICA OIL SERVICE CONGO,,,,Assurer la maintenance et le calibrage des instruments de mesure et de contrôle.,Bac+2 en instrumentation ou automatisme; Expérience de 2 à 4 ans,,non déclaré,Technicien Instrumentiste Assurer la maintenance et le calibrage des instruments de mesure et de contrôle. Bac+2 en instrumentation ou automatisme; Expérience de 2 à 4 ans
JOB260003509,Chef de Projet,,,Contrat à durée déterminée,,AFRICA OIL SERVICE CONGO,,,,"Planifier, coordonner et suivre l'exécution des projets industriels dans les délais et budgets impartis.",Bac+5 en génie industriel ou management de projet; Expérience de 5 à 10 ans,,non déclaré,"Chef de Projet Planifier, coordonner et suivre l'exécution des projets industriels dans les délais et budgets impartis. Bac+5 en génie industriel ou management de projet; Expérience de 5 à 10 ans"
JOB260003510,Ingénieur Process,,,Contrat à durée déterminée,,AFRICA OIL SERVICE CONGO,,,,"Optimiser les procédés de production, analyser les performances et proposer des améliorations techniques.",Bac+5 en génie chimique ou pétrochimie; Expérience de 5 ans minimum,,non déclaré,"Ingénieur Process Optimiser les procédés de production, analyser les performances et proposer des améliorations techniques. Bac+5 en génie chimique ou pétrochimie; Expérience de 5 ans minimum"
JOB260003511,Technicien Tuyauteur,,,Contrat à durée déterminée,,AFRICA OIL SERVICE CONGO,,,,"Réaliser les travaux de tuyauterie industrielle, assemblage et mise en place de canalisations.",CAP/BEP en tuyauterie industrielle; Expérience de 2 à 4 ans,,non déclaré,"Technicien Tuyauteur Réaliser les travaux de tuyauterie industrielle, assemblage et mise en place de canalisations. CAP/BEP en tuyauterie industrielle; Expérience de 2 à 4 ans"
JOB260003512,Ingénieur Forage,,,Contrat à durée déterminée,,AFRICA OIL SERVICE CONGO,,,,"Planifier et superviser les opérations de forage, assurer la sécurité et optimiser les performances.",Bac+5 en génie pétrolier; Expérience de 5 à 10 ans en forage,,non déclaré,"Ingénieur Forage Planifier et superviser les opérations de forage, assurer la sécurité et optimiser les performances. Bac+5 en génie pétrolier; Expérience de 5 à 10 ans en forage"
JOB260003513,Responsable de Production,,,Contrat à durée indéterminée,,SARIS Congo,,,,"Gérer et optimiser la production sucrière, superviser les équipes et garantir les objectifs de rendement.",Ingénieur en agroalimentaire ou industrie sucrière; Expérience de 5 ans minimum,,non déclaré,"Responsable de Production Gérer et optimiser la production sucrière, superviser les équipes et garantir les objectifs de rendement. Ingénieur en agroalimentaire ou industrie sucrière; Expérience de 5 ans minimum"
JOB260003514,Technicien Frigoriste,,,Contrat à durée déterminée,,MOONLIGHT VISION,,,,"Installer, entretenir et réparer les équipements de réfrigération et de climatisation.",BEP/CAP en froid et climatisation; Expérience de 2 à 3 ans,,non déclaré,"Technicien Frigoriste Installer, entretenir et réparer les équipements de réfrigération et de climatisation. BEP/CAP en froid et climatisation; Expérience de 2 à 3 ans"
JOB260003515,Gérant de station-service,,,Contrat à durée indéterminée,,TOTAL ENERGIES MARKETING CONGO,,,,"Gérer l'exploitation quotidienne d'une station-service, superviser le personnel et assurer la rentabilité.",Bac+3 en gestion commerciale ou équivalent; Expérience de 2 à 5 ans,,non déclaré,"Gérant de station-service Gérer l'exploitation quotidienne d'une station-service, superviser le personnel et assurer la rentabilité. Bac+3 en gestion commerciale ou équivalent; Expérience de 2 à 5 ans"
JOB260003516,Agent Commercial,,,Contrat à durée déterminée,,TOTAL ENERGIES MARKETING CONGO,,,,"Développer le portefeuille clients, prospecter et fidéliser les clients dans le secteur des hydrocarbures.",Bac+3 en commerce ou marketing; Expérience de 1 à 3 ans en vente,,non déclaré,"Agent Commercial Développer le portefeuille clients, prospecter et fidéliser les clients dans le secteur des hydrocarbures. Bac+3 en commerce ou marketing; Expérience de 1 à 3 ans en vente"
JOB260003517,Chef d'équipe opérations,,,Contrat à durée déterminée,,BOLLORÉ TRANSPORT & LOGISTICS CONGO,,,,"Encadrer une équipe de manutentionnaires, planifier les opérations portuaires et assurer la performance.",Bac+2 en logistique ou transport; Expérience de 3 à 5 ans,,non déclaré,"Chef d'équipe opérations Encadrer une équipe de manutentionnaires, planifier les opérations portuaires et assurer la performance. Bac+2 en logistique ou transport; Expérience de 3 à 5 ans"
JOB260003518,Technicien informatique,,,Contrat à durée déterminée,,MTN CONGO,,,,"Assurer la maintenance des équipements informatiques, le support utilisateurs et la gestion du parc IT.",Bac+2 en informatique; Expérience de 1 à 3 ans en support technique,,non déclaré,"Technicien informatique Assurer la maintenance des équipements informatiques, le support utilisateurs et la gestion du parc IT. Bac+2 en informatique; Expérience de 1 à 3 ans en support technique"
JOB260003519,Chargé de clientèle,,,Contrat à durée indéterminée,,MTN CONGO,,,,"Accueillir et conseiller les clients, gérer les réclamations et promouvoir les produits et services.",Bac+2 en commerce ou communication; Expérience de 1 à 2 ans en relation client,,non déclaré,"Chargé de clientèle Accueillir et conseiller les clients, gérer les réclamations et promouvoir les produits et services. Bac+2 en commerce ou communication; Expérience de 1 à 2 ans en relation client"
JOB260003520,Technicien Réseau,,,Contrat à durée déterminée,,MTN CONGO,,,,"Assurer la maintenance et l'optimisation du réseau télécom, diagnostiquer et résoudre les incidents.",Bac+2/3 en télécommunications ou réseaux; Expérience de 2 à 4 ans,,non déclaré,"Technicien Réseau Assurer la maintenance et l'optimisation du réseau télécom, diagnostiquer et résoudre les incidents. Bac+2/3 en télécommunications ou réseaux; Expérience de 2 à 4 ans"
JOB260003521,Ingénieur Génie Civil,,,Contrat à durée déterminée,,SONATIR,,,,"Concevoir et superviser les projets de construction, coordonner les travaux et contrôler la qualité.",Bac+5 en génie civil; Expérience de 3 à 7 ans dans la construction,,non déclaré,"Ingénieur Génie Civil Concevoir et superviser les projets de construction, coordonner les travaux et contrôler la qualité. Bac+5 en génie civil; Expérience de 3 à 7 ans dans la construction"
JOB260003522,Conducteur de Travaux,,,Contrat à durée déterminée,,SONATIR,,,,"Organiser et superviser l'exécution des chantiers de construction, coordonner les sous-traitants.",Bac+3 en génie civil ou BTP; Expérience de 3 à 5 ans en conduite de travaux,,non déclaré,"Conducteur de Travaux Organiser et superviser l'exécution des chantiers de construction, coordonner les sous-traitants. Bac+3 en génie civil ou BTP; Expérience de 3 à 5 ans en conduite de travaux"
JOB260003523,Médecin du travail,,,Contrat à durée indéterminée,,ENI CONGO S.A.U.,,,,"Assurer le suivi médical des employés, prévenir les risques professionnels et gérer les urgences médicales.",Diplôme de médecin + spécialisation en médecine du travail; Expérience de 3 à 5 ans,,non déclaré,"Médecin du travail Assurer le suivi médical des employés, prévenir les risques professionnels et gérer les urgences médicales. Diplôme de médecin + spécialisation en médecine du travail; Expérience de 3 à 5 ans"
JOB260003524,Technicien de laboratoire,,,Contrat à durée déterminée,,ENI CONGO S.A.U.,,,,"Réaliser les analyses et contrôles qualité sur les échantillons pétroliers, rédiger les rapports.",Bac+2/3 en chimie ou biologie; Expérience de 2 à 4 ans en laboratoire,,non déclaré,"Technicien de laboratoire Réaliser les analyses et contrôles qualité sur les échantillons pétroliers, rédiger les rapports. Bac+2/3 en chimie ou biologie; Expérience de 2 à 4 ans en laboratoire"
JOB260003525,Juriste,,,Contrat à durée déterminée,,ENI CONGO S.A.U.,,,,"Conseiller juridiquement l'entreprise, rédiger et négocier les contrats, assurer la veille réglementaire.",Bac+5 en droit; Expérience de 3 à 5 ans en droit des affaires ou pétrolier,,non déclaré,"Juriste Conseiller juridiquement l'entreprise, rédiger et négocier les contrats, assurer la veille réglementaire. Bac+5 en droit; Expérience de 3 à 5 ans en droit des affaires ou pétrolier"
JOB260003526,Assistant RH,,,Stage professionnel,,ENI CONGO S.A.U.,,,,"Assister le service RH dans le recrutement, la gestion administrative du personnel et la formation.",Bac+3 en ressources humaines ou droit social; Première expérience souhaitée,,non déclaré,"Assistant RH Assister le service RH dans le recrutement, la gestion administrative du personnel et la formation. Bac+3 en ressources humaines ou droit social; Première expérience souhaitée"
JOB260003527,Producteur en charge de point de vente,,,Contrat à durée déterminée,,DI-Africa (Congo) SA,,,,"Le producteur en charge de point de vente est responsable du développement commercial, de la gestion opérationnelle et de la rentabilité d'un point de vente d'assurances.","Bac +3 en commerce, assurance, gestion ou équivalent; Expérience en vente ou en assurance fortement souhaitée",Bonne connaissance des produits d'assurance; Techniques de vente et de négociation; Maîtrise des outils informatiques et logiciels de gestion,non déclaré,"Producteur en charge de point de vente Le producteur en charge de point de vente est responsable du développement commercial, de la gestion opérationnelle et de la rentabilité d'un point de vente d'assurances. Bac +3 en commerce, assurance, gestion ou équivalent; Expérience en vente ou en assurance fortement souhaitée Bonne connaissance des produits d'assurance; Techniques de vente et de négociation; Maîtrise des outils informatiques et logiciels de gestion"
JOB260003528,Régleur sinistre,,,Contrat à durée déterminée,,DI-Africa (Congo) SA,,,,"Le régleur de sinistres est chargé d'instruire, d'analyser et de régler les dossiers de sinistres conformément aux garanties contractuelles et à la réglementation en vigueur.","Bac +5 en assurance, droit, ou gestion; Expérience en gestion de sinistres souhaitée",Connaissance des produits d'assurance; Maîtrise des procédures de gestion des sinistres; Notions juridiques,non déclaré,"Régleur sinistre Le régleur de sinistres est chargé d'instruire, d'analyser et de régler les dossiers de sinistres conformément aux garanties contractuelles et à la réglementation en vigueur. Bac +5 en assurance, droit, ou gestion; Expérience en gestion de sinistres souhaitée Connaissance des produits d'assurance; Maîtrise des procédures de gestion des sinistres; Notions juridiques"
JOB260003529,Responsable logistique,,,Contrat à durée déterminée,,AFRICA ROPE DISTRIBUTION CONGO SA (ARD Congo SA),,,,Vous êtes responsable des flux physiques et d'informations des stocks et de la planification des transports.,Etre titulaire d'une Licence en Logistique et Transport; Connaissance en gestion de stock et approvisionnement; Expérience (2-3 ans),,non déclaré,Responsable logistique Vous êtes responsable des flux physiques et d'informations des stocks et de la planification des transports. Etre titulaire d'une Licence en Logistique et Transport; Connaissance en gestion de stock et approvisionnement; Expérience (2-3 ans)
JOB260003530,Agent Back Office ZL,,,Contrat à durée déterminée,,CONGO TERMINAL,,,,"Contribuer à la coordination, à l'animation et à la réalisation des activités d'exploitation du Parc Zone Logistique (PZL).",Être de nationalité congolaise; Avoir un niveau Bac+2 en Transport Logistique; Avoir une expérience de 1 an minimum,,non déclaré,"Agent Back Office ZL Contribuer à la coordination, à l'animation et à la réalisation des activités d'exploitation du Parc Zone Logistique (PZL). Être de nationalité congolaise; Avoir un niveau Bac+2 en Transport Logistique; Avoir une expérience de 1 an minimum"
JOB260003531,Agent Comptoir Livraison,,,Contrat à durée déterminée,,CONGO TERMINAL,,,,S'impliquer à l'animation et à la gestion du back office du comptoir Livraison.,Être de nationalité congolaise; Avoir un niveau Bac+2 en Génie Logistique et transport; Avoir une expérience de 2 ans minimum,,non déclaré,Agent Comptoir Livraison S'impliquer à l'animation et à la gestion du back office du comptoir Livraison. Être de nationalité congolaise; Avoir un niveau Bac+2 en Génie Logistique et transport; Avoir une expérience de 2 ans minimum
JOB260003532,Agent Réserves,,,Contrat à durée déterminée,,CONGO TERMINAL,,,,Réaliser les activités d'exploitation du parc zone logistique Livraison.,Être de nationalité congolaise; Avoir un niveau Bac+2 en Transport Logistique; Avoir une expérience de 1 an minimum,,non déclaré,Agent Réserves Réaliser les activités d'exploitation du parc zone logistique Livraison. Être de nationalité congolaise; Avoir un niveau Bac+2 en Transport Logistique; Avoir une expérience de 1 an minimum
JOB260003533,Agent Gate ZL,,,Contrat d'apprentissage,,CONGO TERMINAL,,,,Réaliser les activités d'exploitation du parc zone logistique.,Être de nationalité congolaise; Avoir un niveau Bac+2 en Transport Logistique; Avoir une expérience de 1 an minimum,,non déclaré,Agent Gate ZL Réaliser les activités d'exploitation du parc zone logistique. Être de nationalité congolaise; Avoir un niveau Bac+2 en Transport Logistique; Avoir une expérience de 1 an minimum
JOB260003534,DIRECTEUR TECHNQIUE,,,Contrat à durée indéterminée,,FOSELEV CONGO,,,,"Responsable de la stratégie, de la performance et de la fiabilité technique de l'ensemble des activités de Foselev Congo.","Ingénieur (mécanique, maintenance industrielle ou équivalent); Expérience confirmée (10 ans minimum) dans un environnement industriel exigeant",,non déclaré,"DIRECTEUR TECHNQIUE Responsable de la stratégie, de la performance et de la fiabilité technique de l'ensemble des activités de Foselev Congo. Ingénieur (mécanique, maintenance industrielle ou équivalent); Expérience confirmée (10 ans minimum) dans un environnement industriel exigeant"
JOB260003535,Manutentionnaire,,,Contrat à durée déterminée,,MOONLIGHT VISION,,,,Manutentionnaire de bouteilles GPL. Respecter les règlements de l'entreprise et exécuter strictement les opérations de chargement.,,,non déclaré,Manutentionnaire Manutentionnaire de bouteilles GPL. Respecter les règlements de l'entreprise et exécuter strictement les opérations de chargement.
JOB260003536,Manutentionnaire,,,Contrat à durée déterminée,,MOONLIGHT VISION,,,,Assister les employés chinois dans les opérations de manutention des bouteilles de gaz; Maîtriser les règles et normes de manutention des bouteilles.,,,non déclaré,Manutentionnaire Assister les employés chinois dans les opérations de manutention des bouteilles de gaz; Maîtriser les règles et normes de manutention des bouteilles.
JOB260003537,Agents locaux,,,Contrat à durée déterminée,,MOONLIGHT VISION,,,,Agent de distribution carburant et gaz / interprète pour la station intégrée pétrole et gaz de Pointe Noire.,Sexe: Masculin; Âge: 30 ans maximum; Niveau d'études: Universitaire ou supérieur,,non déclaré,Agents locaux Agent de distribution carburant et gaz / interprète pour la station intégrée pétrole et gaz de Pointe Noire. Sexe: Masculin; Âge: 30 ans maximum; Niveau d'études: Universitaire ou supérieur
JOB260003538,Assistant Comptable Stagiaire,,,Stage professionnel,,HAPAG LLOYD CONGO,,,,Chargé d'assister le comptable dans les travaux quotidiens. Effectuer les formalités financières et extra-comptables.,Niveau d'études: Bac +2; Connaissance des opérations de shipping; Maîtrise des outils informatiques et du logiciel SAP,"Connaissance En Comptabilité, Maitrise De La Législation Et La Réglementation Fiscale Congolaise",non déclaré,"Assistant Comptable Stagiaire Chargé d'assister le comptable dans les travaux quotidiens. Effectuer les formalités financières et extra-comptables. Niveau d'études: Bac +2; Connaissance des opérations de shipping; Maîtrise des outils informatiques et du logiciel SAP Connaissance En Comptabilité, Maitrise De La Législation Et La Réglementation Fiscale Congolaise"
JOB260003539,Assistante administrative,,,Contrat à durée déterminée,,BONAF DISTRIBUTION,,,,"Chargé d'assurer le suivi des dossiers, la gestion des documents et le bon fonctionnement des tâches administratives.","Aisance relationnelle et rédactionnelle; Maîtrise des outils bureautiques; Très bonne présentation; Rigueur, organisation et réactivité",Aisance Relationnelle; Avoir La Maitrise Des Outils De Communication,non déclaré,"Assistante administrative Chargé d'assurer le suivi des dossiers, la gestion des documents et le bon fonctionnement des tâches administratives. Aisance relationnelle et rédactionnelle; Maîtrise des outils bureautiques; Très bonne présentation; Rigueur, organisation et réactivité Aisance Relationnelle; Avoir La Maitrise Des Outils De Communication"
JOB260003540,Assistant Transit & Logistique,,,Contrat à durée indéterminée,,CFAO MOBILITY CONGO,,,,Traitement des factures Douanes & prestataires; Etablissement des ordres de Transit; Costing & Archivages.,"Bac +3 en Transit, Douane, Transport & Logistique/Commerce International",Assurer La Gestion Administrative,non déclaré,"Assistant Transit & Logistique Traitement des factures Douanes & prestataires; Etablissement des ordres de Transit; Costing & Archivages. Bac +3 en Transit, Douane, Transport & Logistique/Commerce International Assurer La Gestion Administrative"
JOB260003541,Commerciaux,,,Contrat à durée déterminée,,UNI SAVON INDUSTRIES,,,,"Effectuer de la prospection physique, téléphonique, par mailing.",Démarcher les prospects; Vendre un produit ou services; Conseiller les clients; Négocier les prix,,non déclaré,"Commerciaux Effectuer de la prospection physique, téléphonique, par mailing. Démarcher les prospects; Vendre un produit ou services; Conseiller les clients; Négocier les prix"
JOB260003542,Chauffeur,,,Contrat à durée déterminée,,TOP CHINE,,,,Charger/Décharger le véhicule; Effectuer certaines tâches administratives; Organiser ou contrôler le chargement des marchandises.,Connaissance de la ville; Détenteur d'un permis CEMAC; Règles de sécurité des biens et des personnes,,non déclaré,Chauffeur Charger/Décharger le véhicule; Effectuer certaines tâches administratives; Organiser ou contrôler le chargement des marchandises. Connaissance de la ville; Détenteur d'un permis CEMAC; Règles de sécurité des biens et des personnes
JOB260003543,OPERATEUR DE SAISIE DE COMMANDE,,,Contrat à durée déterminée,,AGROVA,,,,Saisir les commandes clients dans le logiciel de gestion; Vérifier l'exactitude des informations; Contrôler la disponibilité des produits en stock.,"Niveau BAC à BAC+2 (gestion, logistique, informatique); Expérience en saisie ou administration; Bonne maitrise des outils informatique",,non déclaré,"OPERATEUR DE SAISIE DE COMMANDE Saisir les commandes clients dans le logiciel de gestion; Vérifier l'exactitude des informations; Contrôler la disponibilité des produits en stock. Niveau BAC à BAC+2 (gestion, logistique, informatique); Expérience en saisie ou administration; Bonne maitrise des outils informatique"
JOB260003544,Chauffeur Poids lourd,,,Contrat à durée déterminée,,SOCIETE CONGOLAISE DE SERVICES INDUSTRIELS,,,,IL est chargé de conduire un véhicule destiné aux transport et à la livraison des marchandises.,"Avoir un permis de conduire CEMAC en cour de validité; Etre polyvalent, ponctuel, dynamique; Avoir une formation en conduite défensive",Maitrise Du Code De La Route,non déclaré,"Chauffeur Poids lourd IL est chargé de conduire un véhicule destiné aux transport et à la livraison des marchandises. Avoir un permis de conduire CEMAC en cour de validité; Etre polyvalent, ponctuel, dynamique; Avoir une formation en conduite défensive Maitrise Du Code De La Route"
JOB260003545,Assistante de Direction Bilingue,,,Contrat à durée déterminée,,DI-Africa (Congo) SA,,,,"Assister la direction dans la gestion quotidienne des activités administratives, organisationnelles et relationnelles, en assurant une communication fluide en français et en anglais.","Bac +3 en assistanat de direction, gestion administrative ou équivalent; Une expérience dans un environnement international est un atout",Excellente maîtrise du français et de l'anglais; Bonne maîtrise des outils bureautiques,non déclaré,"Assistante de Direction Bilingue Assister la direction dans la gestion quotidienne des activités administratives, organisationnelles et relationnelles, en assurant une communication fluide en français et en anglais. Bac +3 en assistanat de direction, gestion administrative ou équivalent; Une expérience dans un environnement international est un atout Excellente maîtrise du français et de l'anglais; Bonne maîtrise des outils bureautiques"
JOB260003546,MANOEUVRE CHAUFFEUR VEHICULES LEGERS,,,Contrat à durée déterminée,,SOCIETE CONGOLAISE DE SERVICES INDUSTRIELS,,,,"Assurer l'entretien, le pompage, le curage et le nettoyage d'ouvrages d'assainissement; Conduire les véhicules léger.","Agent polyvalent, ponctuel, dynamique; Détenteur d'un permis de conduire CEMAC en cours de validité",,non déclaré,"MANOEUVRE CHAUFFEUR VEHICULES LEGERS Assurer l'entretien, le pompage, le curage et le nettoyage d'ouvrages d'assainissement; Conduire les véhicules léger. Agent polyvalent, ponctuel, dynamique; Détenteur d'un permis de conduire CEMAC en cours de validité"
JOB260003547,Chauffeur de Direction,,,Contrat à durée déterminée,,DI-Africa (Congo) SA,,,,"Assurer le transport sécurisé, ponctuel et confortable des membres de la direction, tout en veillant à l'entretien et à la bonne utilisation du véhicule.","Niveau d'études: Bac (minimum); Permis de conduire valide (catégories B,C exigées); Expérience: 3 ans minimum en tant que chauffeur de direction",Excellente maîtrise de la conduite automobile; Bonne connaissance des règles de sécurité routière,non déclaré,"Chauffeur de Direction Assurer le transport sécurisé, ponctuel et confortable des membres de la direction, tout en veillant à l'entretien et à la bonne utilisation du véhicule. Niveau d'études: Bac (minimum); Permis de conduire valide (catégories B,C exigées); Expérience: 3 ans minimum en tant que chauffeur de direction Excellente maîtrise de la conduite automobile; Bonne connaissance des règles de sécurité routière"
JOB260003548,MAGASINIER(ère) -CONTROLE DE COMMANDE,,,Contrat à durée déterminée,,PROPHARMA,,,,"Assurer le contrôle, la conformité et la préparation des commandes avant expédition, dans le respect des normes de qualité et de sécurité des produits pharmaceutiques.","Niveau BAC à BAC+2 (gestion, logistique, informatique); Expérience en magasinage/logistique; Connaissance des règles de stockage des produits sensibles",,non déclaré,"MAGASINIER(ère) -CONTROLE DE COMMANDE Assurer le contrôle, la conformité et la préparation des commandes avant expédition, dans le respect des normes de qualité et de sécurité des produits pharmaceutiques. Niveau BAC à BAC+2 (gestion, logistique, informatique); Expérience en magasinage/logistique; Connaissance des règles de stockage des produits sensibles"
JOB260003549,Driller workover,,,Contrat à durée déterminée,,DIXSTONE OPERATIONS CONGO,,,,Le Driller Workover est un foreur spécialisé dans les opérations de maintenance et d'intervention sur les puits de forage.,Expérience confirmée en forage et opérations de workover; Solide connaissance des équipements de forage et procédure de sécurité; Bonne maitrise de l'anglais technique et du français,,non déclaré,Driller workover Le Driller Workover est un foreur spécialisé dans les opérations de maintenance et d'intervention sur les puits de forage. Expérience confirmée en forage et opérations de workover; Solide connaissance des équipements de forage et procédure de sécurité; Bonne maitrise de l'anglais technique et du français
JOB260003550,Chef de Division Gisement & Ingénierie du Pétrole,,,Contrat à durée déterminée,,ENI CONGO S.A.U.,,,,Assurer le maintien des conditions optimales d'exploitation des gisements; Programmer et assurer le déroulement correct des activités liées à la production et aux développements.,"Avoir un Bac + 5 dans les domaines du génie mécanique, du Génie industriel ou du Génie pétrolier; Avoir une expérience de 10 ans minimum",Capacités à contrôler le respect des procédures; Démontrer l'intégrité et la confidentialité,non déclaré,"Chef de Division Gisement & Ingénierie du Pétrole Assurer le maintien des conditions optimales d'exploitation des gisements; Programmer et assurer le déroulement correct des activités liées à la production et aux développements. Avoir un Bac + 5 dans les domaines du génie mécanique, du Génie industriel ou du Génie pétrolier; Avoir une expérience de 10 ans minimum Capacités à contrôler le respect des procédures; Démontrer l'intégrité et la confidentialité"
JOB260003551,Chef de Division Exploration,,,Contrat à durée déterminée,,ENI CONGO S.A.U.,,,,"Identifier, planifier et gérer les activités d'exploration dans le cadre des permis d'exploration existants.","Avoir un BAC+5 Génie Géologie Appliquée, Exploration, Sciences de l'environnement; Avoir une expérience de 20 ans minimum dans le domaine de l'exploration",Capacités à contrôler le respect des procédures et les règles d'éthique; Démontrer l'intégrité et la confidentialité,non déclaré,"Chef de Division Exploration Identifier, planifier et gérer les activités d'exploration dans le cadre des permis d'exploration existants. Avoir un BAC+5 Génie Géologie Appliquée, Exploration, Sciences de l'environnement; Avoir une expérience de 20 ans minimum dans le domaine de l'exploration Capacités à contrôler le respect des procédures et les règles d'éthique; Démontrer l'intégrité et la confidentialité"
JOB260003552,Comptable junior et analyste,,,Stage professionnel,,KONTINENT CONGO,,,,"Assurer la tenue de la comptabilité interne, la paie et le suivi des coûts pétroliers (CAPEX, OPEX), coûts de fonctionnement.",Bac +4/5 en comptabilité ou diplôme technique en comptabilité; 1 an d'expérience minimum,,non déclaré,"Comptable junior et analyste Assurer la tenue de la comptabilité interne, la paie et le suivi des coûts pétroliers (CAPEX, OPEX), coûts de fonctionnement. Bac +4/5 en comptabilité ou diplôme technique en comptabilité; 1 an d'expérience minimum"
JOB260003553,Chef de Service Flow Assurance,,,Contrat à durée déterminée,,ENI CONGO S.A.U.,,,,Assurer le monitorage continu des performances des puits/réservoirs de manière à optimiser la production offshore.,Avoir une formation supérieure de BAC +5 ou un Diplôme d'ingénieur; Avoir une expérience de 10 années dans le domaine du forage,"Posséder les capacités d'analyse, de synthèse; Forte communication et compétences interpersonnelles",non déclaré,"Chef de Service Flow Assurance Assurer le monitorage continu des performances des puits/réservoirs de manière à optimiser la production offshore. Avoir une formation supérieure de BAC +5 ou un Diplôme d'ingénieur; Avoir une expérience de 10 années dans le domaine du forage Posséder les capacités d'analyse, de synthèse; Forte communication et compétences interpersonnelles"
JOB260003554,Mécanicien de Grue Offshore,,,Contrat à durée déterminée,,KOUILOU ASSISTANCE CONSEILS CONGO,,,,Réaliser les opérations de maintenance préventive et corrective requises sur toutes les grues offshore et équipements de levage.,"Bac+3/5 en Maintenance Industrielle, Génie Mécanique; Minimum 05 ans d'expérience en maintenance de grues; Expérience offshore indispensable",Bonne Compréhension Des Principes Mécaniques Et Des Systèmes; Expérience En Mécanique Poids Lourds/engins; Faire La Maintenance Mécanique,non déclaré,"Mécanicien de Grue Offshore Réaliser les opérations de maintenance préventive et corrective requises sur toutes les grues offshore et équipements de levage. Bac+3/5 en Maintenance Industrielle, Génie Mécanique; Minimum 05 ans d'expérience en maintenance de grues; Expérience offshore indispensable Bonne Compréhension Des Principes Mécaniques Et Des Systèmes; Expérience En Mécanique Poids Lourds/engins; Faire La Maintenance Mécanique"
JOB260003555,Agent Commercial Trade Marketing Zone B/Ville,,,Contrat à durée déterminée,,SARIS Congo,,,,Agent Commercial Marketing est rattaché hiérarchiquement au chef de service commercial de sa zone.,"Avoir un Bac+2/3 ou licence universitaire; Avoir une expérience de 1 ou 2 ans; Avoir la maîtrise outils informatiques: Excel, Access, Word",,non déclaré,"Agent Commercial Trade Marketing Zone B/Ville Agent Commercial Marketing est rattaché hiérarchiquement au chef de service commercial de sa zone. Avoir un Bac+2/3 ou licence universitaire; Avoir une expérience de 1 ou 2 ans; Avoir la maîtrise outils informatiques: Excel, Access, Word"
JOB260003556,Employé de Bureau,,,Contrat à durée déterminée,,SARIS Congo,,,,Effectuer diverses taches administratives relatives au service recrutement; Gérer et suivre les dossiers administratifs des personnels CDD et saisonniers.,Avoir le niveau minimum BEPC; Avoir une expérience d'au moins deux (02) ans à un poste similaire; Avoir la connaissance de l'outils Informatique,,non déclaré,Employé de Bureau Effectuer diverses taches administratives relatives au service recrutement; Gérer et suivre les dossiers administratifs des personnels CDD et saisonniers. Avoir le niveau minimum BEPC; Avoir une expérience d'au moins deux (02) ans à un poste similaire; Avoir la connaissance de l'outils Informatique
JOB260003557,Responsable Opérations Marines,,,Contrat à durée déterminée,,SERVTEC CONGO,,,,Ce poste a pour finalités d'assurer la bonne marche des installations et le respect des objectifs de production fixés par sa hiérarchie; Diriger et coordonner l'équipe de logisticiens et les équipes pont.,"École de la marine marchande, Titulaire du brevet STCW 95 de capitaine sans restriction; Expérience minimum 5 ans de navigation comme officier sur tanker",Adaptation du discours selon le profil client,non déclaré,"Responsable Opérations Marines Ce poste a pour finalités d'assurer la bonne marche des installations et le respect des objectifs de production fixés par sa hiérarchie; Diriger et coordonner l'équipe de logisticiens et les équipes pont. École de la marine marchande, Titulaire du brevet STCW 95 de capitaine sans restriction; Expérience minimum 5 ans de navigation comme officier sur tanker Adaptation du discours selon le profil client"
JOB260003558,Superviseur Vendeur à domicile(SVAD),,,Contrat à durée indéterminée,,GROUP VIVENDI AFRICA CONGO,,,,"Le Superviseur des Ventes à Domicile encadre, anime et motive une équipe de vendeurs afin d'atteindre les objectifs commerciaux, tout en veillant à la satisfaction des clients.","Maîtrise des outils bureautiques (Excel, Word); Organisé(e), rigoureux(se), et capable de travailler en équipe; Expérience: avoir minimum 3 ans d'expérience commerciale terrain",,non déclaré,"Superviseur Vendeur à domicile(SVAD) Le Superviseur des Ventes à Domicile encadre, anime et motive une équipe de vendeurs afin d'atteindre les objectifs commerciaux, tout en veillant à la satisfaction des clients. Maîtrise des outils bureautiques (Excel, Word); Organisé(e), rigoureux(se), et capable de travailler en équipe; Expérience: avoir minimum 3 ans d'expérience commerciale terrain"
JOB260003559,Superviseur Vendeur à domicile(SVAD),,,Contrat à durée indéterminée,,GROUP VIVENDI AFRICA CONGO,,,,"Le Superviseur des Ventes à Domicile encadre, anime et motive une équipe de vendeurs afin d'atteindre les objectifs commerciaux, tout en veillant à la satisfaction des clients.","Maîtrise des outils bureautiques (Excel, Word); Organisé(e), rigoureux(se), et capable de travailler en équipe; Expérience: avoir minimum 3 ans d'expérience commerciale terrain",,non déclaré,"Superviseur Vendeur à domicile(SVAD) Le Superviseur des Ventes à Domicile encadre, anime et motive une équipe de vendeurs afin d'atteindre les objectifs commerciaux, tout en veillant à la satisfaction des clients. Maîtrise des outils bureautiques (Excel, Word); Organisé(e), rigoureux(se), et capable de travailler en équipe; Expérience: avoir minimum 3 ans d'expérience commerciale terrain"
JOB260003560,Responsable Comptable,,,Contrat à durée indéterminée,,SEDIC,,,,"Le titulaire du poste aura pour mission d'assurer la fiabilité, la conformité et la bonne tenue de la comptabilité de la société, tout en contribuant à la gestion financière et à la prise de décisions stratégiques.","Formation supérieure en comptabilité, finance ou gestion (Bac+3 à Bac+5); Expérience professionnelle d'au moins 5 ans en comptabilité (cabinet ou entreprise); Maîtrise des normes comptables OHADA",,non déclaré,"Responsable Comptable Le titulaire du poste aura pour mission d'assurer la fiabilité, la conformité et la bonne tenue de la comptabilité de la société, tout en contribuant à la gestion financière et à la prise de décisions stratégiques. Formation supérieure en comptabilité, finance ou gestion (Bac+3 à Bac+5); Expérience professionnelle d'au moins 5 ans en comptabilité (cabinet ou entreprise); Maîtrise des normes comptables OHADA"
JOB260003561,Chargé QHSE,,,Contrat à durée indéterminée,,SILICONE CONNECT,,,,Évaluation des risques; Conformité et veille réglementaire; Système QHSE; Formation et sensibilisation; Audits et Reporting; Gestion des incidents.,"Diplôme Bac+3 - 5 (Licence / Master QHSE, École d'ingénieurs); Expérience de 3 à 5 ans",,non déclaré,"Chargé QHSE Évaluation des risques; Conformité et veille réglementaire; Système QHSE; Formation et sensibilisation; Audits et Reporting; Gestion des incidents. Diplôme Bac+3 - 5 (Licence / Master QHSE, École d'ingénieurs); Expérience de 3 à 5 ans"
JOB260003562,Directeur Financier des Projets,,,Contrat à durée déterminée,,PHINEWARD GROUP CONGO,,,,"Le Directeur financier des projets est responsable de la structuration, du suivi et de l'optimisation du financement d'un projet tout au long de sa réalisation.",Avoir un diplome dans le domaine; Etre doté d'une excellente maitrise du domaine des finance; Capacité d'analyse des modélisation financières,Bonne Connaissances En Comptabilité,non déclaré,"Directeur Financier des Projets Le Directeur financier des projets est responsable de la structuration, du suivi et de l'optimisation du financement d'un projet tout au long de sa réalisation. Avoir un diplome dans le domaine; Etre doté d'une excellente maitrise du domaine des finance; Capacité d'analyse des modélisation financières Bonne Connaissances En Comptabilité"
JOB260003563,Technicien de Machines / Aide-Opérateur (H/F),,,Contrat à durée indéterminée,,Ragec,,,,"Le titulaire du poste aura pour mission d'apporter un appui technique dans le réglage, la conduite et la maintenance des équipements de production.","Bac+3 en électricité industrielle, maintenance industrielle, électrotechnique ou équivalent; Une expérience professionnelle serait un atout",,non déclaré,"Technicien de Machines / Aide-Opérateur (H/F) Le titulaire du poste aura pour mission d'apporter un appui technique dans le réglage, la conduite et la maintenance des équipements de production. Bac+3 en électricité industrielle, maintenance industrielle, électrotechnique ou équivalent; Une expérience professionnelle serait un atout"
JOB260003564,Cariste,,,Contrat à durée indéterminée,,Ragec,,,,"Le titulaire du poste sera chargé d'assurer la manutention, le stockage et le déplacement des marchandises, tout en veillant au respect des normes de sécurité et de qualité.",Niveau d'étude BEPC souhaité; Permis de conduire CEMAC catégorie G en cours de validité; Expérience d'au moins 1 an dans le transport ou la manutention,,non déclaré,"Cariste Le titulaire du poste sera chargé d'assurer la manutention, le stockage et le déplacement des marchandises, tout en veillant au respect des normes de sécurité et de qualité. Niveau d'étude BEPC souhaité; Permis de conduire CEMAC catégorie G en cours de validité; Expérience d'au moins 1 an dans le transport ou la manutention"
JOB260003565,Manutentionnaire,,,Contrat à durée déterminée,,BLUE COLLAR,,,,Ils sont chargés de réaliser l'ensemble des opérations de manutention de l'entreprise.,Avoir un BEPC/CAP; Une expérience de 2 à 3 ans; Connaissance des gestes et postures de manutention,Aider à Charger Et Décharger La Marchandise à Exposer,non déclaré,Manutentionnaire Ils sont chargés de réaliser l'ensemble des opérations de manutention de l'entreprise. Avoir un BEPC/CAP; Une expérience de 2 à 3 ans; Connaissance des gestes et postures de manutention Aider à Charger Et Décharger La Marchandise à Exposer
JOB260003566,Assistant Administratif et Recouvrement (H/F),,,Contrat à durée indéterminée,,CFAO MOBILITY CONGO,,,,"Le titulaire du poste sera chargé d'assurer le suivi et le recouvrement des créances clients, en mettant en œuvre les actions nécessaires pour obtenir le paiement des sommes dues.",Bac+3 en comptabilité; Expérience professionnelle d'au moins 2 ans dans un domaine similaire; Nationalité congolaise,,non déclaré,"Assistant Administratif et Recouvrement (H/F) Le titulaire du poste sera chargé d'assurer le suivi et le recouvrement des créances clients, en mettant en œuvre les actions nécessaires pour obtenir le paiement des sommes dues. Bac+3 en comptabilité; Expérience professionnelle d'au moins 2 ans dans un domaine similaire; Nationalité congolaise"
JOB260003567,Manager Consultant BankTech,,,Contrat à durée indéterminée,,MOBILE MONEY CONGO S.A (MOMO),,,,"Le titulaire du poste sera chargé de définir et mettre en œuvre la stratégie BankTech et les solutions de scoring, tout en pilotant le développement du portefeuille de crédit digital et les partenariats bancaires.","Bac+4/5 en Finance, Banque, Économie, Gestion ou domaine connexe; Expérience de 4 à 6 ans minimum dans un poste similaire (dont 3 ans en management)",,non déclaré,"Manager Consultant BankTech Le titulaire du poste sera chargé de définir et mettre en œuvre la stratégie BankTech et les solutions de scoring, tout en pilotant le développement du portefeuille de crédit digital et les partenariats bancaires. Bac+4/5 en Finance, Banque, Économie, Gestion ou domaine connexe; Expérience de 4 à 6 ans minimum dans un poste similaire (dont 3 ans en management)"
JOB260003568,Chargé de clientèle,,,Contrat à durée déterminée,,EXPRESS UNION CONGO SA,,,,"Ce poste offre l'opportunité d'évoluer dans un environnement dynamique, orienté vers la satisfaction client et la performance commerciale.","Bac+2/3 en Gestion, Commerce, Banque, Finance ou équivalent; Une première expérience en microfinance, banque ou relation client est un atout",,non déclaré,"Chargé de clientèle Ce poste offre l'opportunité d'évoluer dans un environnement dynamique, orienté vers la satisfaction client et la performance commerciale. Bac+2/3 en Gestion, Commerce, Banque, Finance ou équivalent; Une première expérience en microfinance, banque ou relation client est un atout"
JOB260003569,Chef cuisinier,,,Contrat à durée déterminée,,KAMBA AFRICAN RAINFOREST EXPERIENCES,,,,Le Chef est responsable de l'organisation globale de la cuisine et garantit la qualité de l'expérience culinaire offerte aux clients.,"Baccalaureat en hotellerie, certificat d'aptitude professionelle; Capacite à travailler dans un environnement multiculturel",,non déclaré,"Chef cuisinier Le Chef est responsable de l'organisation globale de la cuisine et garantit la qualité de l'expérience culinaire offerte aux clients. Baccalaureat en hotellerie, certificat d'aptitude professionelle; Capacite à travailler dans un environnement multiculturel"
JOB260003570,Coupeur de Canne à Sucre,,,Contrat à durée déterminée,,SARIS Congo,,,,"Couper la canne à 5 cm du niveau du sol pour les chicots et un dernier entre-nœud pour son embout; Couper 5,6 tonnes de cannes par journée de travail effectif.",Bonne santé physique et mentale; dynamisme; discipline,,non déclaré,"Coupeur de Canne à Sucre Couper la canne à 5 cm du niveau du sol pour les chicots et un dernier entre-nœud pour son embout; Couper 5,6 tonnes de cannes par journée de travail effectif. Bonne santé physique et mentale; dynamisme; discipline"
JOB260003571,Chef d'équipe Coupe et Plantation,,,Contrat à durée déterminée,,SARIS Congo,,,,Il est le gestionnaire d'une équipe de soixante quinze (75) personnels et du matériel mis à sa disposition dans les chantiers en assurant que les objectifs journaliers en qualité et quantité soient atteints.,Etre titulaire d'un Brevet au minimum; Savoir interpréter un plan de parcelle,,non déclaré,Chef d'équipe Coupe et Plantation Il est le gestionnaire d'une équipe de soixante quinze (75) personnels et du matériel mis à sa disposition dans les chantiers en assurant que les objectifs journaliers en qualité et quantité soient atteints. Etre titulaire d'un Brevet au minimum; Savoir interpréter un plan de parcelle
JOB260003572,Comptable Fournisseur Local,,,Contrat à durée indéterminée,,SEDLEX & PARTNERS,,,,Gestion de la comptabilité fournisseurs congolaise - banques locales; Comptabilisation factures fournisseurs locaux; Archivage des pièces fournisseurs originales.,"Bac + 4 minimum en Comptabilité, Finance ou équivalent; Expérience professionnelle en comptabilité de 5 ans minimum",,non déclaré,"Comptable Fournisseur Local Gestion de la comptabilité fournisseurs congolaise - banques locales; Comptabilisation factures fournisseurs locaux; Archivage des pièces fournisseurs originales. Bac + 4 minimum en Comptabilité, Finance ou équivalent; Expérience professionnelle en comptabilité de 5 ans minimum"
JOB260003573,Agent Logistique,,,Contrat à durée indéterminée,,ARPCE,,,,"Réception, contrôle et stockage des fournitures; Préparation et expédition des commandes ou des livraisons internes; Gestion des stocks.","Avoir un Bac +2 en logistique, transport, gestion ou domaine similaire; Justifier d'une expérience professionnelle de 2 ans dans un poste similaire; Être âgé de 30 ans minimum",,non déclaré,"Agent Logistique Réception, contrôle et stockage des fournitures; Préparation et expédition des commandes ou des livraisons internes; Gestion des stocks. Avoir un Bac +2 en logistique, transport, gestion ou domaine similaire; Justifier d'une expérience professionnelle de 2 ans dans un poste similaire; Être âgé de 30 ans minimum"
JOB260003574,Administrateur Réseau & Télécom,,,Contrat à durée indéterminée,,LCB Bank,,,,"Administrer les réseaux LAN, WAN, MPLS, VPN, Internet et intersites; Configurer et maintenir les routeurs, switches, pare-feu, contrôleurs Wi-Fi et autres équipements réseau.","Bac+3 à Bac+5 en Réseaux, Télécoms ou Informatique; 3 à 5 ans minimum d'expérience professionnelle, idéalement en environnement bancaire ou multisites",,non déclaré,"Administrateur Réseau & Télécom Administrer les réseaux LAN, WAN, MPLS, VPN, Internet et intersites; Configurer et maintenir les routeurs, switches, pare-feu, contrôleurs Wi-Fi et autres équipements réseau. Bac+3 à Bac+5 en Réseaux, Télécoms ou Informatique; 3 à 5 ans minimum d'expérience professionnelle, idéalement en environnement bancaire ou multisites"
JOB260003575,CHEF SERVICE SECURITE DU SYSTEME INFORMATION ET SUIVI DU PCA,,,Contrat à durée déterminée,,EXPRESS UNION CONGO,,,,Suivre la régularité des opérations au niveau des agences; Contrôler la gestion conforme des situations de caisse; Contrôle de la sécurité du système d'informatique.,"Bac+3 minimum en Audit, Finance, comptabilité, Gestion ou équivalent; Expérience professionnelle d'au moins 2 ans dans un poste similaire",,non déclaré,"CHEF SERVICE SECURITE DU SYSTEME INFORMATION ET SUIVI DU PCA Suivre la régularité des opérations au niveau des agences; Contrôler la gestion conforme des situations de caisse; Contrôle de la sécurité du système d'informatique. Bac+3 minimum en Audit, Finance, comptabilité, Gestion ou équivalent; Expérience professionnelle d'au moins 2 ans dans un poste similaire"
JOB260003576,Superviseur sureté,,,Contrat à durée déterminée,,ALGIZ AFRICA SARLU,,,,"Il est chargé de superviser les équipes en poste, de controler l'application des consignes de sécurité.","Bac+2 minimum, avoir une expérience équivalente en sureté; Expérience confirmée dans la gestion d'équipes en sureté",Assurer La Sécurité Des Personnes Et Des équipements,non déclaré,"Superviseur sureté Il est chargé de superviser les équipes en poste, de controler l'application des consignes de sécurité. Bac+2 minimum, avoir une expérience équivalente en sureté; Expérience confirmée dans la gestion d'équipes en sureté Assurer La Sécurité Des Personnes Et Des équipements"
JOB260003577,contrôleur Permanant de Pôle,,,Contrat à durée déterminée,,EXPRESS UNION CONGO,,,,Suivre la régularité des opérations au niveau des agences du portefeuilles; Contrôler les comptes débiteurs; Contrôler la gestion conforme des situations de caisse.,"Bac+3 minimum en audit, Finance, Comptabilité, Gestion ou équivalent",,non déclaré,"contrôleur Permanant de Pôle Suivre la régularité des opérations au niveau des agences du portefeuilles; Contrôler les comptes débiteurs; Contrôler la gestion conforme des situations de caisse. Bac+3 minimum en audit, Finance, Comptabilité, Gestion ou équivalent"
JOB260003578,Opérateur Radio,,,Contrat à durée déterminée,,ALGIZ AFRICA SARLU,,,,"Il est chargé de gérer les communications radio sur site, de transmettre les consignes et alertes.",BAC ou équivalent; Maitrise de la communication radio; Discrétion et rigueur dans la transmission des données,Avoir La Maitrise Des Outils De Communication,non déclaré,"Opérateur Radio Il est chargé de gérer les communications radio sur site, de transmettre les consignes et alertes. BAC ou équivalent; Maitrise de la communication radio; Discrétion et rigueur dans la transmission des données Avoir La Maitrise Des Outils De Communication"
JOB260003579,Maitre Chien,,,Contrat à durée déterminée,,ALGIZ AFRICA SARLU,,,,"Il est chargé d'effectuer des rondes de sécurité avec le chien, de détecter les intrusions ou les comportements suspects.",Formation en sécurité ou cynophile souhaitée; Expérience avec chien de travail obligatoire,Connaissances Techniques; Contrôle du respect des consignes de sécurité,non déclaré,"Maitre Chien Il est chargé d'effectuer des rondes de sécurité avec le chien, de détecter les intrusions ou les comportements suspects. Formation en sécurité ou cynophile souhaitée; Expérience avec chien de travail obligatoire Connaissances Techniques; Contrôle du respect des consignes de sécurité"
JOB260003580,Electromecanicien,,,Contrat à durée déterminée,,GNCAC,,,,"Assurer les interventions sur les equipements thermiques, les moyens roulants, ainsi que sur les engins de levages et les infrastructures, dans le cadre de la maintenance préventive et curative.",Minimum BAC +2 en électromécanique ou maintenance industrielle; Avoir au moins 2 ans d'expériences à un poste similaire,,non déclaré,"Electromecanicien Assurer les interventions sur les equipements thermiques, les moyens roulants, ainsi que sur les engins de levages et les infrastructures, dans le cadre de la maintenance préventive et curative. Minimum BAC +2 en électromécanique ou maintenance industrielle; Avoir au moins 2 ans d'expériences à un poste similaire"
JOB260003581,Négociateur,,,Contrat à durée déterminée,,L'ARCHER CAPITAL SECURITIES,,,,Le négociateur (Trader) est en charge de l'exécution des opérations sur les marchés financiers et contribue à la performance de la société à travers les activités de trading.,"Diplôme universitaire en finance, économie, mathématiques ou domaine connexe; Expérience de 2 à 5 ans en trading, marchés financiers ou environnement similaire",,non déclaré,"Négociateur Le négociateur (Trader) est en charge de l'exécution des opérations sur les marchés financiers et contribue à la performance de la société à travers les activités de trading. Diplôme universitaire en finance, économie, mathématiques ou domaine connexe; Expérience de 2 à 5 ans en trading, marchés financiers ou environnement similaire"
JOB260003582,Graphic Designer,,,Contrat à durée déterminée,,EMPLOI SERVICE,,,,"Maitriser des logiciels de graphisme et de montage vidéo: photoshop, Illustrator, After effects, Première pro, etc.","BAC+2/3 dans le domaine; Maitrise des logiciels de design comme Adobe photoshop, Adobe Illustrator et Adobe InDesign",,non déclaré,"Graphic Designer Maitriser des logiciels de graphisme et de montage vidéo: photoshop, Illustrator, After effects, Première pro, etc. BAC+2/3 dans le domaine; Maitrise des logiciels de design comme Adobe photoshop, Adobe Illustrator et Adobe InDesign"
JOB260003583,Agent Logistique,,,Contrat à durée indéterminée,,ARPCE,,,,"Réceptionner, contrôler et stocker les fournitures; Préparer et expédier les commandes internes; Assurer la gestion des stocks.","Bac+2 en logistique, transport, gestion ou domaine similaire; Expérience professionnelle d'au moins 2 ans dans un poste similaire; Être âgé d'au moins 30 ans",,non déclaré,"Agent Logistique Réceptionner, contrôler et stocker les fournitures; Préparer et expédier les commandes internes; Assurer la gestion des stocks. Bac+2 en logistique, transport, gestion ou domaine similaire; Expérience professionnelle d'au moins 2 ans dans un poste similaire; Être âgé d'au moins 30 ans"
JOB260003584,Controleur Financier,,,Contrat à durée indéterminée,,MOBILE MONEY CONGO S.A (MOMO),,,,"Le titulaire du poste sera responsable de la fiabilité, de la conformité et de la production des informations financières, en accord avec les normes IFRS, les exigences réglementaires locales et les prescriptions de la COBAC.","Bac+4/5 en Finance, Comptabilité, Audit ou Contrôle de gestion; Expérience d'au moins 7 ans en finance, audit ou comptabilité",,non déclaré,"Controleur Financier Le titulaire du poste sera responsable de la fiabilité, de la conformité et de la production des informations financières, en accord avec les normes IFRS, les exigences réglementaires locales et les prescriptions de la COBAC. Bac+4/5 en Finance, Comptabilité, Audit ou Contrôle de gestion; Expérience d'au moins 7 ans en finance, audit ou comptabilité"
JOB260003585,Responsable Planification et Analyse Financière/Manager Financial Planning & Analysis,,,Contrat à durée indéterminée,,MOBILE MONEY CONGO S.A (MOMO),,,,"Rattaché(e) au Directeur Financier (CFO), le titulaire du poste sera responsable de la planification financière, du pilotage de la performance et de l'analyse financière de l'entreprise.","Bac+4/5 en Finance, Contrôle de Gestion, École de commerce ou équivalent; Expérience d'au moins 7 ans en contrôle de gestion, FP&A ou audit",,non déclaré,"Responsable Planification et Analyse Financière/Manager Financial Planning & Analysis Rattaché(e) au Directeur Financier (CFO), le titulaire du poste sera responsable de la planification financière, du pilotage de la performance et de l'analyse financière de l'entreprise. Bac+4/5 en Finance, Contrôle de Gestion, École de commerce ou équivalent; Expérience d'au moins 7 ans en contrôle de gestion, FP&A ou audit"
JOB260003586,Equipier Maritime,,,Contrat à durée déterminée,,ALGIZ AFRICA SARLU,,,,Participer aux opérations en mer ou portuaires; Assister les équipes de surveillance maritime; Veiller à la sécurité des embarcations.,Expérience en milieu maritime ou portuaire; Bonne condition physique; Connaissance des règles de sécurité maritime,"Bonne Maitrise De L'anglais (parlé, Ecrit) Est Souhaitable",non déclaré,"Equipier Maritime Participer aux opérations en mer ou portuaires; Assister les équipes de surveillance maritime; Veiller à la sécurité des embarcations. Expérience en milieu maritime ou portuaire; Bonne condition physique; Connaissance des règles de sécurité maritime Bonne Maitrise De L'anglais (parlé, Ecrit) Est Souhaitable"
JOB260003587,Conducteur,,,Contrat à durée déterminée,,ALGIZ AFRICA SARLU,,,,"Conduire les véhicules de services, en assurant le transport sécurisé des personnes ou des biens.","Permis de conduire valide B,C,D; Bonne connaissance du code de la route; Expérience en conduite professionnelle",Connaitre Le Code De La Route,non déclaré,"Conducteur Conduire les véhicules de services, en assurant le transport sécurisé des personnes ou des biens. Permis de conduire valide B,C,D; Bonne connaissance du code de la route; Expérience en conduite professionnelle Connaitre Le Code De La Route"
JOB260003588,Téléopérateur,,,Contrat à durée déterminée,,DELI-COMPUTING,,,,"Le titulaire du poste aura pour mission principale d'assurer la gestion des appels entrants et sortants, de renseigner les clients, de promouvoir les services de l'entreprise.","Bac+2 minimum ou équivalent; Excellente expression orale et capacité d'écoute; Courtoisie, dynamisme et sens du service client",,non déclaré,"Téléopérateur Le titulaire du poste aura pour mission principale d'assurer la gestion des appels entrants et sortants, de renseigner les clients, de promouvoir les services de l'entreprise. Bac+2 minimum ou équivalent; Excellente expression orale et capacité d'écoute; Courtoisie, dynamisme et sens du service client"
JOB260003589,Commercial,,,Contrat à durée déterminée,,SOCIETE CONGOLAISE DE TRANSFORMATION DE BOIS ( SCTB),,,,"Le titulaire du poste sera chargé de développer le portefeuille clients, d'identifier les besoins des prospects et de proposer des solutions d'ameublement adaptées.","Bac+3 minimum en commerce, marketing ou domaine équivalent; Expérience de 3 à 5 ans en vente (ameublement ou BTP souhaité)",,non déclaré,"Commercial Le titulaire du poste sera chargé de développer le portefeuille clients, d'identifier les besoins des prospects et de proposer des solutions d'ameublement adaptées. Bac+3 minimum en commerce, marketing ou domaine équivalent; Expérience de 3 à 5 ans en vente (ameublement ou BTP souhaité)"
JOB260003590,Assistant(e) Administration des Ventes (ADV),,,Contrat à durée déterminée,,CFAO MOBILITY CONGO,,,,"Le titulaire du poste sera chargé d'assurer le suivi commercial et administratif des clients, la gestion des commandes ainsi que le respect des procédures internes.","Nationalité congolaise; Licence en Marketing, Communication ou domaine équivalent; Expérience professionnelle d'au moins 2 ans en tant qu'Assistant(e) Commercial ou ADV",,non déclaré,"Assistant(e) Administration des Ventes (ADV) Le titulaire du poste sera chargé d'assurer le suivi commercial et administratif des clients, la gestion des commandes ainsi que le respect des procédures internes. Nationalité congolaise; Licence en Marketing, Communication ou domaine équivalent; Expérience professionnelle d'au moins 2 ans en tant qu'Assistant(e) Commercial ou ADV"
JOB260003591,Agent de Prévention et de Sécurité,,,Contrat à durée déterminée,,ALGIZ AFRICA SARLU,,,,Assurer la sécurité des personnes et des biens; Surveiller les accès et contrôler les entrées/sorties; Effectuer les rondes de sécurité.,"Niveau secondaire minimum; Bonne condition physique; Discipline, vigilance et honnêteté",Assurer La Sécurité Des Personnes Et Des équipements,non déclaré,"Agent de Prévention et de Sécurité Assurer la sécurité des personnes et des biens; Surveiller les accès et contrôler les entrées/sorties; Effectuer les rondes de sécurité. Niveau secondaire minimum; Bonne condition physique; Discipline, vigilance et honnêteté Assurer La Sécurité Des Personnes Et Des équipements"
JOB260003592,Chauffeur Véhicule Léger,,,CDD,,BONAF DISTRIBUTION,,,,"Assurer le transport et la livraison des marchandises ou des personnes dans les délais impartis, en garantissant la sécurité et la conformité des opérations.","Capacité de gérer le chargement et le déchargement; fiabilité, flexibilité",Conduire En Toute Sécurité Et Ponctualité,non déclaré,"Chauffeur Véhicule Léger Assurer le transport et la livraison des marchandises ou des personnes dans les délais impartis, en garantissant la sécurité et la conformité des opérations. Capacité de gérer le chargement et le déchargement; fiabilité, flexibilité Conduire En Toute Sécurité Et Ponctualité"
JOB260003593,Commercial Equipment,,,CDD,,CFAO MOBILITY CONGO,,,,Développer les ventes d'équipements auprès des clients professionnels et assurer le suivi commercial.,Bac+2 en Marketing/Commerce; nationalité congolaise; 22-35 ans; 2 ans minimum,Adaptation du discours selon le profil client,non déclaré,Commercial Equipment Développer les ventes d'équipements auprès des clients professionnels et assurer le suivi commercial. Bac+2 en Marketing/Commerce; nationalité congolaise; 22-35 ans; 2 ans minimum Adaptation du discours selon le profil client
JOB260003594,HSE,,,CDD,,ALGIZ AFRICA SARLU,,,,"Mettre en place et veiller au respect des normes de sécurité, hygiène et environnement dans l'entreprise.",Bac+2 à Bac+3 en HSE; bonne connaissance des normes de sécurité,Application des normes HSE dans la logistique,non déclaré,"HSE Mettre en place et veiller au respect des normes de sécurité, hygiène et environnement dans l'entreprise. Bac+2 à Bac+3 en HSE; bonne connaissance des normes de sécurité Application des normes HSE dans la logistique"
JOB260003595,Marketeur,,,CDD,,TAIHO,,,,Développer la stratégie marketing et les actions commerciales pour promouvoir les produits de l'entreprise.,Expérience en marketing/commerce/vente; bonne connaissance du marché local,,non déclaré,Marketeur Développer la stratégie marketing et les actions commerciales pour promouvoir les produits de l'entreprise. Expérience en marketing/commerce/vente; bonne connaissance du marché local
JOB260003596,CHAUFFEUR POIDS LEGER,,,CDD,,UNO MOTORS,,,,Assurer la conduite et l'entretien du véhicule léger pour les livraisons et déplacements professionnels.,Capacité de conduite; fiabilité; flexibilité,Avoir Un Permis De Conduire; Avoir Une Bonne Capacité D'Adaptation; être Autonome Ponctuel Et Organisé; Bonne Connaissance Des Règles De Sécurité Routière,non déclaré,CHAUFFEUR POIDS LEGER Assurer la conduite et l'entretien du véhicule léger pour les livraisons et déplacements professionnels. Capacité de conduite; fiabilité; flexibilité Avoir Un Permis De Conduire; Avoir Une Bonne Capacité D'Adaptation; être Autonome Ponctuel Et Organisé; Bonne Connaissance Des Règles De Sécurité Routière
JOB260003597,Responsable qualité,,,CDD,,EIFFAGE DRAINAGE PNR,,,,"Assurer la gestion et le suivi du système de management de la qualité, veiller à la conformité des processus.",Expertise technique dans le domaine; aptitudes relationnelles,Assurer Les Missions De Vérification De La Conformité,non déclaré,"Responsable qualité Assurer la gestion et le suivi du système de management de la qualité, veiller à la conformité des processus. Expertise technique dans le domaine; aptitudes relationnelles Assurer Les Missions De Vérification De La Conformité"
JOB260003598,MECANICIENS,,,CDD,,UNO MOTORS,,,,"Assurer l'entretien, la réparation et la maintenance des véhicules et moteurs.",Connaissances générales des moteurs; connaissances de base de l'électronique des motos; autonome et efficace,Connaissances Techniques,non déclaré,"MECANICIENS Assurer l'entretien, la réparation et la maintenance des véhicules et moteurs. Connaissances générales des moteurs; connaissances de base de l'électronique des motos; autonome et efficace Connaissances Techniques"
JOB260003599,Chauffeur,,,CDD,,TAIHO,,,,Assurer le transport en sécurité des personnes et marchandises au sein de la ville de Brazzaville.,Permis de conduire valide; expérience professionnelle d'au moins 5 ans comme chauffeur; bonne connaissance de la ville de Brazzaville,,non déclaré,Chauffeur Assurer le transport en sécurité des personnes et marchandises au sein de la ville de Brazzaville. Permis de conduire valide; expérience professionnelle d'au moins 5 ans comme chauffeur; bonne connaissance de la ville de Brazzaville
JOB260003600,Controleur Financier,,,CDD,,CREDIT DU CONGO,,,,"Assurer le contrôle et le suivi des opérations financières, produire les états financiers et garantir la conformité réglementaire.","Bac+3/4 en Finance, Comptabilité; expérience d'au moins 5 à 10 ans",Connaitre La Règlementation En Matière Des Finances Au Congo,non déclaré,"Controleur Financier Assurer le contrôle et le suivi des opérations financières, produire les états financiers et garantir la conformité réglementaire. Bac+3/4 en Finance, Comptabilité; expérience d'au moins 5 à 10 ans Connaitre La Règlementation En Matière Des Finances Au Congo"
JOB260003601,Cariste,,,CDI,,AFRIPLAST,,,,"Assurer la conduite d'engins de manutention (chariots élévateurs) pour le chargement, déchargement et déplacement des marchandises dans l'entrepôt.",Age 30 ans minimum; sexe masculin; expérience d'au moins 5 ans; connaissance des engins de manutention,,non déclaré,"Cariste Assurer la conduite d'engins de manutention (chariots élévateurs) pour le chargement, déchargement et déplacement des marchandises dans l'entrepôt. Age 30 ans minimum; sexe masculin; expérience d'au moins 5 ans; connaissance des engins de manutention"
JOB260003602,Directeur Technique H/F,,,CDI,,CONGO TERMINAL,,,,"Diriger et superviser toutes les activités techniques du terminal portuaire, garantir la maintenance et la performance des équipements.","Bac+5 ou diplôme d'ingénieur en maintenance industrielle; expérience d'au moins 10 ans en milieu portuaire ou industriel lourd; maîtrise des équipements portuaires (Portiques, RTG, Grues)",,non déclaré,"Directeur Technique H/F Diriger et superviser toutes les activités techniques du terminal portuaire, garantir la maintenance et la performance des équipements. Bac+5 ou diplôme d'ingénieur en maintenance industrielle; expérience d'au moins 10 ans en milieu portuaire ou industriel lourd; maîtrise des équipements portuaires (Portiques, RTG, Grues)"
JOB260003603,Manœuvre,,,CDI,,AFRIPLAST,,,,Effectuer des travaux de manutention et d'assistance sur les chantiers ou en atelier selon les consignes données.,Age 20 ans minimum; sexe masculin; emploi accessible sans expérience particulière; conditions physiques optimales,Assister Lors De L'installation Et Du Déplacement D'éléments Lourds,non déclaré,Manœuvre Effectuer des travaux de manutention et d'assistance sur les chantiers ou en atelier selon les consignes données. Age 20 ans minimum; sexe masculin; emploi accessible sans expérience particulière; conditions physiques optimales Assister Lors De L'installation Et Du Déplacement D'éléments Lourds
JOB260003604,Directeur de la Conformité et de la Sécurité Financière,,,CDI,,BGFI Bank,,,,"Diriger et coordonner le dispositif de conformité et de sécurité financière de la banque, en lien avec les régulateurs.","Nationalité congolaise; Bac+5 minimum en droit, finance, audit ou conformité; expérience d'au moins 10 ans en banque; tranche d'âge 30 à 50 ans",,non déclaré,"Directeur de la Conformité et de la Sécurité Financière Diriger et coordonner le dispositif de conformité et de sécurité financière de la banque, en lien avec les régulateurs. Nationalité congolaise; Bac+5 minimum en droit, finance, audit ou conformité; expérience d'au moins 10 ans en banque; tranche d'âge 30 à 50 ans"
JOB260003605,Manager Channel Développement SME/SMI,,,CDI,,MTN CONGO,,,,"Développer et gérer les canaux de distribution pour les segments PME/PMI, en déployant des stratégies commerciales adaptées.","Bac+3 minimum en Action Commerciale, Marketing; expérience d'au moins 2 ans; bonne maîtrise de l'anglais",,non déclaré,"Manager Channel Développement SME/SMI Développer et gérer les canaux de distribution pour les segments PME/PMI, en déployant des stratégies commerciales adaptées. Bac+3 minimum en Action Commerciale, Marketing; expérience d'au moins 2 ans; bonne maîtrise de l'anglais"
JOB260003606,Agent Bureautique Méthode,,,CDD,,BRALICO,,,,Assurer la gestion bureautique et le suivi des méthodes de maintenance au sein du département technique.,BAC+3; expérience de 1 à 3 ans minimum; compétences en gestion et tenue d'une analyse fonctionnelle,Veiller Au Respect Du Planning De Maintenance Et Anticiper Les Actions,non déclaré,Agent Bureautique Méthode Assurer la gestion bureautique et le suivi des méthodes de maintenance au sein du département technique. BAC+3; expérience de 1 à 3 ans minimum; compétences en gestion et tenue d'une analyse fonctionnelle Veiller Au Respect Du Planning De Maintenance Et Anticiper Les Actions
JOB260003607,Laborantin,,,CDD,,BRALICO,,,,Effectuer des analyses et contrôles de qualité en laboratoire selon les procédures définies.,BAC+2 en chimie ou biologie agroalimentaire; expérience de 2 ans minimum en laboratoire,Veiller Au Respect Du Planning De Maintenance Et Anticiper Les Actions; Accroissement Des Activités,non déclaré,Laborantin Effectuer des analyses et contrôles de qualité en laboratoire selon les procédures définies. BAC+2 en chimie ou biologie agroalimentaire; expérience de 2 ans minimum en laboratoire Veiller Au Respect Du Planning De Maintenance Et Anticiper Les Actions; Accroissement Des Activités
JOB260003608,Agent Commercial,,,CDD,,BRALICO,,,,Développer les ventes et assurer le suivi commercial auprès des clients et distributeurs.,"BAC+2 en gestion commerciale, marketing; 2 ans minimum en vente et distribution; dynamique, disponible",Accompagner Et Supporter L'équipe D'intervention En Tout Lieux Et Tous Milieux,non déclaré,"Agent Commercial Développer les ventes et assurer le suivi commercial auprès des clients et distributeurs. BAC+2 en gestion commerciale, marketing; 2 ans minimum en vente et distribution; dynamique, disponible Accompagner Et Supporter L'équipe D'intervention En Tout Lieux Et Tous Milieux"
JOB260003609,Cariste,,,CDI,,FRIEDLANDER INDUSTRIE CONGO,,,,Conduire et manœuvrer des chariots élévateurs pour assurer la gestion des marchandises dans l'entrepôt.,BAC+1; conducteur d'engins lourds,Conduire Les Chariots Élévateurs,non déclaré,Cariste Conduire et manœuvrer des chariots élévateurs pour assurer la gestion des marchandises dans l'entrepôt. BAC+1; conducteur d'engins lourds Conduire Les Chariots Élévateurs
JOB260003610,Chargé Bureau Méthode,,,CDD,,BRALICO,,,,Élaborer et optimiser les méthodes de maintenance préventive et curative des équipements de production.,BAC+3; expérience de 5 à 10 ans,Veiller Au Respect Du Planning De Maintenance Et Anticiper Les Actions,non déclaré,Chargé Bureau Méthode Élaborer et optimiser les méthodes de maintenance préventive et curative des équipements de production. BAC+3; expérience de 5 à 10 ans Veiller Au Respect Du Planning De Maintenance Et Anticiper Les Actions
JOB260003611,Agent Relation Client,,,CDD,,BRALICO,,,,"Gérer la relation client, traiter les réclamations et assurer la satisfaction client.",Bac+2/3 en marketing et techniques de communication; 2 ans minimum d'expérience,Veiller Au Respect Du Planning De Maintenance Et Anticiper Les Actions,non déclaré,"Agent Relation Client Gérer la relation client, traiter les réclamations et assurer la satisfaction client. Bac+2/3 en marketing et techniques de communication; 2 ans minimum d'expérience Veiller Au Respect Du Planning De Maintenance Et Anticiper Les Actions"
JOB260003612,Commercial,,,CDD,,BONAF DISTRIBUTION,,,,"Développer le portefeuille clients, assurer la prospection et le suivi commercial.",Méthodes de prospection; techniques commerciales; vente,Analyse de la rentabilité,non déclaré,"Commercial Développer le portefeuille clients, assurer la prospection et le suivi commercial. Méthodes de prospection; techniques commerciales; vente Analyse de la rentabilité"
JOB260003613,Responsable Gestion & Acquisition des Talents,,,CDI,,DANGOTE CEMENT CONGO,,,,Piloter la stratégie d'acquisition et de développement des talents au sein de l'entreprise.,Bac+4/5 en Ressources Humaines; minimum 8 ans d'expérience en RH dont managériale; bilingue français/anglais; maîtrise SAP,,non déclaré,Responsable Gestion & Acquisition des Talents Piloter la stratégie d'acquisition et de développement des talents au sein de l'entreprise. Bac+4/5 en Ressources Humaines; minimum 8 ans d'expérience en RH dont managériale; bilingue français/anglais; maîtrise SAP
JOB260003614,Caissier(e),,,CDD,,MUEZI,,,,"Assurer la gestion des opérations de caisse, les encaissements et la tenue des fonds.",Expérience d'au moins 1 an; bonnes connaissances en gestion de caisse et comptabilité; maîtrise outils informatiques,,non déclaré,"Caissier(e) Assurer la gestion des opérations de caisse, les encaissements et la tenue des fonds. Expérience d'au moins 1 an; bonnes connaissances en gestion de caisse et comptabilité; maîtrise outils informatiques"
JOB260003615,Chargé(e) de la Veille Réglementaire,,,CDD,,L'ARCHER CAPITAL,,,,Assurer la veille réglementaire et identifier les évolutions légales susceptibles d'impacter l'activité.,"Bac+3/4 en Droit, Conformité, Audit; expérience de 3 à 5 ans en conformité; bonne connaissance réglementations COBAC, BEAC",,non déclaré,"Chargé(e) de la Veille Réglementaire Assurer la veille réglementaire et identifier les évolutions légales susceptibles d'impacter l'activité. Bac+3/4 en Droit, Conformité, Audit; expérience de 3 à 5 ans en conformité; bonne connaissance réglementations COBAC, BEAC"
JOB260003616,Chef de Service Juridique,,,CDD,,L'ARCHER CAPITAL,,,,"Diriger le service juridique, assurer la sécurité juridique des opérations et conseiller la direction.","Bac+3/4/5 en Droit (privé, affaires, bancaire); expérience de 3 à 5 ans; bonne connaissance du droit OHADA et réglementations COBAC",,non déclaré,"Chef de Service Juridique Diriger le service juridique, assurer la sécurité juridique des opérations et conseiller la direction. Bac+3/4/5 en Droit (privé, affaires, bancaire); expérience de 3 à 5 ans; bonne connaissance du droit OHADA et réglementations COBAC"
JOB260003617,Agent Commercial,,,CDD,,COLORADO S.A (GRAND LANCASTER),,,,Prospecter et développer les ventes auprès de clients professionnels pour l'hôtel Grand Lancaster.,"Formation en Hôtellerie, Tourisme ou Commerce (BTS à Master); expérience d'au moins 2 ans ou stage en hôtellerie; maîtrise de l'anglais",,non déclaré,"Agent Commercial Prospecter et développer les ventes auprès de clients professionnels pour l'hôtel Grand Lancaster. Formation en Hôtellerie, Tourisme ou Commerce (BTS à Master); expérience d'au moins 2 ans ou stage en hôtellerie; maîtrise de l'anglais"
JOB260003618,Comptable bilingue,,,CDD,,AFRICA TAX AND LEGAL SERVICES,,,,"Assurer la tenue de la comptabilité en français et en anglais, préparer les états financiers et déclarations fiscales.","Diplôme en comptabilité, finance; expérience de 1 à 3 ans; maîtrise des normes comptables",Bonne Connaissances En Comptabilité,non déclaré,"Comptable bilingue Assurer la tenue de la comptabilité en français et en anglais, préparer les états financiers et déclarations fiscales. Diplôme en comptabilité, finance; expérience de 1 à 3 ans; maîtrise des normes comptables Bonne Connaissances En Comptabilité"
JOB260003619,Assistants Supply Chain,,,CDI,,CFAO MOBILITY CONGO,,,,"Assister dans la gestion de la chaîne d'approvisionnement, coordonner les flux de marchandises.",Bac+3 en transport et logistique,Accompagnement au changement des processus,non déclaré,"Assistants Supply Chain Assister dans la gestion de la chaîne d'approvisionnement, coordonner les flux de marchandises. Bac+3 en transport et logistique Accompagnement au changement des processus"
JOB260003620,Chargé(e) de Relation client/Receptionnaire,,,CDI,,CFAO MOBILITY CONGO,,,,"Accueillir les clients, gérer la réception des véhicules et assurer le suivi des dossiers clients.",Bac+3 en relation client; avoir des connaissances en mécanique Auto,Aisance Relationnelle,non déclaré,"Chargé(e) de Relation client/Receptionnaire Accueillir les clients, gérer la réception des véhicules et assurer le suivi des dossiers clients. Bac+3 en relation client; avoir des connaissances en mécanique Auto Aisance Relationnelle"
JOB260003621,Responsable Marketing & Communication,,,CDI,,CFAO MOBILITY CONGO,,,,Définir et mettre en œuvre la stratégie marketing et communication de l'entreprise.,Bac+5 en Marketing & Communication,Veiller Au Respect Du Planning De Maintenance Et Anticiper Les Actions,non déclaré,Responsable Marketing & Communication Définir et mettre en œuvre la stratégie marketing et communication de l'entreprise. Bac+5 en Marketing & Communication Veiller Au Respect Du Planning De Maintenance Et Anticiper Les Actions
JOB260003622,Coordonnateur de Quart,,,CDI,,DANGOTE CEMENT CONGO,,,,"Superviser l'ensemble des opérations de production pendant le quart afin de garantir la continuité, la sécurité et la performance des activités.",Bac+3/4 en discipline technique ou scientifique; 2 à 5 ans d'expérience en environnement industriel; connaissance du procédé cimentier,,non déclaré,"Coordonnateur de Quart Superviser l'ensemble des opérations de production pendant le quart afin de garantir la continuité, la sécurité et la performance des activités. Bac+3/4 en discipline technique ou scientifique; 2 à 5 ans d'expérience en environnement industriel; connaissance du procédé cimentier"
JOB260003623,Superviseur AFR,,,CDI,,DANGOTE CEMENT CONGO,,,,"Superviser les activités liées aux combustibles alternatifs afin d'assurer la performance opérationnelle, la conformité HSE et l'optimisation des coûts énergétiques.",Bac+3 en ingénierie ou équivalent; 2 à 5 ans d'expérience en cimenterie ou industrie lourde; connaissance des combustibles alternatifs et du four,,non déclaré,"Superviseur AFR Superviser les activités liées aux combustibles alternatifs afin d'assurer la performance opérationnelle, la conformité HSE et l'optimisation des coûts énergétiques. Bac+3 en ingénierie ou équivalent; 2 à 5 ans d'expérience en cimenterie ou industrie lourde; connaissance des combustibles alternatifs et du four"
JOB260003624,Superviseur Broyage & Stockage Matières Premières,,,CDI,,DANGOTE CEMENT CONGO,,,,"Superviser les opérations du broyeur à cru et des zones de stockage afin d'assurer une production efficace de la farine crue, la stabilité du four et la qualité du clinker.","Bac+3/4 en Génie de production, Génie des procédés ou équivalent; minimum 5 ans d'expérience en environnement industriel; maîtrise de MS Office et SAP",,non déclaré,"Superviseur Broyage & Stockage Matières Premières Superviser les opérations du broyeur à cru et des zones de stockage afin d'assurer une production efficace de la farine crue, la stabilité du four et la qualité du clinker. Bac+3/4 en Génie de production, Génie des procédés ou équivalent; minimum 5 ans d'expérience en environnement industriel; maîtrise de MS Office et SAP"
JOB260003625,Brand Manager,,,CDI,,BRASCO (BRASSERIES DU CONGO BRASCO),,,,"Mettre en place la stratégie et développer les marques sous sa responsabilité, en termes de volumes de vente, d'image, de rentabilité et de parts de marché.","Bac+3/4 Ecole de Commerce ou Université, filière Gestion Commerciale/Marketing; 35 ans maximum; expérience d'au moins 5 ans en marketing et management des équipes",Accompagnement au changement des processus,non déclaré,"Brand Manager Mettre en place la stratégie et développer les marques sous sa responsabilité, en termes de volumes de vente, d'image, de rentabilité et de parts de marché. Bac+3/4 Ecole de Commerce ou Université, filière Gestion Commerciale/Marketing; 35 ans maximum; expérience d'au moins 5 ans en marketing et management des équipes Accompagnement au changement des processus"
JOB260003626,Responsable Comptes Clients,,,CDD,,EMPLOI SERVICE,,,,"Superviser l'ensemble du processus de facturation et de recouvrement des créances clients, afin d'optimiser la trésorerie et de limiter les risques d'impayés.","Étudiant(e) en Master 1 ou 2 en Droit Fiscal, Comptabilité, ou École de Commerce; connaissance des bases du droit fiscal; bonnes capacités analytiques",,non déclaré,"Responsable Comptes Clients Superviser l'ensemble du processus de facturation et de recouvrement des créances clients, afin d'optimiser la trésorerie et de limiter les risques d'impayés. Étudiant(e) en Master 1 ou 2 en Droit Fiscal, Comptabilité, ou École de Commerce; connaissance des bases du droit fiscal; bonnes capacités analytiques"
JOB260003627,RESPONSABLE MAINTENANCE SECURITE ET SURETE,,,CDI,,2IP( IMMO INVEST PATRIMOINE),,,,"Élaborer et mettre en œuvre la politique de maintenance et de sécurité du patrimoine immobilier, gérer les prestataires et garantir la conformité réglementaire.","Sens de l'organisation et de la rigueur; réactivité, autonomie, polyvalence; capacité à négocier et piloter des prestataires",,non déclaré,"RESPONSABLE MAINTENANCE SECURITE ET SURETE Élaborer et mettre en œuvre la politique de maintenance et de sécurité du patrimoine immobilier, gérer les prestataires et garantir la conformité réglementaire. Sens de l'organisation et de la rigueur; réactivité, autonomie, polyvalence; capacité à négocier et piloter des prestataires"
JOB260003628,Femme de chambre,,,CDD,,COLORADO S.A (GRAND LANCASTER),,,,"Garantir la propreté et le bon entretien des chambres, contribuant ainsi à l'expérience positive des clients.","Formation CAP en hôtellerie (Hébergement) ou expérience en nettoyage; rapidité d'exécution, honnêteté et souci du détail",,non déclaré,"Femme de chambre Garantir la propreté et le bon entretien des chambres, contribuant ainsi à l'expérience positive des clients. Formation CAP en hôtellerie (Hébergement) ou expérience en nettoyage; rapidité d'exécution, honnêteté et souci du détail"
JOB260003629,Commis de cuisine,,,CDD,,COLORADO S.A (GRAND LANCASTER),,,,Participer à la préparation et à la réalisation des plats et assurer le maintien de la propreté de la cuisine.,Formation CAP en hôtellerie (restauration) ou diplôme similaire; 2 ans d'expérience ou stage pratique dans un hôtel 3 à 5 étoiles,,non déclaré,Commis de cuisine Participer à la préparation et à la réalisation des plats et assurer le maintien de la propreté de la cuisine. Formation CAP en hôtellerie (restauration) ou diplôme similaire; 2 ans d'expérience ou stage pratique dans un hôtel 3 à 5 étoiles
JOB260003630,Chauffeur,,,CDD,,COLORADO S.A (GRAND LANCASTER),,,,"Assurer le transport sécurisé et confortable des clients, prendre en charge leurs bagages et assurer les courses de l'hôtel.","Permis de conduire B valide obligatoire; excellentes compétences en communication; ponctualité, courtoisie, discrétion",Bonne Conduite,non déclaré,"Chauffeur Assurer le transport sécurisé et confortable des clients, prendre en charge leurs bagages et assurer les courses de l'hôtel. Permis de conduire B valide obligatoire; excellentes compétences en communication; ponctualité, courtoisie, discrétion Bonne Conduite"
JOB260003631,Plongeur,,,CDD,,COLORADO S.A (GRAND LANCASTER),,,,"Assurer le nettoyage et l'entretien de la vaisselle, des ustensiles, des équipements et des espaces de travail de la cuisine.","Aucun diplôme exigé; bonne condition physique; organisé, rigoureux, et capable de travailler en équipe",,non déclaré,"Plongeur Assurer le nettoyage et l'entretien de la vaisselle, des ustensiles, des équipements et des espaces de travail de la cuisine. Aucun diplôme exigé; bonne condition physique; organisé, rigoureux, et capable de travailler en équipe"
JOB260003632,Électricien,,,CDD,,COLORADO S.A (GRAND LANCASTER),,,,Veiller au bon fonctionnement des installations électriques de l'hôtel et assurer la réparation et la maintenance des équipements électriques.,"Diplôme d'une école spécialisée, BET ou CAP en électricité; stage pratique dans des hôtels 3 à 5 étoiles",,non déclaré,"Électricien Veiller au bon fonctionnement des installations électriques de l'hôtel et assurer la réparation et la maintenance des équipements électriques. Diplôme d'une école spécialisée, BET ou CAP en électricité; stage pratique dans des hôtels 3 à 5 étoiles"
STG260003633,Contrôleur du territoire,,,Stage professionnel,,THANRY CONGO,,,,"Participer aux missions de surveillance du territoire forestier, collecter des données sur la faune et les activités illégales (braconnage, exploitation illicite).","Étudiant(e) de niveau Master 2 en foresterie, écologie, biologie de la conservation; bonne condition physique; intérêt pour les outils numériques (SMART, QGIS)",,non déclaré,"Contrôleur du territoire Participer aux missions de surveillance du territoire forestier, collecter des données sur la faune et les activités illégales (braconnage, exploitation illicite). Étudiant(e) de niveau Master 2 en foresterie, écologie, biologie de la conservation; bonne condition physique; intérêt pour les outils numériques (SMART, QGIS)"
JOB260003634,assistante administrative et commerciale,,,CDD,,Melektramoon,,,,"Assurer l'assistance administrative de la direction, organiser l'agenda, participer à la prospection commerciale auprès des entreprises et institutions.","Diplôme en commerce, gestion, administration ou domaine similaire; maîtriser les outils bureautiques; intérêt pour la prospection commerciale","Avoir Une Bonne Capacité D'adaptation; être Autonome, Ponctuel Et Organisé; Maitrise Des Outils Bureautiques; Bonne Communication Et Aptitudes Relationnelles",non déclaré,"assistante administrative et commerciale Assurer l'assistance administrative de la direction, organiser l'agenda, participer à la prospection commerciale auprès des entreprises et institutions. Diplôme en commerce, gestion, administration ou domaine similaire; maîtriser les outils bureautiques; intérêt pour la prospection commerciale Avoir Une Bonne Capacité D'adaptation; être Autonome, Ponctuel Et Organisé; Maitrise Des Outils Bureautiques; Bonne Communication Et Aptitudes Relationnelles"
JOB260003635,assistante administrative et commerciale,,,CDD,,Melektramoon,,,,"Assurer l'assistance administrative de la direction, organiser l'agenda, participer à la prospection commerciale auprès des entreprises et institutions.","Diplôme en commerce, gestion, administration ou domaine similaire; maîtriser les outils bureautiques; intérêt pour la prospection commerciale","Avoir Une Bonne Capacité D'adaptation; être Autonome, Ponctuel Et Organisé; Maitrise Des Outils Bureautiques; Bonne Communication Et Aptitudes Relationnelles",non déclaré,"assistante administrative et commerciale Assurer l'assistance administrative de la direction, organiser l'agenda, participer à la prospection commerciale auprès des entreprises et institutions. Diplôme en commerce, gestion, administration ou domaine similaire; maîtriser les outils bureautiques; intérêt pour la prospection commerciale Avoir Une Bonne Capacité D'adaptation; être Autonome, Ponctuel Et Organisé; Maitrise Des Outils Bureautiques; Bonne Communication Et Aptitudes Relationnelles"
JOB260003636,Commis de restaurant,,,CDD,,COLORADO S.A (GRAND LANCASTER),,,,"Assurer la mise en place, le nettoyage de la salle et le dressage des couverts. Assurer la liaison entre la salle et la cuisine.",Formation CAP en restauration ou autre diplôme hôtelier; 2 ans d'expérience ou stage dans un hôtel 3 à 5 étoiles; bonne présentation,,non déclaré,"Commis de restaurant Assurer la mise en place, le nettoyage de la salle et le dressage des couverts. Assurer la liaison entre la salle et la cuisine. Formation CAP en restauration ou autre diplôme hôtelier; 2 ans d'expérience ou stage dans un hôtel 3 à 5 étoiles; bonne présentation"
JOB260003637,Chargé(e) Conformité et Déontologie,,,CDI,,BANQUE COMMERCIALE INTERNATIONALE (BCI),,,,"Prévenir et gérer les risques de non-conformité, en veillant au respect des exigences réglementaires, légales et internes, notamment en matière de sécurité financière, d'éthique et de protection des données.","Bac+4/5 en droit, audit, finance, gestion ou équivalent; expérience dans un poste similaire en milieu bancaire; bonne connaissance de la réglementation bancaire et financière",,non déclaré,"Chargé(e) Conformité et Déontologie Prévenir et gérer les risques de non-conformité, en veillant au respect des exigences réglementaires, légales et internes, notamment en matière de sécurité financière, d'éthique et de protection des données. Bac+4/5 en droit, audit, finance, gestion ou équivalent; expérience dans un poste similaire en milieu bancaire; bonne connaissance de la réglementation bancaire et financière"
JOB260003638,Comptable Fournisseur & Immobilisations,,,CDD,,LCB Bank,,,,"Assurer la tenue et le suivi de la comptabilité fournisseurs et des immobilisations, dans le respect des normes comptables, fiscales et réglementaires applicables au secteur bancaire.","Bac+3/4 en Comptabilité, Finance ou Gestion; expérience de 2 à 3 ans minimum; bonne maîtrise de la comptabilité OHADA et bancaire",Connaissances En Droit Des Obligations Et Fiscalité; Bonne Connaissances En Comptabilité,non déclaré,"Comptable Fournisseur & Immobilisations Assurer la tenue et le suivi de la comptabilité fournisseurs et des immobilisations, dans le respect des normes comptables, fiscales et réglementaires applicables au secteur bancaire. Bac+3/4 en Comptabilité, Finance ou Gestion; expérience de 2 à 3 ans minimum; bonne maîtrise de la comptabilité OHADA et bancaire Connaissances En Droit Des Obligations Et Fiscalité; Bonne Connaissances En Comptabilité"
JOB260003639,Comptable,,,CDD,,CAR'ENT SOLUTIONS,,,,"Assurer la tenue de la comptabilité générale et analytique, établir les déclarations fiscales et sociales, préparer les états financiers.","Licence minimum en Comptabilité, Finance ou Gestion; expérience de 2 à 5 ans; bonne maîtrise du SYSCOHADA",,non déclaré,"Comptable Assurer la tenue de la comptabilité générale et analytique, établir les déclarations fiscales et sociales, préparer les états financiers. Licence minimum en Comptabilité, Finance ou Gestion; expérience de 2 à 5 ans; bonne maîtrise du SYSCOHADA"
